# Blender 4.5.5 LTS
# www.blender.org
o Sphere
v -0.000000 1.826144 0.548476
v -0.000000 1.552012 0.820853
v -0.000000 1.193841 0.968262
v -0.000000 1.000000 0.987231
v -0.000000 0.806159 0.968262
v -0.000000 0.447988 0.820853
v -0.038970 1.973792 0.195917
v -0.073705 1.917962 0.370538
v -0.107002 1.826144 0.537938
v -0.136188 1.702578 0.684665
v -0.160140 1.552012 0.805080
v -0.177939 1.380232 0.894557
v -0.188899 1.193841 0.949657
v -0.192599 1.000000 0.968262
v -0.188899 0.806159 0.949657
v -0.177939 0.619768 0.894557
v -0.160140 0.447988 0.805080
v -0.136188 0.297422 0.684664
v -0.107002 0.173856 0.537937
v -0.073705 0.082038 0.370538
v -0.038970 0.026208 0.195917
v -0.076443 1.973792 0.184550
v -0.144577 1.917962 0.349039
v -0.209893 1.826144 0.506726
v -0.267143 1.702578 0.644940
v -0.314127 1.552012 0.758369
v -0.349039 1.380232 0.842655
v -0.370538 1.193841 0.894557
v -0.377797 1.000000 0.912083
v -0.370538 0.806159 0.894557
v -0.349039 0.619768 0.842655
v -0.314127 0.447988 0.758369
v -0.267143 0.297422 0.644940
v -0.209893 0.173856 0.506726
v -0.144577 0.082038 0.349039
v -0.076443 0.026208 0.184550
v -0.110978 1.973792 0.166091
v -0.209893 1.917962 0.314127
v -0.304717 1.826144 0.456041
v -0.387831 1.702578 0.580431
v -0.456041 1.552012 0.682514
v -0.506726 1.380232 0.758369
v -0.537937 1.193841 0.805080
v -0.548476 1.000000 0.820853
v -0.537937 0.806159 0.805080
v -0.506726 0.619768 0.758369
v -0.456041 0.447988 0.682514
v -0.387831 0.297422 0.580431
v -0.304717 0.173856 0.456041
v -0.209893 0.082038 0.314127
v -0.110978 0.026208 0.166091
v -0.141248 1.973792 0.141248
v -0.267143 1.917962 0.267143
v -0.387831 1.826144 0.387831
v -0.493616 1.702578 0.493616
v -0.580431 1.552012 0.580431
v -0.644940 1.380232 0.644940
v -0.684665 1.193841 0.684664
v -0.698078 1.000000 0.698078
v -0.684665 0.806159 0.684664
v -0.644940 0.619768 0.644940
v -0.580431 0.447988 0.580431
v -0.493616 0.297422 0.493616
v -0.387831 0.173856 0.387831
v -0.267143 0.082038 0.267143
v -0.141248 0.026208 0.141248
v -0.166091 1.973792 0.110978
v -0.314127 1.917962 0.209893
v -0.456041 1.826144 0.304717
v -0.580431 1.702578 0.387831
v -0.682514 1.552012 0.456041
v -0.758369 1.380232 0.506726
v -0.805080 1.193841 0.537937
v -0.820853 1.000000 0.548476
v -0.805080 0.806159 0.537937
v -0.758369 0.619768 0.506726
v -0.682514 0.447988 0.456041
v -0.580431 0.297422 0.387831
v -0.456041 0.173856 0.304717
v -0.314127 0.082038 0.209893
v -0.166091 0.026208 0.110978
v -0.000000 1.997577 -0.000000
v -0.184550 1.973792 0.076443
v -0.349039 1.917962 0.144577
v -0.506726 1.826144 0.209893
v -0.644940 1.702578 0.267143
v -0.758369 1.552012 0.314127
v -0.842654 1.380232 0.349039
v -0.894557 1.193841 0.370538
v -0.912083 1.000000 0.377797
v -0.894557 0.806159 0.370538
v -0.842654 0.619768 0.349039
v -0.758369 0.447988 0.314127
v -0.644940 0.297422 0.267143
v -0.506726 0.173856 0.209893
v -0.349039 0.082038 0.144577
v -0.184550 0.026208 0.076443
v -0.195917 1.973792 0.038970
v -0.370538 1.917962 0.073705
v -0.537937 1.826144 0.107002
v -0.684664 1.702578 0.136188
v -0.805080 1.552012 0.160140
v -0.894557 1.380232 0.177939
v -0.949657 1.193841 0.188898
v -0.968262 1.000000 0.192599
v -0.949657 0.806159 0.188898
v -0.894557 0.619768 0.177938
v -0.805080 0.447988 0.160140
v -0.684664 0.297422 0.136188
v -0.537937 0.173856 0.107002
v -0.370538 0.082038 0.073705
v -0.195917 0.026208 0.038970
v -0.199755 1.973792 -0.000000
v -0.377797 1.917962 -0.000000
v -0.548476 1.826144 -0.000000
v -0.698078 1.702578 -0.000000
v -0.820853 1.552012 -0.000000
v -0.912083 1.380232 0.000000
v -0.968262 1.193841 -0.000000
v -0.987231 1.000000 -0.000000
v -0.968262 0.806159 -0.000000
v -0.912083 0.619768 0.000000
v -0.820853 0.447988 -0.000000
v -0.698078 0.297422 -0.000000
v -0.548476 0.173856 -0.000000
v -0.377797 0.082038 -0.000000
v -0.199755 0.026208 -0.000000
v -0.195917 1.973792 -0.038970
v -0.370538 1.917962 -0.073705
v -0.537937 1.826144 -0.107002
v -0.684664 1.702578 -0.136188
v -0.805080 1.552012 -0.160140
v -0.894557 1.380232 -0.177939
v -0.949657 1.193841 -0.188899
v -0.968262 1.000000 -0.192599
v -0.949657 0.806159 -0.188899
v -0.894557 0.619768 -0.177939
v -0.805080 0.447988 -0.160140
v -0.684664 0.297422 -0.136188
v -0.537937 0.173856 -0.107002
v -0.370538 0.082038 -0.073705
v -0.195917 0.026208 -0.038970
v -0.184550 1.973792 -0.076443
v -0.349039 1.917962 -0.144577
v -0.506726 1.826144 -0.209893
v -0.644940 1.702578 -0.267143
v -0.758369 1.552012 -0.314127
v -0.842654 1.380232 -0.349039
v -0.894557 1.193841 -0.370538
v -0.912082 1.000000 -0.377797
v -0.894557 0.806159 -0.370538
v -0.842654 0.619768 -0.349039
v -0.758369 0.447988 -0.314127
v -0.644940 0.297422 -0.267143
v -0.506726 0.173856 -0.209893
v -0.349039 0.082038 -0.144577
v -0.184550 0.026208 -0.076443
v -0.166090 1.973792 -0.110978
v -0.314127 1.917962 -0.209893
v -0.456041 1.826144 -0.304717
v -0.580431 1.702578 -0.387831
v -0.682514 1.552012 -0.456041
v -0.758369 1.380232 -0.506726
v -0.805080 1.193841 -0.537937
v -0.820852 1.000000 -0.548476
v -0.805080 0.806159 -0.537937
v -0.758369 0.619768 -0.506726
v -0.682514 0.447988 -0.456041
v -0.580430 0.297422 -0.387831
v -0.456041 0.173856 -0.304717
v -0.314127 0.082038 -0.209893
v -0.166090 0.026208 -0.110978
v -0.141248 1.973792 -0.141248
v -0.267143 1.917962 -0.267143
v -0.387831 1.826144 -0.387831
v -0.493616 1.702578 -0.493616
v -0.580430 1.552012 -0.580430
v -0.644940 1.380232 -0.644940
v -0.684664 1.193841 -0.684664
v -0.698077 1.000000 -0.698078
v -0.684664 0.806159 -0.684664
v -0.644940 0.619768 -0.644940
v -0.580430 0.447988 -0.580430
v -0.493616 0.297422 -0.493616
v -0.387831 0.173856 -0.387831
v -0.267143 0.082038 -0.267143
v -0.141248 0.026208 -0.141248
v -0.110978 1.973792 -0.166090
v -0.209893 1.917962 -0.314127
v -0.304717 1.826144 -0.456041
v -0.387831 1.702578 -0.580430
v -0.456041 1.552012 -0.682514
v -0.506726 1.380232 -0.758369
v -0.537937 1.193841 -0.805080
v -0.548476 1.000000 -0.820853
v -0.537937 0.806159 -0.805080
v -0.506726 0.619768 -0.758369
v -0.456041 0.447988 -0.682514
v -0.387831 0.297422 -0.580430
v -0.304717 0.173856 -0.456041
v -0.209893 0.082038 -0.314127
v -0.110978 0.026208 -0.166091
v -0.076443 1.973792 -0.184550
v -0.144577 1.917962 -0.349039
v -0.209893 1.826144 -0.506726
v -0.267143 1.702578 -0.644940
v -0.314127 1.552012 -0.758369
v -0.349039 1.380232 -0.842654
v -0.370538 1.193841 -0.894557
v -0.377797 1.000000 -0.912082
v -0.370538 0.806159 -0.894557
v -0.349039 0.619768 -0.842654
v -0.314127 0.447988 -0.758369
v -0.267143 0.297422 -0.644940
v -0.209893 0.173856 -0.506726
v -0.144577 0.082038 -0.349039
v -0.076443 0.026208 -0.184550
v -0.038970 1.973792 -0.195917
v -0.073704 1.917962 -0.370538
v -0.107002 1.826144 -0.537937
v -0.136188 1.702578 -0.684664
v -0.160140 1.552012 -0.805080
v -0.177938 1.380232 -0.894557
v -0.188898 1.193841 -0.949657
v -0.192599 1.000000 -0.968261
v -0.188898 0.806159 -0.949657
v -0.177938 0.619768 -0.894557
v -0.160140 0.447988 -0.805080
v -0.136188 0.297422 -0.684664
v -0.107002 0.173856 -0.537937
v -0.073704 0.082038 -0.370538
v -0.038970 0.026208 -0.195917
v 0.000000 1.973792 -0.199755
v 0.000000 1.917962 -0.377797
v 0.000000 1.826144 -0.548476
v 0.000000 1.702578 -0.698078
v 0.000000 1.552012 -0.820853
v 0.000000 1.380232 -0.912082
v 0.000000 1.193841 -0.968262
v 0.000000 1.000000 -0.987231
v 0.000000 0.806159 -0.968262
v 0.000000 0.619768 -0.912082
v 0.000000 0.447988 -0.820853
v 0.000000 0.297422 -0.698078
v 0.000000 0.173856 -0.548476
v 0.000000 0.082038 -0.377797
v 0.000000 0.026208 -0.199755
v 0.038970 1.973792 -0.195917
v 0.073705 1.917962 -0.370538
v 0.107002 1.826144 -0.537937
v 0.136188 1.702578 -0.684664
v 0.160140 1.552012 -0.805080
v 0.177938 1.380232 -0.894557
v 0.188899 1.193841 -0.949657
v 0.192599 1.000000 -0.968261
v 0.188899 0.806159 -0.949657
v 0.177938 0.619768 -0.894557
v 0.160140 0.447988 -0.805080
v 0.136188 0.297422 -0.684664
v 0.107002 0.173856 -0.537937
v 0.073705 0.082038 -0.370538
v 0.038970 0.026208 -0.195917
v 0.076443 1.973792 -0.184550
v 0.144577 1.917962 -0.349039
v 0.209893 1.826144 -0.506726
v 0.267143 1.702578 -0.644940
v 0.314127 1.552012 -0.758369
v 0.349039 1.380232 -0.842654
v 0.370538 1.193841 -0.894557
v 0.377797 1.000000 -0.912082
v 0.370538 0.806159 -0.894557
v 0.349039 0.619768 -0.842654
v 0.314127 0.447988 -0.758369
v 0.267143 0.297422 -0.644940
v 0.209893 0.173856 -0.506726
v 0.144577 0.082038 -0.349039
v 0.076443 0.026208 -0.184550
v 0.110978 1.973792 -0.166090
v 0.209893 1.917962 -0.314127
v 0.304717 1.826144 -0.456041
v 0.387831 1.702578 -0.580430
v 0.456041 1.552012 -0.682514
v 0.506726 1.380232 -0.758369
v 0.537937 1.193841 -0.805080
v 0.548476 1.000000 -0.820852
v 0.537937 0.806159 -0.805080
v 0.506726 0.619768 -0.758369
v 0.456041 0.447988 -0.682514
v 0.387831 0.297422 -0.580430
v 0.304717 0.173856 -0.456041
v 0.209893 0.082038 -0.314127
v 0.110978 0.026208 -0.166090
v 0.141248 1.973792 -0.141248
v 0.267143 1.917962 -0.267143
v 0.387831 1.826144 -0.387831
v 0.493615 1.702578 -0.493615
v 0.580430 1.552012 -0.580430
v 0.644940 1.380232 -0.644940
v 0.684664 1.193841 -0.684664
v 0.698078 1.000000 -0.698077
v 0.684664 0.806159 -0.684664
v 0.644940 0.619768 -0.644940
v 0.580430 0.447988 -0.580430
v 0.493616 0.297422 -0.493615
v 0.387831 0.173856 -0.387831
v 0.267143 0.082038 -0.267143
v 0.141248 0.026208 -0.141248
v -0.000000 0.002423 -0.000000
v 0.166090 1.973792 -0.110978
v 0.314127 1.917962 -0.209893
v 0.456041 1.826144 -0.304717
v 0.580430 1.702578 -0.387831
v 0.682514 1.552012 -0.456041
v 0.758369 1.380232 -0.506726
v 0.805080 1.193841 -0.537937
v 0.820852 1.000000 -0.548476
v 0.805080 0.806159 -0.537937
v 0.758369 0.619768 -0.506726
v 0.682514 0.447988 -0.456041
v 0.580430 0.297422 -0.387831
v 0.456041 0.173856 -0.304717
v 0.314127 0.082038 -0.209893
v 0.166090 0.026208 -0.110978
v 0.184550 1.973792 -0.076443
v 0.349039 1.917962 -0.144577
v 0.506726 1.826144 -0.209893
v 0.644940 1.702578 -0.267143
v 0.758369 1.552012 -0.314126
v 0.842654 1.380232 -0.349039
v 0.894557 1.193841 -0.370537
v 0.912082 1.000000 -0.377796
v 0.894557 0.806159 -0.370537
v 0.842654 0.619768 -0.349039
v 0.758369 0.447988 -0.314127
v 0.644940 0.297422 -0.267143
v 0.506726 0.173856 -0.209893
v 0.349039 0.082038 -0.144577
v 0.184550 0.026208 -0.076443
v 0.195917 1.973792 -0.038970
v 0.370538 1.917962 -0.073704
v 0.537937 1.826144 -0.107002
v 0.684664 1.702578 -0.136188
v 0.805080 1.552012 -0.160140
v 0.894557 1.380232 -0.177938
v 0.949657 1.193841 -0.188898
v 0.968261 1.000000 -0.192599
v 0.949657 0.806159 -0.188898
v 0.894557 0.619768 -0.177938
v 0.805080 0.447988 -0.160140
v 0.684664 0.297422 -0.136188
v 0.537937 0.173856 -0.107002
v 0.370538 0.082038 -0.073704
v 0.195917 0.026208 -0.038970
v 0.199755 1.973792 0.000000
v 0.377797 1.917962 0.000000
v 0.548476 1.826144 0.000000
v 0.698078 1.702578 0.000000
v 0.820852 1.552012 0.000000
v 0.912082 1.380232 0.000000
v 0.968261 1.193841 0.000000
v 0.987231 1.000000 0.000000
v 0.968261 0.806159 0.000000
v 0.912082 0.619768 0.000000
v 0.820852 0.447988 0.000000
v 0.698078 0.297422 0.000000
v 0.548476 0.173856 0.000000
v 0.377797 0.082038 0.000000
v 0.199755 0.026208 0.000000
v 0.195917 1.973792 0.038970
v 0.370538 1.917962 0.073705
v 0.537937 1.826144 0.107002
v 0.684664 1.702578 0.136188
v 0.805080 1.552012 0.160140
v 0.894557 1.380232 0.177939
v 0.949656 1.193841 0.188899
v 0.968261 1.000000 0.192600
v 0.949656 0.806159 0.188899
v 0.894557 0.619768 0.177938
v 0.805080 0.447988 0.160140
v 0.684664 0.297422 0.136188
v 0.537937 0.173856 0.107002
v 0.370538 0.082038 0.073705
v 0.195917 0.026208 0.038970
v 0.184550 1.973792 0.076443
v 0.349039 1.917962 0.144577
v 0.506726 1.826144 0.209893
v 0.644940 1.702578 0.267143
v 0.758369 1.552012 0.314127
v 0.842654 1.380232 0.349039
v 0.894557 1.193841 0.370538
v 0.912082 1.000000 0.377797
v 0.894557 0.806159 0.370538
v 0.842654 0.619768 0.349039
v 0.758369 0.447988 0.314127
v 0.644940 0.297422 0.267143
v 0.506726 0.173856 0.209893
v 0.349039 0.082038 0.144577
v 0.184550 0.026208 0.076443
v 0.166090 1.973792 0.110978
v 0.314127 1.917962 0.209893
v 0.456041 1.826144 0.304717
v 0.580430 1.702578 0.387831
v 0.682514 1.552012 0.456041
v 0.758369 1.380232 0.506726
v 0.805080 1.193841 0.537937
v 0.820852 1.000000 0.548476
v 0.805080 0.806159 0.537937
v 0.758369 0.619768 0.506726
v 0.682514 0.447988 0.456041
v 0.580430 0.297422 0.387831
v 0.456041 0.173856 0.304717
v 0.314126 0.082038 0.209893
v 0.166090 0.026208 0.110978
v 0.141248 1.973792 0.141248
v 0.267143 1.917962 0.267143
v 0.387831 1.826144 0.387831
v 0.493615 1.702578 0.493615
v 0.580430 1.552012 0.580430
v 0.644939 1.380232 0.644940
v 0.684664 1.193841 0.684664
v 0.698077 1.000000 0.698078
v 0.684664 0.806159 0.684664
v 0.644939 0.619768 0.644940
v 0.580430 0.447988 0.580430
v 0.493615 0.297422 0.493615
v 0.387831 0.173856 0.387831
v 0.267143 0.082038 0.267143
v 0.141248 0.026208 0.141248
v 0.110978 1.973792 0.166090
v 0.209893 1.917962 0.314127
v 0.304717 1.826144 0.456041
v 0.387831 1.702578 0.580430
v 0.456041 1.552012 0.682514
v 0.506726 1.380232 0.758369
v 0.537937 1.193841 0.805080
v 0.548475 1.000000 0.820852
v 0.537937 0.806159 0.805080
v 0.506726 0.619768 0.758369
v 0.456041 0.447988 0.682514
v 0.387831 0.297422 0.580430
v 0.304717 0.173856 0.456041
v 0.209893 0.082038 0.314127
v 0.110978 0.026208 0.166090
v 0.076443 1.973792 0.184550
v 0.144577 1.917962 0.349039
v 0.209892 1.826144 0.506726
v 0.267143 1.702578 0.644940
v 0.314126 1.552012 0.758369
v 0.349039 1.380232 0.842654
v 0.370537 1.193841 0.894557
v 0.377796 1.000000 0.912082
v 0.370537 0.806159 0.894557
v 0.349039 0.619768 0.842654
v 0.314126 0.447988 0.758369
v 0.267143 0.297422 0.644940
v 0.209892 0.173856 0.506726
v 0.144576 0.082038 0.349039
v 0.076443 0.026208 0.184550
v 0.038970 1.973792 0.195917
v 0.073704 1.917962 0.370538
v 0.107002 1.826144 0.537937
v 0.136188 1.702578 0.684664
v 0.160140 1.552012 0.805080
v 0.177938 1.380232 0.894557
v 0.188898 1.193841 0.949656
v 0.192599 1.000000 0.968261
v 0.188898 0.806159 0.949656
v 0.177938 0.619768 0.894557
v 0.160140 0.447988 0.805080
v 0.136188 0.297422 0.684664
v 0.107002 0.173856 0.537937
v 0.073704 0.082038 0.370538
v 0.038970 0.026208 0.195917
v -0.000000 1.973792 0.199755
v -0.000000 1.917962 0.377797
v -0.000000 1.702578 0.698078
v -0.000000 1.380232 0.912082
v -0.000000 0.619768 0.912082
v -0.000000 0.297422 0.698078
v -0.000000 0.173856 0.548476
v -0.000000 0.082038 0.377797
v -0.000000 0.026208 0.199755
v -0.000000 1.145791 0.976544
v -0.000000 1.097389 0.982473
v -0.000000 1.048753 0.986040
v -0.000000 0.951247 0.986040
v -0.000000 0.902611 0.982474
v -0.000000 0.854209 0.976544
v -0.047387 1.963516 0.238229
v -0.056083 1.950719 0.281948
v -0.064906 1.935500 0.326307
v -0.082347 1.898197 0.413984
v -0.090790 1.876269 0.456434
v -0.099016 1.852233 0.497785
v -0.114731 1.798061 0.576791
v -0.122183 1.768056 0.614256
v -0.129342 1.736204 0.650244
v -0.142706 1.667256 0.717433
v -0.148881 1.630328 0.748474
v -0.154697 1.591882 0.777714
v -0.165198 1.510809 0.830504
v -0.169857 1.468376 0.853927
v -0.174107 1.424816 0.875296
v -0.181340 1.334732 0.911659
v -0.184305 1.288424 0.926565
v -0.186827 1.241423 0.939242
v -0.190514 1.145791 0.957780
v -0.191671 1.097389 0.963596
v -0.192367 1.048753 0.967093
v -0.192367 0.951247 0.967093
v -0.191671 0.902611 0.963596
v -0.190514 0.854209 0.957780
v -0.186827 0.758577 0.939242
v -0.184305 0.711576 0.926565
v -0.181340 0.665268 0.911659
v -0.174107 0.575184 0.875297
v -0.169857 0.531624 0.853927
v -0.165198 0.489191 0.830504
v -0.154697 0.408118 0.777714
v -0.148881 0.369672 0.748474
v -0.142706 0.332744 0.717433
v -0.129342 0.263796 0.650244
v -0.122183 0.231944 0.614256
v -0.114731 0.201939 0.576791
v -0.099016 0.147767 0.497785
v -0.090790 0.123731 0.456434
v -0.082347 0.101802 0.413984
v -0.064906 0.064500 0.326307
v -0.056083 0.049281 0.281948
v -0.047387 0.036484 0.238229
v -0.142073 1.193841 0.957780
v -0.094906 1.193841 0.963596
v -0.047510 1.193841 0.967093
v -0.144857 1.000000 0.976544
v -0.096765 1.000000 0.982474
v -0.048441 1.000000 0.986040
v -0.142073 0.806159 0.957780
v -0.094906 0.806159 0.963596
v -0.047510 0.806159 0.967093
v -0.080478 1.826144 0.542539
v -0.053760 1.826144 0.545833
v -0.026912 1.826144 0.547814
v -0.120444 0.447988 0.811966
v -0.080457 0.447988 0.816897
v -0.040277 0.447988 0.819862
v -0.120444 1.552012 0.811966
v -0.080457 1.552012 0.816897
v -0.040277 1.552012 0.819862
v -0.092952 1.963516 0.224407
v -0.110011 1.950719 0.265589
v -0.127319 1.935500 0.307374
v -0.161529 1.898197 0.389965
v -0.178092 1.876269 0.429951
v -0.194226 1.852233 0.468903
v -0.225053 1.798061 0.543326
v -0.239671 1.768056 0.578617
v -0.253713 1.736204 0.612516
v -0.279928 1.667256 0.675807
v -0.292040 1.630328 0.705047
v -0.303449 1.591882 0.732590
v -0.324047 1.510809 0.782318
v -0.333186 1.468376 0.804382
v -0.341524 1.424816 0.824511
v -0.355712 1.334732 0.858764
v -0.361528 1.288424 0.872805
v -0.366474 1.241423 0.884747
v -0.373707 1.145791 0.902209
v -0.375976 1.097389 0.907687
v -0.377341 1.048753 0.910982
v -0.377341 0.951247 0.910982
v -0.375976 0.902611 0.907687
v -0.373707 0.854209 0.902209
v -0.366474 0.758577 0.884747
v -0.361528 0.711576 0.872805
v -0.355712 0.665268 0.858764
v -0.341524 0.575184 0.824511
v -0.333186 0.531624 0.804382
v -0.324047 0.489191 0.782318
v -0.303449 0.408118 0.732590
v -0.292040 0.369672 0.705047
v -0.279928 0.332744 0.675807
v -0.253713 0.263796 0.612516
v -0.239671 0.231944 0.578617
v -0.225053 0.201939 0.543326
v -0.194226 0.147767 0.468903
v -0.178092 0.123731 0.429951
v -0.161529 0.101802 0.389965
v -0.127319 0.064500 0.307374
v -0.110011 0.049281 0.265589
v -0.092952 0.036484 0.224407
v -0.184776 0.173856 0.516413
v -0.159214 0.173856 0.524857
v -0.133268 0.173856 0.532038
v -0.169619 0.297422 0.677156
v -0.202641 0.297422 0.668016
v -0.235175 0.297422 0.657270
v -0.307271 1.380232 0.858764
v -0.264763 1.380232 0.872805
v -0.221617 1.380232 0.884747
v -0.199450 1.552012 0.796251
v -0.238280 1.552012 0.785504
v -0.276537 1.552012 0.772867
v -0.127276 0.082038 0.355712
v -0.109668 0.082038 0.361528
v -0.091797 0.082038 0.366474
v -0.326197 1.193841 0.911659
v -0.281071 1.193841 0.926565
v -0.235268 1.193841 0.939242
v -0.067497 0.026297 0.188970
v -0.058513 0.026386 0.192890
v -0.048864 0.026297 0.194622
v -0.332588 1.000000 0.929519
v -0.286577 1.000000 0.944718
v -0.239877 1.000000 0.957643
v -0.067497 1.973703 0.188970
v -0.058513 1.973614 0.192890
v -0.048864 1.973703 0.194622
v -0.326197 0.806159 0.911659
v -0.281071 0.806159 0.926565
v -0.235268 0.806159 0.939242
v -0.127276 1.917962 0.355712
v -0.109668 1.917962 0.361528
v -0.091797 1.917962 0.366474
v -0.307271 0.619768 0.858764
v -0.264763 0.619768 0.872805
v -0.221617 0.619768 0.884747
v -0.184776 1.826144 0.516413
v -0.159214 1.826144 0.524857
v -0.133268 1.826144 0.532038
v -0.276537 0.447988 0.772867
v -0.238280 0.447988 0.785504
v -0.199450 0.447988 0.796251
v -0.235175 1.702578 0.657270
v -0.202641 1.702578 0.668016
v -0.169619 1.702578 0.677156
v -0.134946 1.963516 0.201961
v -0.159711 1.950719 0.239024
v -0.184838 1.935500 0.276630
v -0.234503 1.898197 0.350959
v -0.258549 1.876269 0.386946
v -0.281973 1.852233 0.422002
v -0.326726 1.798061 0.488980
v -0.347948 1.768056 0.520741
v -0.368333 1.736204 0.551250
v -0.406393 1.667256 0.608210
v -0.423976 1.630328 0.634525
v -0.440539 1.591882 0.659314
v -0.470443 1.510809 0.704067
v -0.483711 1.468376 0.723925
v -0.495816 1.424816 0.742041
v -0.516413 1.334732 0.772867
v -0.524857 1.288424 0.785504
v -0.532038 1.241423 0.796251
v -0.542539 1.145791 0.811966
v -0.545833 1.097389 0.816897
v -0.547814 1.048753 0.819862
v -0.547814 0.951247 0.819862
v -0.545833 0.902611 0.816897
v -0.542539 0.854209 0.811966
v -0.532038 0.758577 0.796251
v -0.524857 0.711576 0.785504
v -0.516413 0.665268 0.772867
v -0.495816 0.575184 0.742041
v -0.483711 0.531624 0.723925
v -0.470443 0.489191 0.704067
v -0.440539 0.408118 0.659314
v -0.423976 0.369672 0.634525
v -0.406393 0.332744 0.608210
v -0.368333 0.263796 0.551250
v -0.347948 0.231944 0.520741
v -0.326726 0.201939 0.488980
v -0.281973 0.147767 0.422002
v -0.258549 0.123731 0.386946
v -0.234503 0.101802 0.350959
v -0.184838 0.064500 0.276630
v -0.159711 0.049281 0.239024
v -0.134946 0.036484 0.201961
v -0.194226 1.917962 0.324047
v -0.178092 1.917962 0.333186
v -0.161529 1.917962 0.341524
v -0.085894 1.973703 0.181349
v -0.095019 1.973614 0.177769
v -0.103066 1.973703 0.172171
v -0.468903 0.619768 0.782318
v -0.429951 0.619768 0.804382
v -0.389965 0.619768 0.824511
v -0.413984 0.806159 0.875297
v -0.456434 0.806159 0.853927
v -0.497785 0.806159 0.830504
v -0.281973 1.826144 0.470443
v -0.258549 1.826144 0.483711
v -0.234503 1.826144 0.495816
v -0.422002 0.447988 0.704067
v -0.386946 0.447988 0.723925
v -0.350959 0.447988 0.742041
v -0.358883 1.702578 0.598760
v -0.329070 1.702578 0.615647
v -0.298466 1.702578 0.631054
v -0.358883 0.297422 0.598760
v -0.329070 0.297422 0.615647
v -0.298466 0.297422 0.631054
v -0.422002 1.552012 0.704067
v -0.386946 1.552012 0.723925
v -0.350959 1.552012 0.742041
v -0.281973 0.173856 0.470443
v -0.258549 0.173856 0.483711
v -0.234503 0.173856 0.495816
v -0.468903 1.380232 0.782318
v -0.429951 1.380232 0.804382
v -0.389965 1.380232 0.824511
v -0.194226 0.082038 0.324047
v -0.178092 0.082038 0.333186
v -0.161529 0.082038 0.341524
v -0.497785 1.193841 0.830504
v -0.456434 1.193841 0.853927
v -0.413984 1.193841 0.875297
v -0.103066 0.026297 0.172171
v -0.095019 0.026386 0.177769
v -0.085894 0.026297 0.181349
v -0.507537 1.000000 0.846774
v -0.465376 1.000000 0.870657
v -0.422095 1.000000 0.892444
v -0.171753 1.963516 0.171753
v -0.203273 1.950719 0.203273
v -0.235254 1.935500 0.235254
v -0.298466 1.898197 0.298466
v -0.329070 1.876269 0.329070
v -0.358883 1.852233 0.358883
v -0.415843 1.798061 0.415843
v -0.442854 1.768056 0.442854
v -0.468800 1.736204 0.468799
v -0.517240 1.667256 0.517240
v -0.539619 1.630328 0.539619
v -0.560700 1.591882 0.560700
v -0.598760 1.510809 0.598760
v -0.615647 1.468376 0.615647
v -0.631054 1.424816 0.631054
v -0.657270 1.334732 0.657270
v -0.668016 1.288424 0.668016
v -0.677156 1.241423 0.677156
v -0.690521 1.145791 0.690521
v -0.694714 1.097389 0.694714
v -0.697236 1.048753 0.697235
v -0.697235 0.951247 0.697235
v -0.694714 0.902611 0.694714
v -0.690521 0.854209 0.690521
v -0.677156 0.758577 0.677156
v -0.668016 0.711576 0.668016
v -0.657270 0.665268 0.657270
v -0.631054 0.575184 0.631054
v -0.615647 0.531624 0.615647
v -0.598760 0.489191 0.598760
v -0.560700 0.408118 0.560700
v -0.539619 0.369672 0.539619
v -0.517240 0.332744 0.517240
v -0.468800 0.263796 0.468800
v -0.442854 0.231944 0.442854
v -0.415843 0.201939 0.415843
v -0.358883 0.147767 0.358883
v -0.329070 0.123731 0.329070
v -0.298466 0.101802 0.298466
v -0.235254 0.064500 0.235254
v -0.203273 0.049281 0.203273
v -0.171753 0.036484 0.171753
v -0.612516 1.380232 0.675807
v -0.578617 1.380232 0.705047
v -0.543326 1.380232 0.732590
v -0.488980 1.552012 0.659314
v -0.520741 1.552012 0.634525
v -0.551250 1.552012 0.608210
v -0.253712 0.082038 0.279928
v -0.239671 0.082038 0.292040
v -0.225053 0.082038 0.303449
v -0.326726 0.173856 0.440539
v -0.347948 0.173856 0.423976
v -0.368333 0.173856 0.406393
v -0.650244 1.193841 0.717433
v -0.614257 1.193841 0.748474
v -0.576792 1.193841 0.777714
v -0.134675 0.026297 0.148756
v -0.127874 0.026386 0.155815
v -0.119624 0.026297 0.161108
v -0.662983 1.000000 0.731488
v -0.626290 1.000000 0.763137
v -0.588091 1.000000 0.792950
v -0.134675 1.973703 0.148756
v -0.127874 1.973614 0.155815
v -0.119624 1.973703 0.161108
v -0.650244 0.806159 0.717433
v -0.614257 0.806159 0.748474
v -0.576791 0.806159 0.777714
v -0.253713 1.917962 0.279928
v -0.239671 1.917962 0.292040
v -0.225053 1.917962 0.303449
v -0.612516 0.619768 0.675807
v -0.578617 0.619768 0.705047
v -0.543326 0.619768 0.732590
v -0.368333 1.826144 0.406393
v -0.347948 1.826144 0.423976
v -0.326726 1.826144 0.440539
v -0.551250 0.447988 0.608210
v -0.520741 0.447988 0.634525
v -0.488980 0.447988 0.659314
v -0.468800 1.702578 0.517240
v -0.442854 1.702578 0.539619
v -0.415843 1.702578 0.560700
v -0.468800 0.297422 0.517240
v -0.442854 0.297422 0.539619
v -0.415843 0.297422 0.560700
v -0.201961 1.963516 0.134946
v -0.239024 1.950719 0.159711
v -0.276630 1.935500 0.184838
v -0.350959 1.898197 0.234503
v -0.386946 1.876269 0.258549
v -0.422002 1.852233 0.281973
v -0.488980 1.798061 0.326726
v -0.520741 1.768056 0.347948
v -0.551250 1.736204 0.368333
v -0.608210 1.667256 0.406393
v -0.634525 1.630328 0.423976
v -0.659314 1.591882 0.440539
v -0.704067 1.510809 0.470443
v -0.723925 1.468376 0.483711
v -0.742041 1.424816 0.495816
v -0.772867 1.334732 0.516413
v -0.785504 1.288424 0.524857
v -0.796251 1.241423 0.532038
v -0.811966 1.145791 0.542539
v -0.816897 1.097389 0.545833
v -0.819862 1.048753 0.547814
v -0.819862 0.951247 0.547814
v -0.816897 0.902611 0.545833
v -0.811966 0.854209 0.542538
v -0.796251 0.758577 0.532038
v -0.785504 0.711576 0.524857
v -0.772867 0.665268 0.516413
v -0.742041 0.575184 0.495816
v -0.723925 0.531624 0.483711
v -0.704067 0.489191 0.470443
v -0.659314 0.408118 0.440539
v -0.634525 0.369672 0.423976
v -0.608210 0.332744 0.406393
v -0.551250 0.263796 0.368333
v -0.520741 0.231944 0.347948
v -0.488980 0.201939 0.326726
v -0.422002 0.147767 0.281973
v -0.386946 0.123731 0.258549
v -0.350959 0.101802 0.234503
v -0.276630 0.064500 0.184838
v -0.239024 0.049281 0.159711
v -0.201961 0.036484 0.134946
v -0.732590 0.619768 0.543326
v -0.705047 0.619768 0.578617
v -0.675807 0.619768 0.612516
v -0.717433 0.806159 0.650244
v -0.748474 0.806159 0.614256
v -0.777714 0.806159 0.576791
v -0.440539 1.826144 0.326726
v -0.423976 1.826144 0.347948
v -0.406393 1.826144 0.368333
v -0.279928 1.917962 0.253712
v -0.292040 1.917962 0.239671
v -0.303449 1.917962 0.225053
v -0.659314 0.447988 0.488980
v -0.634525 0.447988 0.520741
v -0.608210 0.447988 0.551250
v -0.560700 1.702578 0.415843
v -0.539620 1.702578 0.442854
v -0.517240 1.702578 0.468800
v -0.560700 0.297422 0.415843
v -0.539619 0.297422 0.442854
v -0.517240 0.297422 0.468800
v -0.659314 1.552012 0.488980
v -0.634525 1.552012 0.520741
v -0.608210 1.552012 0.551250
v -0.440539 0.173856 0.326726
v -0.423976 0.173856 0.347948
v -0.406393 0.173856 0.368333
v -0.732590 1.380232 0.543326
v -0.705047 1.380232 0.578617
v -0.675807 1.380232 0.612516
v -0.303449 0.082038 0.225053
v -0.292040 0.082038 0.239671
v -0.279928 0.082038 0.253712
v -0.777714 1.193841 0.576791
v -0.748474 1.193841 0.614256
v -0.717433 1.193841 0.650244
v -0.161108 0.026297 0.119623
v -0.155815 0.026386 0.127874
v -0.148756 0.026297 0.134675
v -0.792950 1.000000 0.588091
v -0.763137 1.000000 0.626290
v -0.731488 1.000000 0.662982
v -0.161108 1.973703 0.119624
v -0.155815 1.973614 0.127874
v -0.148756 1.973703 0.134675
v -0.069700 1.991953 0.028871
v -0.109146 1.987361 0.045210
v -0.146422 1.981568 0.060650
v -0.224406 1.963516 0.092952
v -0.265589 1.950719 0.110011
v -0.307374 1.935500 0.127319
v -0.389965 1.898197 0.161529
v -0.429951 1.876269 0.178092
v -0.468903 1.852233 0.194226
v -0.543326 1.798061 0.225053
v -0.578617 1.768056 0.239671
v -0.612516 1.736204 0.253712
v -0.675807 1.667256 0.279928
v -0.705047 1.630328 0.292040
v -0.732590 1.591882 0.303449
v -0.782318 1.510809 0.324047
v -0.804382 1.468376 0.333186
v -0.824511 1.424816 0.341524
v -0.858764 1.334732 0.355712
v -0.872805 1.288424 0.361528
v -0.884747 1.241423 0.366474
v -0.902209 1.145791 0.373707
v -0.907687 1.097389 0.375976
v -0.910982 1.048753 0.377341
v -0.910982 0.951247 0.377341
v -0.907687 0.902611 0.375976
v -0.902209 0.854209 0.373707
v -0.884747 0.758577 0.366474
v -0.872805 0.711576 0.361528
v -0.858764 0.665268 0.355712
v -0.824511 0.575184 0.341524
v -0.804382 0.531624 0.333186
v -0.782318 0.489191 0.324047
v -0.732590 0.408118 0.303449
v -0.705047 0.369672 0.292040
v -0.675807 0.332744 0.279928
v -0.612516 0.263796 0.253712
v -0.578617 0.231944 0.239671
v -0.543326 0.201939 0.225053
v -0.468903 0.147767 0.194226
v -0.429951 0.123731 0.178092
v -0.389965 0.101802 0.161529
v -0.307374 0.064500 0.127319
v -0.265589 0.049281 0.110011
v -0.224407 0.036484 0.092952
v -0.341524 0.082038 0.161529
v -0.333186 0.082038 0.178092
v -0.324047 0.082038 0.194226
v -0.470443 0.173856 0.281973
v -0.483711 0.173856 0.258549
v -0.495816 0.173856 0.234503
v -0.875296 1.193841 0.413984
v -0.853927 1.193841 0.456434
v -0.830504 1.193841 0.497785
v -0.782318 1.380232 0.468903
v -0.804382 1.380232 0.429951
v -0.824511 1.380232 0.389965
v -0.181349 0.026297 0.085894
v -0.177769 0.026386 0.095019
v -0.172171 0.026297 0.103066
v -0.892444 1.000000 0.422094
v -0.870657 1.000000 0.465376
v -0.846774 1.000000 0.507537
v -0.181349 1.973703 0.085894
v -0.177769 1.973614 0.095019
v -0.172171 1.973703 0.103066
v -0.875296 0.806159 0.413984
v -0.853927 0.806159 0.456434
v -0.830504 0.806159 0.497785
v -0.341524 1.917962 0.161529
v -0.333186 1.917962 0.178092
v -0.324047 1.917962 0.194226
v -0.824511 0.619768 0.389965
v -0.804382 0.619768 0.429951
v -0.782318 0.619768 0.468903
v -0.495816 1.826144 0.234503
v -0.483711 1.826144 0.258549
v -0.470443 1.826144 0.281973
v -0.742041 0.447988 0.350959
v -0.723925 0.447988 0.386946
v -0.704067 0.447988 0.422002
v -0.631054 1.702578 0.298466
v -0.615647 1.702578 0.329070
v -0.598760 1.702578 0.358883
v -0.631054 0.297422 0.298466
v -0.615647 0.297422 0.329070
v -0.598760 0.297422 0.358883
v -0.742041 1.552012 0.350959
v -0.723925 1.552012 0.386946
v -0.704067 1.552012 0.422002
v -0.238229 1.963516 0.047387
v -0.281948 1.950719 0.056083
v -0.326307 1.935500 0.064906
v -0.413984 1.898197 0.082347
v -0.456434 1.876269 0.090790
v -0.497785 1.852233 0.099016
v -0.576791 1.798061 0.114731
v -0.614256 1.768056 0.122183
v -0.650244 1.736204 0.129341
v -0.717433 1.667256 0.142706
v -0.748474 1.630328 0.148881
v -0.777714 1.591882 0.154697
v -0.830504 1.510809 0.165197
v -0.853927 1.468376 0.169857
v -0.875296 1.424816 0.174107
v -0.911659 1.334732 0.181340
v -0.926565 1.288424 0.184305
v -0.939242 1.241423 0.186827
v -0.957780 1.145791 0.190514
v -0.963596 1.097389 0.191671
v -0.967093 1.048753 0.192367
v -0.967093 0.951247 0.192367
v -0.963596 0.902611 0.191671
v -0.957780 0.854209 0.190514
v -0.939242 0.758577 0.186827
v -0.926565 0.711576 0.184305
v -0.911659 0.665268 0.181340
v -0.875296 0.575184 0.174107
v -0.853927 0.531624 0.169857
v -0.830504 0.489191 0.165197
v -0.777714 0.408118 0.154697
v -0.748474 0.369672 0.148881
v -0.717433 0.332744 0.142706
v -0.650244 0.263796 0.129341
v -0.614256 0.231944 0.122183
v -0.576791 0.201939 0.114731
v -0.497785 0.147767 0.099016
v -0.456434 0.123731 0.090790
v -0.413984 0.101802 0.082347
v -0.326307 0.064500 0.064906
v -0.281948 0.049281 0.056083
v -0.238229 0.036484 0.047387
v -0.532038 1.826144 0.133268
v -0.524857 1.826144 0.159214
v -0.516413 1.826144 0.184776
v -0.355712 1.917962 0.127276
v -0.361528 1.917962 0.109668
v -0.366474 1.917962 0.091797
v -0.796251 0.447988 0.199450
v -0.785504 0.447988 0.238280
v -0.772867 0.447988 0.276536
v -0.858764 0.619768 0.307271
v -0.872805 0.619768 0.264763
v -0.884747 0.619768 0.221617
v -0.677156 1.702578 0.169619
v -0.668016 1.702578 0.202641
v -0.657270 1.702578 0.235175
v -0.677156 0.297422 0.169619
v -0.668016 0.297422 0.202641
v -0.657270 0.297422 0.235175
v -0.796251 1.552012 0.199450
v -0.785504 1.552012 0.238280
v -0.772867 1.552012 0.276536
v -0.532038 0.173856 0.133268
v -0.524857 0.173856 0.159214
v -0.516413 0.173856 0.184776
v -0.884747 1.380232 0.221617
v -0.872805 1.380232 0.264763
v -0.858764 1.380232 0.307271
v -0.366474 0.082038 0.091797
v -0.361528 0.082038 0.109668
v -0.355712 0.082038 0.127276
v -0.939242 1.193841 0.235268
v -0.926565 1.193841 0.281070
v -0.911659 1.193841 0.326197
v -0.194622 0.026297 0.048864
v -0.192890 0.026386 0.058513
v -0.188970 0.026297 0.067497
v -0.957643 1.000000 0.239877
v -0.944718 1.000000 0.286577
v -0.929519 1.000000 0.332588
v -0.194622 1.973703 0.048864
v -0.192890 1.973614 0.058513
v -0.188970 1.973703 0.067497
v -0.939242 0.806159 0.235268
v -0.926565 0.806159 0.281070
v -0.911659 0.806159 0.326197
v -0.242896 1.963516 -0.000000
v -0.287471 1.950719 -0.000000
v -0.332699 1.935500 -0.000000
v -0.422095 1.898197 -0.000000
v -0.465376 1.876269 -0.000000
v -0.507537 1.852233 -0.000000
v -0.588091 1.798061 -0.000000
v -0.626290 1.768056 -0.000000
v -0.662983 1.736204 -0.000000
v -0.731488 1.667256 -0.000000
v -0.763137 1.630328 -0.000000
v -0.792950 1.591882 -0.000000
v -0.846774 1.510809 -0.000000
v -0.870657 1.468376 -0.000000
v -0.892444 1.424816 -0.000000
v -0.929519 1.334732 -0.000000
v -0.944718 1.288424 -0.000000
v -0.957643 1.241423 -0.000000
v -0.976544 1.145791 -0.000000
v -0.982473 1.097389 -0.000000
v -0.986040 1.048753 -0.000000
v -0.986040 0.951247 -0.000000
v -0.982473 0.902611 -0.000000
v -0.976544 0.854209 -0.000000
v -0.957643 0.758577 -0.000000
v -0.944718 0.711576 -0.000000
v -0.929519 0.665268 -0.000000
v -0.892444 0.575184 -0.000000
v -0.870657 0.531624 -0.000000
v -0.846774 0.489191 -0.000000
v -0.792950 0.408118 -0.000000
v -0.763137 0.369672 -0.000000
v -0.731488 0.332744 -0.000000
v -0.662983 0.263796 -0.000000
v -0.626290 0.231944 -0.000000
v -0.588091 0.201939 -0.000000
v -0.507537 0.147767 -0.000000
v -0.465376 0.123731 -0.000000
v -0.422095 0.101802 -0.000000
v -0.332699 0.064500 -0.000000
v -0.287471 0.049281 -0.000000
v -0.242896 0.036484 -0.000000
v -0.967093 1.193841 0.047510
v -0.963596 1.193841 0.094906
v -0.957780 1.193841 0.142073
v -0.902209 1.380232 0.133830
v -0.907687 1.380232 0.089399
v -0.910982 1.380232 0.044753
v -0.200415 0.026297 0.009957
v -0.200599 0.026386 0.019757
v -0.198507 0.026297 0.029334
v -0.373707 0.082038 0.055434
v -0.375976 0.082038 0.037030
v -0.377341 0.082038 0.018537
v -0.986040 1.000000 0.048441
v -0.982473 1.000000 0.096765
v -0.976544 1.000000 0.144857
v -0.200415 1.973703 0.009957
v -0.200599 1.973614 0.019757
v -0.198507 1.973703 0.029334
v -0.967093 0.806159 0.047510
v -0.963596 0.806159 0.094906
v -0.957780 0.806159 0.142073
v -0.377341 1.917962 0.018537
v -0.375976 1.917962 0.037030
v -0.373707 1.917962 0.055434
v -0.910982 0.619768 0.044753
v -0.907687 0.619768 0.089399
v -0.902209 0.619768 0.133830
v -0.547814 1.826144 0.026912
v -0.545833 1.826144 0.053760
v -0.542539 1.826144 0.080478
v -0.819862 0.447988 0.040277
v -0.816897 0.447988 0.080457
v -0.811966 0.447988 0.120444
v -0.697235 1.702578 0.034253
v -0.694714 1.702578 0.068423
v -0.690521 1.702578 0.102429
v -0.697235 0.297422 0.034253
v -0.694714 0.297422 0.068423
v -0.690521 0.297422 0.102429
v -0.819862 1.552012 0.040277
v -0.816897 1.552012 0.080457
v -0.811966 1.552012 0.120444
v -0.547814 0.173856 0.026912
v -0.545833 0.173856 0.053760
v -0.542539 0.173856 0.080478
v -0.238229 1.963516 -0.047387
v -0.281948 1.950719 -0.056083
v -0.326307 1.935500 -0.064906
v -0.413984 1.898197 -0.082347
v -0.456434 1.876269 -0.090790
v -0.497785 1.852233 -0.099016
v -0.576791 1.798061 -0.114731
v -0.614256 1.768056 -0.122183
v -0.650244 1.736204 -0.129342
v -0.717433 1.667256 -0.142706
v -0.748474 1.630328 -0.148881
v -0.777713 1.591882 -0.154697
v -0.830504 1.510809 -0.165198
v -0.853927 1.468376 -0.169857
v -0.875296 1.424816 -0.174107
v -0.911659 1.334732 -0.181340
v -0.926565 1.288424 -0.184305
v -0.939242 1.241423 -0.186827
v -0.957779 1.145791 -0.190514
v -0.963595 1.097389 -0.191671
v -0.967093 1.048753 -0.192367
v -0.967093 0.951247 -0.192367
v -0.963596 0.902611 -0.191671
v -0.957780 0.854209 -0.190514
v -0.939242 0.758577 -0.186827
v -0.926565 0.711576 -0.184305
v -0.911659 0.665268 -0.181340
v -0.875296 0.575184 -0.174107
v -0.853927 0.531624 -0.169857
v -0.830504 0.489191 -0.165198
v -0.777713 0.408118 -0.154697
v -0.748474 0.369672 -0.148881
v -0.717433 0.332744 -0.142706
v -0.650244 0.263796 -0.129342
v -0.614256 0.231944 -0.122183
v -0.576791 0.201939 -0.114731
v -0.497785 0.147767 -0.099016
v -0.456434 0.123731 -0.090790
v -0.413984 0.101802 -0.082347
v -0.326307 0.064500 -0.064906
v -0.281948 0.049281 -0.056083
v -0.238229 0.036484 -0.047387
v -0.811966 0.447988 -0.120444
v -0.816897 0.447988 -0.080457
v -0.819862 0.447988 -0.040277
v -0.910982 0.619768 -0.044753
v -0.907687 0.619768 -0.089399
v -0.902209 0.619768 -0.133830
v -0.690521 1.702578 -0.102429
v -0.694714 1.702578 -0.068423
v -0.697235 1.702578 -0.034253
v -0.547814 1.826144 -0.026912
v -0.545833 1.826144 -0.053760
v -0.542539 1.826144 -0.080478
v -0.690521 0.297422 -0.102429
v -0.694714 0.297422 -0.068423
v -0.697235 0.297422 -0.034253
v -0.811966 1.552012 -0.120444
v -0.816897 1.552012 -0.080457
v -0.819862 1.552012 -0.040277
v -0.542539 0.173856 -0.080478
v -0.545833 0.173856 -0.053760
v -0.547814 0.173856 -0.026912
v -0.902209 1.380232 -0.133830
v -0.907687 1.380232 -0.089399
v -0.910982 1.380232 -0.044753
v -0.373707 0.082038 -0.055434
v -0.375976 0.082038 -0.037030
v -0.377341 0.082038 -0.018538
v -0.957780 1.193841 -0.142074
v -0.963596 1.193841 -0.094906
v -0.967093 1.193841 -0.047510
v -0.198507 0.026297 -0.029334
v -0.200599 0.026386 -0.019757
v -0.200415 0.026297 -0.009957
v -0.976544 1.000000 -0.144857
v -0.982473 1.000000 -0.096765
v -0.986040 1.000000 -0.048441
v -0.198507 1.973703 -0.029334
v -0.200599 1.973614 -0.019757
v -0.200415 1.973703 -0.009957
v -0.957780 0.806159 -0.142073
v -0.963596 0.806159 -0.094906
v -0.967093 0.806159 -0.047510
v -0.373707 1.917962 -0.055434
v -0.375976 1.917962 -0.037030
v -0.377341 1.917962 -0.018538
v -0.224406 1.963516 -0.092952
v -0.265589 1.950719 -0.110011
v -0.307374 1.935500 -0.127319
v -0.389964 1.898197 -0.161529
v -0.429951 1.876269 -0.178092
v -0.468903 1.852233 -0.194226
v -0.543326 1.798061 -0.225053
v -0.578617 1.768056 -0.239671
v -0.612516 1.736204 -0.253712
v -0.675807 1.667256 -0.279928
v -0.705047 1.630328 -0.292040
v -0.732590 1.591882 -0.303449
v -0.782317 1.510809 -0.324047
v -0.804382 1.468376 -0.333186
v -0.824511 1.424816 -0.341524
v -0.858764 1.334732 -0.355712
v -0.872805 1.288424 -0.361528
v -0.884747 1.241423 -0.366474
v -0.902209 1.145791 -0.373707
v -0.907687 1.097389 -0.375976
v -0.910982 1.048753 -0.377341
v -0.910982 0.951247 -0.377341
v -0.907687 0.902611 -0.375976
v -0.902209 0.854209 -0.373707
v -0.884747 0.758577 -0.366474
v -0.872805 0.711576 -0.361528
v -0.858764 0.665268 -0.355712
v -0.824511 0.575184 -0.341524
v -0.804382 0.531624 -0.333186
v -0.782317 0.489191 -0.324047
v -0.732590 0.408118 -0.303449
v -0.705047 0.369672 -0.292040
v -0.675807 0.332744 -0.279928
v -0.612516 0.263796 -0.253712
v -0.578617 0.231944 -0.239671
v -0.543326 0.201939 -0.225053
v -0.468903 0.147767 -0.194226
v -0.429951 0.123731 -0.178092
v -0.389964 0.101802 -0.161529
v -0.307374 0.064500 -0.127319
v -0.265589 0.049281 -0.110011
v -0.224406 0.036484 -0.092952
v -0.188970 0.026297 -0.067497
v -0.192890 0.026386 -0.058513
v -0.194622 0.026297 -0.048864
v -0.366474 0.082038 -0.091797
v -0.361528 0.082038 -0.109668
v -0.355712 0.082038 -0.127276
v -0.929519 1.000000 -0.332588
v -0.944717 1.000000 -0.286577
v -0.957643 1.000000 -0.239877
v -0.939242 1.193841 -0.235268
v -0.926565 1.193841 -0.281071
v -0.911659 1.193841 -0.326197
v -0.188970 1.973703 -0.067497
v -0.192890 1.973614 -0.058513
v -0.194622 1.973703 -0.048864
v -0.911659 0.806159 -0.326197
v -0.926565 0.806159 -0.281071
v -0.939242 0.806159 -0.235268
v -0.355712 1.917962 -0.127276
v -0.361528 1.917962 -0.109668
v -0.366474 1.917962 -0.091797
v -0.858764 0.619768 -0.307271
v -0.872805 0.619768 -0.264763
v -0.884747 0.619768 -0.221617
v -0.516413 1.826144 -0.184776
v -0.524857 1.826144 -0.159214
v -0.532038 1.826144 -0.133268
v -0.772867 0.447988 -0.276537
v -0.785504 0.447988 -0.238280
v -0.796251 0.447988 -0.199450
v -0.657270 1.702578 -0.235175
v -0.668016 1.702578 -0.202641
v -0.677156 1.702578 -0.169619
v -0.657269 0.297422 -0.235175
v -0.668016 0.297422 -0.202641
v -0.677156 0.297422 -0.169619
v -0.772867 1.552012 -0.276537
v -0.785504 1.552012 -0.238280
v -0.796251 1.552012 -0.199450
v -0.516413 0.173856 -0.184776
v -0.524857 0.173856 -0.159214
v -0.532038 0.173856 -0.133268
v -0.858764 1.380232 -0.307271
v -0.872805 1.380232 -0.264763
v -0.884747 1.380232 -0.221617
v -0.201960 1.963516 -0.134946
v -0.239024 1.950719 -0.159711
v -0.276629 1.935500 -0.184838
v -0.350959 1.898197 -0.234503
v -0.386946 1.876269 -0.258549
v -0.422002 1.852233 -0.281973
v -0.488980 1.798061 -0.326726
v -0.520741 1.768056 -0.347948
v -0.551250 1.736204 -0.368333
v -0.608210 1.667256 -0.406393
v -0.634525 1.630328 -0.423976
v -0.659314 1.591882 -0.440539
v -0.704067 1.510809 -0.470443
v -0.723924 1.468376 -0.483711
v -0.742041 1.424816 -0.495816
v -0.772867 1.334732 -0.516413
v -0.785504 1.288424 -0.524857
v -0.796251 1.241423 -0.532038
v -0.811966 1.145791 -0.542539
v -0.816897 1.097389 -0.545833
v -0.819862 1.048753 -0.547814
v -0.819862 0.951247 -0.547814
v -0.816897 0.902611 -0.545833
v -0.811966 0.854209 -0.542539
v -0.796251 0.758577 -0.532038
v -0.785504 0.711576 -0.524857
v -0.772867 0.665268 -0.516413
v -0.742040 0.575184 -0.495816
v -0.723925 0.531624 -0.483711
v -0.704067 0.489191 -0.470443
v -0.659314 0.408118 -0.440539
v -0.634525 0.369672 -0.423976
v -0.608210 0.332744 -0.406393
v -0.551250 0.263796 -0.368333
v -0.520741 0.231944 -0.347948
v -0.488980 0.201939 -0.326726
v -0.422002 0.147767 -0.281973
v -0.386946 0.123731 -0.258549
v -0.350959 0.101802 -0.234503
v -0.276629 0.064500 -0.184838
v -0.239024 0.049281 -0.159711
v -0.201960 0.036484 -0.134946
v -0.598760 0.297422 -0.358883
v -0.615647 0.297422 -0.329070
v -0.631054 0.297422 -0.298466
v -0.742040 0.447988 -0.350959
v -0.723925 0.447988 -0.386946
v -0.704067 0.447988 -0.422002
v -0.704067 1.552012 -0.422002
v -0.723924 1.552012 -0.386946
v -0.742040 1.552012 -0.350959
v -0.631054 1.702578 -0.298466
v -0.615647 1.702578 -0.329070
v -0.598760 1.702578 -0.358883
v -0.470443 0.173856 -0.281973
v -0.483711 0.173856 -0.258549
v -0.495816 0.173856 -0.234503
v -0.782317 1.380232 -0.468903
v -0.804382 1.380232 -0.429951
v -0.824511 1.380232 -0.389964
v -0.324046 0.082038 -0.194226
v -0.333186 0.082038 -0.178092
v -0.341524 0.082038 -0.161529
v -0.830504 1.193841 -0.497785
v -0.853927 1.193841 -0.456434
v -0.875296 1.193841 -0.413984
v -0.172171 0.026297 -0.103066
v -0.177769 0.026386 -0.095019
v -0.181349 0.026297 -0.085894
v -0.846774 1.000000 -0.507537
v -0.870656 1.000000 -0.465376
v -0.892444 1.000000 -0.422095
v -0.172171 1.973703 -0.103066
v -0.177769 1.973614 -0.095019
v -0.181349 1.973703 -0.085894
v -0.830504 0.806159 -0.497785
v -0.853927 0.806159 -0.456434
v -0.875296 0.806159 -0.413984
v -0.324046 1.917962 -0.194226
v -0.333186 1.917962 -0.178092
v -0.341524 1.917962 -0.161529
v -0.782318 0.619768 -0.468903
v -0.804382 0.619768 -0.429951
v -0.824511 0.619768 -0.389964
v -0.470443 1.826144 -0.281973
v -0.483711 1.826144 -0.258549
v -0.495816 1.826144 -0.234503
v -0.171753 1.963516 -0.171753
v -0.203273 1.950719 -0.203273
v -0.235254 1.935500 -0.235254
v -0.298466 1.898197 -0.298466
v -0.329070 1.876269 -0.329070
v -0.358883 1.852233 -0.358883
v -0.415843 1.798061 -0.415843
v -0.442854 1.768056 -0.442854
v -0.468799 1.736204 -0.468800
v -0.517240 1.667256 -0.517240
v -0.539619 1.630328 -0.539619
v -0.560700 1.591882 -0.560700
v -0.598760 1.510809 -0.598760
v -0.615647 1.468376 -0.615647
v -0.631054 1.424816 -0.631054
v -0.657269 1.334732 -0.657270
v -0.668016 1.288424 -0.668016
v -0.677156 1.241423 -0.677156
v -0.690520 1.145791 -0.690521
v -0.694713 1.097389 -0.694714
v -0.697235 1.048753 -0.697235
v -0.697235 0.951247 -0.697235
v -0.694713 0.902611 -0.694714
v -0.690520 0.854209 -0.690521
v -0.677156 0.758577 -0.677156
v -0.668016 0.711576 -0.668016
v -0.657270 0.665268 -0.657269
v -0.631054 0.575184 -0.631054
v -0.615647 0.531624 -0.615647
v -0.598760 0.489191 -0.598760
v -0.560700 0.408118 -0.560700
v -0.539619 0.369672 -0.539619
v -0.517240 0.332744 -0.517240
v -0.468799 0.263796 -0.468800
v -0.442854 0.231944 -0.442854
v -0.415843 0.201939 -0.415843
v -0.358883 0.147767 -0.358883
v -0.329070 0.123731 -0.329070
v -0.298466 0.101802 -0.298466
v -0.235254 0.064500 -0.235254
v -0.203273 0.049281 -0.203273
v -0.171753 0.036484 -0.171753
v -0.148755 1.973703 -0.134675
v -0.155815 1.973614 -0.127874
v -0.161108 1.973703 -0.119623
v -0.161108 0.026297 -0.119623
v -0.155815 0.026386 -0.127874
v -0.148755 0.026297 -0.134675
v -0.717433 0.806159 -0.650244
v -0.748473 0.806159 -0.614256
v -0.777713 0.806159 -0.576791
v -0.792950 1.000000 -0.588091
v -0.763137 1.000000 -0.626290
v -0.731488 1.000000 -0.662983
v -0.279928 1.917962 -0.253712
v -0.292040 1.917962 -0.239671
v -0.303449 1.917962 -0.225053
v -0.675807 0.619768 -0.612516
v -0.705047 0.619768 -0.578617
v -0.732590 0.619768 -0.543326
v -0.406393 1.826144 -0.368333
v -0.423976 1.826144 -0.347948
v -0.440539 1.826144 -0.326726
v -0.608210 0.447988 -0.551250
v -0.634525 0.447988 -0.520741
v -0.659314 0.447988 -0.488980
v -0.517240 1.702578 -0.468800
v -0.539619 1.702578 -0.442854
v -0.560700 1.702578 -0.415843
v -0.517240 0.297422 -0.468800
v -0.539619 0.297422 -0.442854
v -0.560700 0.297422 -0.415843
v -0.608210 1.552012 -0.551250
v -0.634525 1.552012 -0.520741
v -0.659314 1.552012 -0.488980
v -0.406393 0.173856 -0.368333
v -0.423976 0.173856 -0.347948
v -0.440539 0.173856 -0.326726
v -0.675807 1.380232 -0.612516
v -0.705047 1.380232 -0.578617
v -0.732590 1.380232 -0.543326
v -0.279928 0.082038 -0.253712
v -0.292040 0.082038 -0.239671
v -0.303449 0.082038 -0.225053
v -0.717433 1.193841 -0.650244
v -0.748473 1.193841 -0.614256
v -0.777713 1.193841 -0.576791
v -0.134946 1.963516 -0.201960
v -0.159711 1.950719 -0.239024
v -0.184838 1.935500 -0.276630
v -0.234503 1.898197 -0.350959
v -0.258549 1.876269 -0.386946
v -0.281972 1.852233 -0.422002
v -0.326726 1.798061 -0.488980
v -0.347948 1.768056 -0.520741
v -0.368333 1.736204 -0.551250
v -0.406393 1.667256 -0.608210
v -0.423976 1.630328 -0.634525
v -0.440539 1.591882 -0.659314
v -0.470443 1.510809 -0.704067
v -0.483711 1.468376 -0.723925
v -0.495816 1.424816 -0.742040
v -0.516413 1.334732 -0.772867
v -0.524857 1.288424 -0.785504
v -0.532038 1.241423 -0.796251
v -0.542538 1.145791 -0.811966
v -0.545833 1.097389 -0.816897
v -0.547814 1.048753 -0.819862
v -0.547814 0.951247 -0.819862
v -0.545833 0.902611 -0.816897
v -0.542538 0.854209 -0.811966
v -0.532038 0.758577 -0.796251
v -0.524857 0.711576 -0.785504
v -0.516413 0.665268 -0.772867
v -0.495816 0.575184 -0.742040
v -0.483711 0.531624 -0.723925
v -0.470443 0.489191 -0.704067
v -0.440539 0.408118 -0.659314
v -0.423976 0.369672 -0.634525
v -0.406393 0.332744 -0.608210
v -0.368333 0.263796 -0.551250
v -0.347948 0.231944 -0.520741
v -0.326726 0.201939 -0.488980
v -0.281973 0.147767 -0.422002
v -0.258549 0.123731 -0.386946
v -0.234503 0.101802 -0.350959
v -0.184838 0.064500 -0.276629
v -0.159711 0.049281 -0.239024
v -0.134946 0.036484 -0.201961
v -0.488980 1.552012 -0.659314
v -0.520741 1.552012 -0.634525
v -0.551250 1.552012 -0.608210
v -0.468799 1.702578 -0.517240
v -0.442854 1.702578 -0.539619
v -0.415843 1.702578 -0.560700
v -0.326726 0.173856 -0.440539
v -0.347948 0.173856 -0.423976
v -0.368333 0.173856 -0.406393
v -0.468799 0.297422 -0.517240
v -0.442854 0.297422 -0.539619
v -0.415843 0.297422 -0.560700
v -0.543326 1.380232 -0.732590
v -0.578617 1.380232 -0.705047
v -0.612516 1.380232 -0.675807
v -0.225053 0.082038 -0.303449
v -0.239671 0.082038 -0.292040
v -0.253712 0.082038 -0.279928
v -0.576791 1.193841 -0.777713
v -0.614256 1.193841 -0.748474
v -0.650243 1.193841 -0.717433
v -0.119623 0.026297 -0.161108
v -0.127874 0.026386 -0.155815
v -0.134675 0.026297 -0.148755
v -0.588091 1.000000 -0.792950
v -0.626290 1.000000 -0.763137
v -0.662982 1.000000 -0.731488
v -0.119623 1.973703 -0.161108
v -0.127874 1.973614 -0.155815
v -0.134675 1.973703 -0.148755
v -0.576791 0.806159 -0.777713
v -0.614256 0.806159 -0.748474
v -0.650243 0.806159 -0.717433
v -0.225053 1.917962 -0.303449
v -0.239671 1.917962 -0.292040
v -0.253712 1.917962 -0.279928
v -0.543326 0.619768 -0.732590
v -0.578617 0.619768 -0.705047
v -0.612516 0.619768 -0.675807
v -0.326726 1.826144 -0.440539
v -0.347948 1.826144 -0.423976
v -0.368333 1.826144 -0.406393
v -0.488980 0.447988 -0.659314
v -0.520741 0.447988 -0.634525
v -0.551250 0.447988 -0.608210
v -0.092952 1.963516 -0.224406
v -0.110011 1.950719 -0.265589
v -0.127319 1.935500 -0.307374
v -0.161528 1.898197 -0.389964
v -0.178091 1.876269 -0.429951
v -0.194226 1.852233 -0.468903
v -0.225053 1.798061 -0.543326
v -0.239671 1.768056 -0.578617
v -0.253712 1.736204 -0.612516
v -0.279928 1.667256 -0.675807
v -0.292040 1.630328 -0.705047
v -0.303449 1.591882 -0.732590
v -0.324046 1.510809 -0.782317
v -0.333186 1.468376 -0.804382
v -0.341524 1.424816 -0.824511
v -0.355712 1.334732 -0.858764
v -0.361528 1.288424 -0.872805
v -0.366474 1.241423 -0.884747
v -0.373707 1.145791 -0.902209
v -0.375976 1.097389 -0.907687
v -0.377341 1.048753 -0.910982
v -0.377341 0.951247 -0.910982
v -0.375976 0.902611 -0.907687
v -0.373707 0.854209 -0.902209
v -0.366474 0.758577 -0.884747
v -0.361528 0.711576 -0.872805
v -0.355712 0.665268 -0.858764
v -0.341524 0.575184 -0.824511
v -0.333186 0.531624 -0.804382
v -0.324046 0.489191 -0.782318
v -0.303449 0.408118 -0.732590
v -0.292040 0.369672 -0.705047
v -0.279928 0.332744 -0.675807
v -0.253712 0.263796 -0.612516
v -0.239671 0.231944 -0.578617
v -0.225053 0.201939 -0.543326
v -0.194226 0.147767 -0.468903
v -0.178091 0.123731 -0.429951
v -0.161529 0.101802 -0.389964
v -0.127319 0.064500 -0.307374
v -0.110011 0.049281 -0.265589
v -0.092952 0.036484 -0.224406
v -0.413984 0.806159 -0.875296
v -0.456433 0.806159 -0.853927
v -0.497785 0.806159 -0.830504
v -0.507537 1.000000 -0.846774
v -0.465375 1.000000 -0.870657
v -0.422094 1.000000 -0.892444
v -0.161529 1.917962 -0.341524
v -0.178091 1.917962 -0.333186
v -0.194226 1.917962 -0.324047
v -0.103066 1.973703 -0.172171
v -0.095019 1.973614 -0.177769
v -0.085894 1.973703 -0.181349
v -0.389964 0.619768 -0.824511
v -0.429951 0.619768 -0.804382
v -0.468903 0.619768 -0.782317
v -0.234503 1.826144 -0.495816
v -0.258549 1.826144 -0.483711
v -0.281973 1.826144 -0.470443
v -0.350959 0.447988 -0.742041
v -0.386946 0.447988 -0.723925
v -0.422002 0.447988 -0.704067
v -0.298466 1.702578 -0.631054
v -0.329070 1.702578 -0.615647
v -0.358883 1.702578 -0.598760
v -0.298466 0.297422 -0.631054
v -0.329070 0.297422 -0.615647
v -0.358883 0.297422 -0.598760
v -0.350959 1.552012 -0.742040
v -0.386946 1.552012 -0.723925
v -0.422002 1.552012 -0.704067
v -0.234503 0.173856 -0.495816
v -0.258549 0.173856 -0.483711
v -0.281972 0.173856 -0.470443
v -0.389964 1.380232 -0.824511
v -0.429951 1.380232 -0.804382
v -0.468903 1.380232 -0.782318
v -0.161529 0.082038 -0.341524
v -0.178092 0.082038 -0.333186
v -0.194226 0.082038 -0.324047
v -0.413984 1.193841 -0.875296
v -0.456433 1.193841 -0.853927
v -0.497785 1.193841 -0.830504
v -0.085894 0.026297 -0.181349
v -0.095019 0.026386 -0.177769
v -0.103066 0.026297 -0.172171
v -0.047387 1.963516 -0.238229
v -0.056083 1.950719 -0.281948
v -0.064906 1.935500 -0.326307
v -0.082346 1.898197 -0.413984
v -0.090790 1.876269 -0.456434
v -0.099016 1.852233 -0.497785
v -0.114731 1.798061 -0.576791
v -0.122183 1.768056 -0.614256
v -0.129341 1.736204 -0.650244
v -0.142706 1.667256 -0.717433
v -0.148881 1.630328 -0.748473
v -0.154697 1.591882 -0.777713
v -0.165197 1.510809 -0.830504
v -0.169857 1.468376 -0.853927
v -0.174107 1.424816 -0.875296
v -0.181340 1.334732 -0.911659
v -0.184305 1.288424 -0.926565
v -0.186827 1.241423 -0.939242
v -0.190514 1.145791 -0.957779
v -0.191671 1.097389 -0.963595
v -0.192367 1.048753 -0.967093
v -0.192367 0.951247 -0.967093
v -0.191671 0.902611 -0.963595
v -0.190514 0.854209 -0.957780
v -0.186827 0.758577 -0.939242
v -0.184305 0.711576 -0.926565
v -0.181340 0.665268 -0.911659
v -0.174107 0.575184 -0.875296
v -0.169857 0.531624 -0.853927
v -0.165197 0.489191 -0.830504
v -0.154697 0.408118 -0.777713
v -0.148881 0.369672 -0.748474
v -0.142706 0.332744 -0.717433
v -0.129341 0.263796 -0.650244
v -0.122183 0.231944 -0.614256
v -0.114731 0.201939 -0.576791
v -0.099016 0.147767 -0.497785
v -0.090790 0.123731 -0.456434
v -0.082346 0.101802 -0.413984
v -0.064906 0.064500 -0.326307
v -0.056083 0.049281 -0.281948
v -0.047387 0.036484 -0.238229
v -0.133268 0.173856 -0.532038
v -0.159214 0.173856 -0.524857
v -0.184776 0.173856 -0.516413
v -0.235175 0.297422 -0.657270
v -0.202640 0.297422 -0.668016
v -0.169619 0.297422 -0.677156
v -0.221617 1.380232 -0.884747
v -0.264763 1.380232 -0.872805
v -0.307271 1.380232 -0.858764
v -0.276536 1.552012 -0.772867
v -0.238280 1.552012 -0.785504
v -0.199450 1.552012 -0.796251
v -0.091797 0.082038 -0.366474
v -0.109668 0.082038 -0.361528
v -0.127276 0.082038 -0.355712
v -0.235268 1.193841 -0.939242
v -0.281070 1.193841 -0.926565
v -0.326197 1.193841 -0.911659
v -0.048864 0.026297 -0.194622
v -0.058513 0.026386 -0.192890
v -0.067497 0.026297 -0.188970
v -0.239877 1.000000 -0.957643
v -0.286577 1.000000 -0.944717
v -0.332587 1.000000 -0.929519
v -0.048864 1.973703 -0.194622
v -0.058513 1.973614 -0.192890
v -0.067497 1.973703 -0.188970
v -0.235268 0.806159 -0.939242
v -0.281070 0.806159 -0.926565
v -0.326197 0.806159 -0.911659
v -0.091797 1.917962 -0.366474
v -0.109668 1.917962 -0.361528
v -0.127276 1.917962 -0.355712
v -0.221617 0.619768 -0.884747
v -0.264763 0.619768 -0.872805
v -0.307271 0.619768 -0.858764
v -0.133268 1.826144 -0.532038
v -0.159214 1.826144 -0.524857
v -0.184776 1.826144 -0.516413
v -0.199450 0.447988 -0.796251
v -0.238280 0.447988 -0.785504
v -0.276536 0.447988 -0.772867
v -0.169619 1.702578 -0.677156
v -0.202640 1.702578 -0.668016
v -0.235175 1.702578 -0.657270
v 0.000000 1.963516 -0.242896
v 0.000000 1.950719 -0.287471
v 0.000000 1.935500 -0.332699
v 0.000000 1.898197 -0.422094
v 0.000000 1.876269 -0.465376
v 0.000000 1.852233 -0.507537
v 0.000000 1.798061 -0.588091
v 0.000000 1.768056 -0.626290
v 0.000000 1.736204 -0.662982
v 0.000000 1.667256 -0.731488
v 0.000000 1.630328 -0.763137
v 0.000000 1.591882 -0.792950
v 0.000000 1.510809 -0.846774
v 0.000000 1.468376 -0.870657
v 0.000000 1.424816 -0.892444
v 0.000000 1.334732 -0.929519
v 0.000000 1.288424 -0.944717
v 0.000000 1.241423 -0.957643
v 0.000000 1.145791 -0.976543
v 0.000000 1.097389 -0.982473
v 0.000000 1.048753 -0.986039
v 0.000000 0.951247 -0.986039
v 0.000000 0.902611 -0.982473
v 0.000000 0.854209 -0.976543
v 0.000000 0.758577 -0.957643
v 0.000000 0.711576 -0.944718
v 0.000000 0.665268 -0.929519
v 0.000000 0.575184 -0.892444
v 0.000000 0.531624 -0.870657
v 0.000000 0.489191 -0.846774
v 0.000000 0.408118 -0.792950
v 0.000000 0.369672 -0.763137
v 0.000000 0.332744 -0.731488
v 0.000000 0.263796 -0.662982
v 0.000000 0.231944 -0.626290
v 0.000000 0.201939 -0.588091
v 0.000000 0.147767 -0.507537
v 0.000000 0.123731 -0.465376
v 0.000000 0.101802 -0.422094
v 0.000000 0.064500 -0.332699
v 0.000000 0.049281 -0.287471
v 0.000000 0.036484 -0.242896
v -0.018537 1.917962 -0.377341
v -0.037030 1.917962 -0.375976
v -0.055434 1.917962 -0.373707
v -0.029334 1.973703 -0.198507
v -0.019757 1.973614 -0.200599
v -0.009957 1.973703 -0.200415
v -0.044753 0.619768 -0.910982
v -0.089399 0.619768 -0.907687
v -0.133830 0.619768 -0.902209
v -0.142073 0.806159 -0.957780
v -0.094906 0.806159 -0.963595
v -0.047510 0.806159 -0.967093
v -0.026912 1.826144 -0.547814
v -0.053760 1.826144 -0.545833
v -0.080478 1.826144 -0.542538
v -0.040277 0.447988 -0.819862
v -0.080457 0.447988 -0.816897
v -0.120444 0.447988 -0.811966
v -0.034253 1.702578 -0.697235
v -0.068423 1.702578 -0.694714
v -0.102429 1.702578 -0.690521
v -0.034253 0.297422 -0.697235
v -0.068423 0.297422 -0.694714
v -0.102429 0.297422 -0.690521
v -0.040277 1.552012 -0.819862
v -0.080457 1.552012 -0.816897
v -0.120444 1.552012 -0.811966
v -0.026912 0.173856 -0.547814
v -0.053760 0.173856 -0.545833
v -0.080478 0.173856 -0.542538
v -0.044753 1.380232 -0.910982
v -0.089399 1.380232 -0.907687
v -0.133830 1.380232 -0.902209
v -0.018537 0.082038 -0.377341
v -0.037030 0.082038 -0.375976
v -0.055434 0.082038 -0.373707
v -0.047510 1.193841 -0.967093
v -0.094906 1.193841 -0.963595
v -0.142073 1.193841 -0.957779
v -0.009957 0.026297 -0.200415
v -0.019757 0.026386 -0.200599
v -0.029334 0.026297 -0.198507
v -0.048441 1.000000 -0.986039
v -0.096765 1.000000 -0.982473
v -0.144857 1.000000 -0.976543
v 0.047387 1.963516 -0.238229
v 0.056083 1.950719 -0.281948
v 0.064906 1.935500 -0.326307
v 0.082347 1.898197 -0.413984
v 0.090790 1.876269 -0.456434
v 0.099016 1.852233 -0.497785
v 0.114731 1.798061 -0.576791
v 0.122183 1.768056 -0.614256
v 0.129342 1.736204 -0.650243
v 0.142706 1.667256 -0.717433
v 0.148881 1.630328 -0.748473
v 0.154697 1.591882 -0.777713
v 0.165198 1.510809 -0.830504
v 0.169857 1.468376 -0.853927
v 0.174107 1.424816 -0.875296
v 0.181340 1.334732 -0.911659
v 0.184305 1.288424 -0.926565
v 0.186827 1.241423 -0.939242
v 0.190514 1.145791 -0.957779
v 0.191671 1.097389 -0.963595
v 0.192367 1.048753 -0.967093
v 0.192367 0.951247 -0.967093
v 0.191671 0.902611 -0.963595
v 0.190514 0.854209 -0.957779
v 0.186827 0.758577 -0.939242
v 0.184305 0.711576 -0.926565
v 0.181340 0.665268 -0.911659
v 0.174107 0.575184 -0.875296
v 0.169857 0.531624 -0.853927
v 0.165198 0.489191 -0.830504
v 0.154697 0.408118 -0.777713
v 0.148881 0.369672 -0.748473
v 0.142706 0.332744 -0.717433
v 0.129342 0.263796 -0.650243
v 0.122183 0.231944 -0.614256
v 0.114731 0.201939 -0.576791
v 0.099016 0.147767 -0.497785
v 0.090790 0.123731 -0.456434
v 0.082347 0.101802 -0.413984
v 0.064906 0.064500 -0.326307
v 0.056083 0.049281 -0.281948
v 0.047387 0.036484 -0.238229
v 0.133830 1.380232 -0.902209
v 0.089399 1.380232 -0.907687
v 0.044753 1.380232 -0.910982
v 0.040277 1.552012 -0.819862
v 0.080457 1.552012 -0.816897
v 0.120444 1.552012 -0.811966
v 0.055434 0.082038 -0.373707
v 0.037030 0.082038 -0.375976
v 0.018538 0.082038 -0.377341
v 0.026912 0.173856 -0.547814
v 0.053760 0.173856 -0.545833
v 0.080478 0.173856 -0.542538
v 0.142074 1.193841 -0.957779
v 0.094906 1.193841 -0.963595
v 0.047510 1.193841 -0.967093
v 0.029334 0.026297 -0.198507
v 0.019757 0.026386 -0.200599
v 0.009957 0.026297 -0.200415
v 0.144857 1.000000 -0.976543
v 0.096765 1.000000 -0.982473
v 0.048441 1.000000 -0.986039
v 0.029334 1.973703 -0.198507
v 0.019757 1.973614 -0.200599
v 0.009957 1.973703 -0.200415
v 0.142074 0.806159 -0.957779
v 0.094906 0.806159 -0.963595
v 0.047510 0.806159 -0.967093
v 0.055434 1.917962 -0.373707
v 0.037030 1.917962 -0.375976
v 0.018538 1.917962 -0.377341
v 0.133830 0.619768 -0.902209
v 0.089399 0.619768 -0.907687
v 0.044753 0.619768 -0.910982
v 0.080478 1.826144 -0.542538
v 0.053760 1.826144 -0.545833
v 0.026912 1.826144 -0.547814
v 0.120444 0.447988 -0.811966
v 0.080457 0.447988 -0.816897
v 0.040277 0.447988 -0.819862
v 0.102429 1.702578 -0.690521
v 0.068423 1.702578 -0.694714
v 0.034253 1.702578 -0.697235
v 0.102429 0.297422 -0.690521
v 0.068423 0.297422 -0.694714
v 0.034253 0.297422 -0.697235
v 0.092952 1.963516 -0.224406
v 0.110011 1.950719 -0.265589
v 0.127319 1.935500 -0.307374
v 0.161529 1.898197 -0.389964
v 0.178092 1.876269 -0.429951
v 0.194226 1.852233 -0.468903
v 0.225053 1.798061 -0.543325
v 0.239671 1.768056 -0.578617
v 0.253712 1.736204 -0.612516
v 0.279928 1.667256 -0.675807
v 0.292040 1.630328 -0.705047
v 0.303449 1.591882 -0.732590
v 0.324047 1.510809 -0.782317
v 0.333186 1.468376 -0.804382
v 0.341524 1.424816 -0.824511
v 0.355712 1.334732 -0.858764
v 0.361528 1.288424 -0.872805
v 0.366474 1.241423 -0.884746
v 0.373707 1.145791 -0.902208
v 0.375976 1.097389 -0.907687
v 0.377341 1.048753 -0.910982
v 0.377341 0.951247 -0.910981
v 0.375976 0.902611 -0.907687
v 0.373707 0.854209 -0.902208
v 0.366474 0.758577 -0.884746
v 0.361528 0.711576 -0.872805
v 0.355712 0.665268 -0.858764
v 0.341524 0.575184 -0.824511
v 0.333186 0.531624 -0.804382
v 0.324047 0.489191 -0.782317
v 0.303449 0.408118 -0.732590
v 0.292040 0.369672 -0.705047
v 0.279928 0.332744 -0.675807
v 0.253712 0.263796 -0.612516
v 0.239671 0.231944 -0.578617
v 0.225053 0.201939 -0.543325
v 0.194226 0.147767 -0.468903
v 0.178092 0.123731 -0.429951
v 0.161529 0.101802 -0.389964
v 0.127319 0.064500 -0.307374
v 0.110011 0.049281 -0.265589
v 0.092952 0.036484 -0.224406
v 0.307271 0.619768 -0.858764
v 0.264763 0.619768 -0.872805
v 0.221617 0.619768 -0.884747
v 0.235268 0.806159 -0.939242
v 0.281071 0.806159 -0.926565
v 0.326197 0.806159 -0.911659
v 0.184776 1.826144 -0.516413
v 0.159214 1.826144 -0.524857
v 0.133268 1.826144 -0.532038
v 0.091797 1.917962 -0.366474
v 0.109668 1.917962 -0.361528
v 0.127276 1.917962 -0.355712
v 0.276537 0.447988 -0.772867
v 0.238280 0.447988 -0.785504
v 0.199450 0.447988 -0.796251
v 0.235175 1.702578 -0.657269
v 0.202641 1.702578 -0.668016
v 0.169619 1.702578 -0.677156
v 0.235175 0.297422 -0.657269
v 0.202641 0.297422 -0.668016
v 0.169619 0.297422 -0.677156
v 0.276537 1.552012 -0.772867
v 0.238280 1.552012 -0.785504
v 0.199450 1.552012 -0.796251
v 0.184776 0.173856 -0.516413
v 0.159214 0.173856 -0.524857
v 0.133268 0.173856 -0.532038
v 0.307271 1.380232 -0.858764
v 0.264763 1.380232 -0.872805
v 0.221617 1.380232 -0.884747
v 0.127276 0.082038 -0.355712
v 0.109668 0.082038 -0.361528
v 0.091797 0.082038 -0.366474
v 0.326197 1.193841 -0.911659
v 0.281071 1.193841 -0.926565
v 0.235268 1.193841 -0.939242
v 0.067497 0.026297 -0.188970
v 0.058513 0.026386 -0.192890
v 0.048864 0.026297 -0.194622
v 0.332588 1.000000 -0.929519
v 0.286577 1.000000 -0.944717
v 0.239877 1.000000 -0.957642
v 0.067497 1.973703 -0.188970
v 0.058513 1.973614 -0.192890
v 0.048864 1.973703 -0.194622
v 0.134946 1.963516 -0.201960
v 0.159711 1.950719 -0.239024
v 0.184838 1.935500 -0.276629
v 0.234503 1.898197 -0.350959
v 0.258549 1.876269 -0.386946
v 0.281973 1.852233 -0.422002
v 0.326726 1.798061 -0.488980
v 0.347948 1.768056 -0.520741
v 0.368333 1.736204 -0.551250
v 0.406393 1.667256 -0.608210
v 0.423976 1.630328 -0.634525
v 0.440539 1.591882 -0.659313
v 0.470443 1.510809 -0.704067
v 0.483711 1.468376 -0.723924
v 0.495815 1.424816 -0.742040
v 0.516413 1.334732 -0.772867
v 0.524857 1.288424 -0.785504
v 0.532038 1.241423 -0.796251
v 0.542539 1.145791 -0.811966
v 0.545833 1.097389 -0.816896
v 0.547814 1.048753 -0.819862
v 0.547814 0.951247 -0.819862
v 0.545833 0.902611 -0.816896
v 0.542539 0.854209 -0.811966
v 0.532038 0.758577 -0.796251
v 0.524857 0.711576 -0.785504
v 0.516413 0.665268 -0.772867
v 0.495816 0.575184 -0.742040
v 0.483711 0.531624 -0.723924
v 0.470443 0.489191 -0.704067
v 0.440539 0.408118 -0.659313
v 0.423976 0.369672 -0.634525
v 0.406393 0.332744 -0.608210
v 0.368333 0.263796 -0.551250
v 0.347948 0.231944 -0.520741
v 0.326726 0.201939 -0.488980
v 0.281973 0.147767 -0.422002
v 0.258549 0.123731 -0.386946
v 0.234503 0.101802 -0.350959
v 0.184838 0.064500 -0.276629
v 0.159711 0.049281 -0.239024
v 0.134946 0.036484 -0.201960
v 0.194226 0.082038 -0.324046
v 0.178092 0.082038 -0.333186
v 0.161529 0.082038 -0.341524
v 0.234503 0.173856 -0.495815
v 0.258549 0.173856 -0.483711
v 0.281973 0.173856 -0.470442
v 0.497785 1.193841 -0.830504
v 0.456434 1.193841 -0.853927
v 0.413984 1.193841 -0.875296
v 0.389964 1.380232 -0.824511
v 0.429951 1.380232 -0.804382
v 0.468903 1.380232 -0.782317
v 0.103066 0.026297 -0.172171
v 0.095019 0.026386 -0.177769
v 0.085894 0.026297 -0.181349
v 0.507537 1.000000 -0.846774
v 0.465376 1.000000 -0.870656
v 0.422095 1.000000 -0.892444
v 0.103066 1.973703 -0.172171
v 0.095019 1.973614 -0.177768
v 0.085894 1.973703 -0.181349
v 0.497785 0.806159 -0.830504
v 0.456434 0.806159 -0.853927
v 0.413984 0.806159 -0.875296
v 0.194226 1.917962 -0.324046
v 0.178092 1.917962 -0.333186
v 0.161529 1.917962 -0.341524
v 0.468903 0.619768 -0.782317
v 0.429951 0.619768 -0.804382
v 0.389964 0.619768 -0.824511
v 0.281973 1.826144 -0.470442
v 0.258549 1.826144 -0.483711
v 0.234503 1.826144 -0.495815
v 0.422002 0.447988 -0.704067
v 0.386946 0.447988 -0.723924
v 0.350959 0.447988 -0.742040
v 0.358883 1.702578 -0.598760
v 0.329070 1.702578 -0.615647
v 0.298466 1.702578 -0.631054
v 0.358883 0.297422 -0.598760
v 0.329070 0.297422 -0.615647
v 0.298466 0.297422 -0.631053
v 0.422002 1.552012 -0.704067
v 0.386946 1.552012 -0.723924
v 0.350959 1.552012 -0.742040
v 0.171753 1.963516 -0.171753
v 0.203273 1.950719 -0.203273
v 0.235254 1.935500 -0.235254
v 0.298466 1.898197 -0.298466
v 0.329070 1.876269 -0.329070
v 0.358883 1.852233 -0.358883
v 0.415843 1.798061 -0.415843
v 0.442854 1.768056 -0.442854
v 0.468799 1.736204 -0.468799
v 0.517240 1.667256 -0.517240
v 0.539619 1.630328 -0.539619
v 0.560700 1.591882 -0.560700
v 0.598760 1.510809 -0.598760
v 0.615647 1.468376 -0.615647
v 0.631053 1.424816 -0.631054
v 0.657269 1.334732 -0.657269
v 0.668016 1.288424 -0.668016
v 0.677156 1.241423 -0.677156
v 0.690520 1.145791 -0.690520
v 0.694714 1.097389 -0.694713
v 0.697235 1.048753 -0.697235
v 0.697235 0.951247 -0.697235
v 0.694714 0.902611 -0.694713
v 0.690520 0.854209 -0.690520
v 0.677156 0.758577 -0.677156
v 0.668016 0.711576 -0.668016
v 0.657269 0.665268 -0.657269
v 0.631053 0.575184 -0.631054
v 0.615647 0.531624 -0.615647
v 0.598760 0.489191 -0.598760
v 0.560700 0.408118 -0.560700
v 0.539619 0.369672 -0.539619
v 0.517240 0.332744 -0.517240
v 0.468799 0.263796 -0.468799
v 0.442854 0.231944 -0.442854
v 0.415843 0.201939 -0.415843
v 0.358883 0.147767 -0.358883
v 0.329070 0.123731 -0.329070
v 0.298466 0.101802 -0.298466
v 0.235254 0.064500 -0.235254
v 0.203273 0.049281 -0.203273
v 0.171753 0.036484 -0.171753
v 0.112067 0.018432 -0.112067
v 0.083537 0.012639 -0.083537
v 0.053346 0.008047 -0.053346
v 0.551250 0.447988 -0.608210
v 0.520741 0.447988 -0.634525
v 0.488980 0.447988 -0.659314
v 0.543325 0.619768 -0.732590
v 0.578617 0.619768 -0.705046
v 0.612516 0.619768 -0.675807
v 0.468799 1.702578 -0.517240
v 0.442854 1.702578 -0.539619
v 0.415843 1.702578 -0.560700
v 0.326726 1.826144 -0.440539
v 0.347948 1.826144 -0.423976
v 0.368333 1.826144 -0.406393
v 0.468799 0.297422 -0.517240
v 0.442854 0.297422 -0.539619
v 0.415843 0.297422 -0.560700
v 0.551250 1.552012 -0.608210
v 0.520741 1.552012 -0.634525
v 0.488980 1.552012 -0.659314
v 0.368333 0.173856 -0.406393
v 0.347948 0.173856 -0.423976
v 0.326726 0.173856 -0.440539
v 0.612516 1.380232 -0.675807
v 0.578617 1.380232 -0.705046
v 0.543325 1.380232 -0.732590
v 0.253712 0.082038 -0.279928
v 0.239671 0.082038 -0.292040
v 0.225053 0.082038 -0.303449
v 0.650243 1.193841 -0.717433
v 0.614256 1.193841 -0.748473
v 0.576791 1.193841 -0.777713
v 0.134675 0.026297 -0.148755
v 0.127874 0.026386 -0.155815
v 0.119623 0.026297 -0.161108
v 0.662982 1.000000 -0.731488
v 0.626290 1.000000 -0.763136
v 0.588091 1.000000 -0.792949
v 0.134675 1.973703 -0.148755
v 0.127874 1.973614 -0.155815
v 0.119623 1.973703 -0.161108
v 0.650244 0.806159 -0.717433
v 0.614256 0.806159 -0.748473
v 0.576791 0.806159 -0.777713
v 0.253712 1.917962 -0.279928
v 0.239671 1.917962 -0.292040
v 0.225053 1.917962 -0.303449
v 0.201960 1.963516 -0.134946
v 0.239024 1.950719 -0.159711
v 0.276629 1.935500 -0.184838
v 0.350959 1.898197 -0.234503
v 0.386946 1.876269 -0.258549
v 0.422002 1.852233 -0.281972
v 0.488980 1.798061 -0.326726
v 0.520741 1.768056 -0.347948
v 0.551250 1.736204 -0.368333
v 0.608210 1.667256 -0.406393
v 0.634525 1.630328 -0.423976
v 0.659314 1.591882 -0.440539
v 0.704067 1.510809 -0.470442
v 0.723924 1.468376 -0.483711
v 0.742040 1.424816 -0.495815
v 0.772867 1.334732 -0.516413
v 0.785504 1.288424 -0.524857
v 0.796251 1.241423 -0.532038
v 0.811966 1.145791 -0.542538
v 0.816897 1.097389 -0.545833
v 0.819862 1.048753 -0.547814
v 0.819862 0.951247 -0.547814
v 0.816897 0.902611 -0.545833
v 0.811966 0.854209 -0.542538
v 0.796251 0.758577 -0.532038
v 0.785504 0.711576 -0.524857
v 0.772867 0.665268 -0.516413
v 0.742040 0.575184 -0.495815
v 0.723924 0.531624 -0.483711
v 0.704067 0.489191 -0.470442
v 0.659314 0.408118 -0.440539
v 0.634525 0.369672 -0.423976
v 0.608210 0.332744 -0.406393
v 0.551250 0.263796 -0.368333
v 0.520741 0.231944 -0.347948
v 0.488980 0.201939 -0.326726
v 0.422002 0.147767 -0.281972
v 0.386946 0.123731 -0.258549
v 0.350959 0.101802 -0.234503
v 0.276629 0.064500 -0.184838
v 0.239024 0.049281 -0.159710
v 0.201960 0.036484 -0.134946
v 0.161108 0.026297 -0.119623
v 0.155815 0.026386 -0.127874
v 0.148755 0.026297 -0.134675
v 0.279928 0.082038 -0.253712
v 0.292040 0.082038 -0.239671
v 0.303449 0.082038 -0.225053
v 0.792950 1.000000 -0.588091
v 0.763137 1.000000 -0.626290
v 0.731488 1.000000 -0.662982
v 0.717433 1.193841 -0.650243
v 0.748473 1.193841 -0.614256
v 0.777713 1.193841 -0.576791
v 0.161108 1.973703 -0.119623
v 0.155815 1.973614 -0.127874
v 0.148755 1.973703 -0.134675
v 0.777713 0.806159 -0.576791
v 0.748473 0.806159 -0.614256
v 0.717433 0.806159 -0.650243
v 0.303449 1.917962 -0.225053
v 0.292040 1.917962 -0.239671
v 0.279928 1.917962 -0.253712
v 0.732590 0.619768 -0.543326
v 0.705047 0.619768 -0.578617
v 0.675807 0.619768 -0.612516
v 0.440539 1.826144 -0.326726
v 0.423976 1.826144 -0.347948
v 0.406393 1.826144 -0.368333
v 0.659313 0.447988 -0.488980
v 0.634525 0.447988 -0.520741
v 0.608210 0.447988 -0.551250
v 0.560700 1.702578 -0.415843
v 0.539619 1.702578 -0.442854
v 0.517240 1.702578 -0.468799
v 0.560700 0.297422 -0.415843
v 0.539619 0.297422 -0.442854
v 0.517240 0.297422 -0.468799
v 0.659313 1.552012 -0.488980
v 0.634525 1.552012 -0.520741
v 0.608210 1.552012 -0.551250
v 0.440539 0.173856 -0.326726
v 0.423976 0.173856 -0.347948
v 0.406393 0.173856 -0.368333
v 0.732590 1.380232 -0.543326
v 0.705047 1.380232 -0.578617
v 0.675807 1.380232 -0.612516
v 0.224406 1.963516 -0.092952
v 0.265589 1.950719 -0.110010
v 0.307374 1.935500 -0.127318
v 0.389964 1.898197 -0.161528
v 0.429951 1.876269 -0.178091
v 0.468903 1.852233 -0.194226
v 0.543325 1.798061 -0.225053
v 0.578617 1.768056 -0.239671
v 0.612516 1.736204 -0.253712
v 0.675807 1.667256 -0.279928
v 0.705047 1.630328 -0.292040
v 0.732590 1.591882 -0.303449
v 0.782317 1.510809 -0.324046
v 0.804382 1.468376 -0.333186
v 0.824511 1.424816 -0.341524
v 0.858764 1.334732 -0.355712
v 0.872805 1.288424 -0.361528
v 0.884747 1.241423 -0.366474
v 0.902208 1.145791 -0.373707
v 0.907687 1.097389 -0.375976
v 0.910982 1.048753 -0.377341
v 0.910982 0.951247 -0.377341
v 0.907687 0.902611 -0.375976
v 0.902208 0.854209 -0.373707
v 0.884747 0.758577 -0.366474
v 0.872805 0.711576 -0.361528
v 0.858764 0.665268 -0.355712
v 0.824511 0.575184 -0.341524
v 0.804382 0.531624 -0.333186
v 0.782317 0.489191 -0.324046
v 0.732590 0.408118 -0.303449
v 0.705047 0.369672 -0.292040
v 0.675807 0.332744 -0.279928
v 0.612516 0.263796 -0.253712
v 0.578617 0.231944 -0.239671
v 0.543325 0.201939 -0.225053
v 0.468903 0.147767 -0.194226
v 0.429951 0.123731 -0.178091
v 0.389964 0.101802 -0.161528
v 0.307374 0.064500 -0.127318
v 0.265589 0.049281 -0.110010
v 0.224406 0.036484 -0.092952
v 0.631053 1.702578 -0.298466
v 0.615647 1.702578 -0.329070
v 0.598760 1.702578 -0.358883
v 0.470442 1.826144 -0.281972
v 0.483711 1.826144 -0.258549
v 0.495815 1.826144 -0.234503
v 0.631053 0.297422 -0.298466
v 0.615647 0.297422 -0.329070
v 0.598760 0.297422 -0.358883
v 0.704067 0.447988 -0.422002
v 0.723924 0.447988 -0.386946
v 0.742040 0.447988 -0.350959
v 0.742040 1.552012 -0.350959
v 0.723924 1.552012 -0.386946
v 0.704067 1.552012 -0.422002
v 0.495815 0.173856 -0.234503
v 0.483711 0.173856 -0.258549
v 0.470442 0.173856 -0.281972
v 0.824511 1.380232 -0.389964
v 0.804382 1.380232 -0.429951
v 0.782317 1.380232 -0.468903
v 0.341524 0.082038 -0.161528
v 0.333186 0.082038 -0.178091
v 0.324046 0.082038 -0.194226
v 0.875296 1.193841 -0.413984
v 0.853927 1.193841 -0.456433
v 0.830504 1.193841 -0.497785
v 0.181349 0.026297 -0.085894
v 0.177768 0.026386 -0.095019
v 0.172171 0.026297 -0.103066
v 0.892444 1.000000 -0.422094
v 0.870656 1.000000 -0.465375
v 0.846774 1.000000 -0.507537
v 0.181349 1.973703 -0.085894
v 0.177768 1.973614 -0.095019
v 0.172171 1.973703 -0.103066
v 0.875296 0.806159 -0.413984
v 0.853927 0.806159 -0.456433
v 0.830504 0.806159 -0.497785
v 0.341524 1.917962 -0.161528
v 0.333186 1.917962 -0.178091
v 0.324046 1.917962 -0.194226
v 0.824511 0.619768 -0.389964
v 0.804382 0.619768 -0.429951
v 0.782317 0.619768 -0.468903
v 0.238229 1.963516 -0.047387
v 0.281948 1.950719 -0.056083
v 0.326307 1.935500 -0.064906
v 0.413984 1.898197 -0.082346
v 0.456433 1.876269 -0.090790
v 0.497785 1.852233 -0.099015
v 0.576791 1.798061 -0.114731
v 0.614256 1.768056 -0.122183
v 0.650243 1.736204 -0.129341
v 0.717433 1.667256 -0.142706
v 0.748473 1.630328 -0.148881
v 0.777713 1.591882 -0.154697
v 0.830504 1.510809 -0.165197
v 0.853927 1.468376 -0.169857
v 0.875296 1.424816 -0.174107
v 0.911659 1.334732 -0.181340
v 0.926565 1.288424 -0.184305
v 0.939242 1.241423 -0.186827
v 0.957779 1.145791 -0.190514
v 0.963595 1.097389 -0.191671
v 0.967093 1.048753 -0.192366
v 0.967093 0.951247 -0.192366
v 0.963595 0.902611 -0.191671
v 0.957779 0.854209 -0.190514
v 0.939242 0.758577 -0.186827
v 0.926565 0.711576 -0.184305
v 0.911659 0.665268 -0.181340
v 0.875296 0.575184 -0.174107
v 0.853927 0.531624 -0.169857
v 0.830504 0.489191 -0.165197
v 0.777713 0.408118 -0.154697
v 0.748473 0.369672 -0.148881
v 0.717433 0.332744 -0.142706
v 0.650244 0.263796 -0.129341
v 0.614256 0.231944 -0.122183
v 0.576791 0.201939 -0.114731
v 0.497785 0.147767 -0.099015
v 0.456433 0.123731 -0.090790
v 0.413984 0.101802 -0.082346
v 0.326307 0.064500 -0.064906
v 0.281948 0.049281 -0.056083
v 0.238229 0.036484 -0.047387
v 0.957642 1.000000 -0.239876
v 0.944717 1.000000 -0.286576
v 0.929519 1.000000 -0.332587
v 0.911659 1.193841 -0.326197
v 0.926565 1.193841 -0.281070
v 0.939242 1.193841 -0.235267
v 0.194622 1.973703 -0.048864
v 0.192890 1.973614 -0.058513
v 0.188970 1.973703 -0.067497
v 0.188970 0.026297 -0.067497
v 0.192890 0.026386 -0.058513
v 0.194622 0.026297 -0.048864
v 0.939242 0.806159 -0.235267
v 0.926565 0.806159 -0.281070
v 0.911659 0.806159 -0.326197
v 0.366474 1.917962 -0.091797
v 0.361528 1.917962 -0.109668
v 0.355712 1.917962 -0.127276
v 0.884747 0.619768 -0.221617
v 0.872805 0.619768 -0.264762
v 0.858764 0.619768 -0.307271
v 0.532038 1.826144 -0.133268
v 0.524857 1.826144 -0.159213
v 0.516413 1.826144 -0.184776
v 0.796251 0.447988 -0.199450
v 0.785504 0.447988 -0.238280
v 0.772867 0.447988 -0.276536
v 0.677156 1.702578 -0.169618
v 0.668016 1.702578 -0.202640
v 0.657269 1.702578 -0.235175
v 0.677156 0.297422 -0.169618
v 0.668016 0.297422 -0.202640
v 0.657269 0.297422 -0.235175
v 0.796251 1.552012 -0.199450
v 0.785504 1.552012 -0.238280
v 0.772867 1.552012 -0.276536
v 0.532038 0.173856 -0.133268
v 0.524857 0.173856 -0.159213
v 0.516413 0.173856 -0.184776
v 0.884747 1.380232 -0.221617
v 0.872805 1.380232 -0.264762
v 0.858764 1.380232 -0.307271
v 0.366474 0.082038 -0.091797
v 0.361528 0.082038 -0.109668
v 0.355712 0.082038 -0.127276
v 0.242896 1.963516 0.000000
v 0.287471 1.950719 0.000000
v 0.332699 1.935500 0.000000
v 0.422094 1.898198 0.000000
v 0.465376 1.876269 0.000000
v 0.507537 1.852233 0.000000
v 0.588091 1.798061 0.000000
v 0.626290 1.768057 0.000000
v 0.662983 1.736204 0.000000
v 0.731488 1.667256 0.000000
v 0.763137 1.630328 0.000000
v 0.792950 1.591882 0.000000
v 0.846774 1.510809 0.000000
v 0.870656 1.468376 0.000000
v 0.892444 1.424816 0.000000
v 0.929519 1.334732 0.000000
v 0.944717 1.288424 0.000000
v 0.957643 1.241423 0.000000
v 0.976543 1.145791 0.000000
v 0.982473 1.097389 0.000000
v 0.986039 1.048753 0.000000
v 0.986039 0.951247 0.000000
v 0.982473 0.902611 0.000000
v 0.976543 0.854209 0.000000
v 0.957643 0.758577 0.000000
v 0.944717 0.711576 0.000000
v 0.929519 0.665268 0.000000
v 0.892444 0.575184 0.000000
v 0.870656 0.531624 0.000000
v 0.846774 0.489191 0.000000
v 0.792950 0.408118 0.000000
v 0.763137 0.369672 0.000000
v 0.731488 0.332744 0.000000
v 0.662982 0.263796 0.000000
v 0.626290 0.231944 0.000000
v 0.588091 0.201939 0.000000
v 0.507537 0.147767 0.000000
v 0.465376 0.123731 0.000000
v 0.422094 0.101802 0.000000
v 0.332699 0.064500 0.000000
v 0.287471 0.049281 0.000000
v 0.242896 0.036484 0.000000
v 0.697235 0.297422 -0.034253
v 0.694714 0.297422 -0.068423
v 0.690521 0.297422 -0.102429
v 0.811966 0.447988 -0.120444
v 0.816897 0.447988 -0.080457
v 0.819862 0.447988 -0.040277
v 0.819862 1.552012 -0.040277
v 0.816897 1.552012 -0.080457
v 0.811966 1.552012 -0.120444
v 0.690521 1.702578 -0.102429
v 0.694714 1.702578 -0.068423
v 0.697235 1.702578 -0.034253
v 0.547814 0.173856 -0.026912
v 0.545833 0.173856 -0.053760
v 0.542538 0.173856 -0.080478
v 0.910982 1.380232 -0.044753
v 0.907687 1.380232 -0.089399
v 0.902209 1.380232 -0.133830
v 0.377341 0.082038 -0.018537
v 0.375976 0.082038 -0.037030
v 0.373707 0.082038 -0.055434
v 0.967093 1.193841 -0.047510
v 0.963595 1.193841 -0.094906
v 0.957779 1.193841 -0.142073
v 0.200415 0.026297 -0.009957
v 0.200599 0.026386 -0.019757
v 0.198507 0.026297 -0.029334
v 0.986039 1.000000 -0.048440
v 0.982473 1.000000 -0.096765
v 0.976543 1.000000 -0.144856
v 0.200415 1.973703 -0.009957
v 0.200599 1.973614 -0.019757
v 0.198507 1.973703 -0.029334
v 0.967093 0.806159 -0.047510
v 0.963595 0.806159 -0.094906
v 0.957779 0.806159 -0.142073
v 0.377341 1.917962 -0.018537
v 0.375976 1.917962 -0.037030
v 0.373707 1.917962 -0.055434
v 0.910982 0.619768 -0.044753
v 0.907687 0.619768 -0.089399
v 0.902209 0.619768 -0.133830
v 0.547814 1.826144 -0.026912
v 0.545833 1.826144 -0.053760
v 0.542538 1.826144 -0.080478
v 0.238229 1.963516 0.047387
v 0.281948 1.950719 0.056083
v 0.326307 1.935500 0.064906
v 0.413984 1.898198 0.082347
v 0.456433 1.876269 0.090790
v 0.497785 1.852233 0.099016
v 0.576791 1.798062 0.114731
v 0.614256 1.768056 0.122183
v 0.650244 1.736204 0.129342
v 0.717433 1.667256 0.142706
v 0.748473 1.630328 0.148881
v 0.777713 1.591882 0.154697
v 0.830504 1.510809 0.165198
v 0.853927 1.468376 0.169857
v 0.875296 1.424816 0.174107
v 0.911659 1.334732 0.181340
v 0.926565 1.288424 0.184305
v 0.939242 1.241423 0.186827
v 0.957779 1.145791 0.190514
v 0.963595 1.097389 0.191671
v 0.967093 1.048753 0.192367
v 0.967093 0.951247 0.192367
v 0.963595 0.902611 0.191671
v 0.957779 0.854209 0.190514
v 0.939242 0.758577 0.186827
v 0.926565 0.711576 0.184305
v 0.911659 0.665268 0.181340
v 0.875296 0.575184 0.174107
v 0.853927 0.531624 0.169857
v 0.830503 0.489191 0.165198
v 0.777713 0.408117 0.154697
v 0.748473 0.369672 0.148881
v 0.717433 0.332744 0.142706
v 0.650243 0.263796 0.129342
v 0.614256 0.231944 0.122183
v 0.576791 0.201939 0.114731
v 0.497785 0.147767 0.099016
v 0.456433 0.123731 0.090790
v 0.413984 0.101802 0.082347
v 0.326307 0.064500 0.064906
v 0.281948 0.049281 0.056083
v 0.238229 0.036484 0.047387
v 0.198507 1.973703 0.029334
v 0.200599 1.973614 0.019757
v 0.200415 1.973703 0.009957
v 0.200415 0.026297 0.009957
v 0.200599 0.026386 0.019757
v 0.198507 0.026297 0.029334
v 0.957779 0.806159 0.142074
v 0.963595 0.806159 0.094906
v 0.967093 0.806159 0.047510
v 0.986039 1.000000 0.048441
v 0.982473 1.000000 0.096766
v 0.976543 1.000000 0.144857
v 0.373707 1.917962 0.055434
v 0.375976 1.917962 0.037030
v 0.377341 1.917962 0.018538
v 0.902208 0.619768 0.133830
v 0.907687 0.619768 0.089399
v 0.910982 0.619768 0.044754
v 0.542538 1.826144 0.080478
v 0.545833 1.826144 0.053760
v 0.547814 1.826144 0.026912
v 0.811966 0.447988 0.120444
v 0.816897 0.447988 0.080457
v 0.819862 0.447988 0.040277
v 0.690521 1.702578 0.102429
v 0.694713 1.702578 0.068423
v 0.697235 1.702578 0.034253
v 0.690520 0.297422 0.102429
v 0.694713 0.297422 0.068423
v 0.697235 0.297422 0.034253
v 0.811966 1.552012 0.120444
v 0.816896 1.552012 0.080457
v 0.819862 1.552012 0.040277
v 0.542538 0.173856 0.080478
v 0.545833 0.173856 0.053760
v 0.547814 0.173856 0.026912
v 0.902208 1.380232 0.133830
v 0.907687 1.380232 0.089399
v 0.910982 1.380232 0.044754
v 0.373707 0.082038 0.055434
v 0.375976 0.082038 0.037030
v 0.377341 0.082038 0.018538
v 0.957779 1.193841 0.142074
v 0.963595 1.193841 0.094906
v 0.967093 1.193841 0.047510
v 0.224406 1.963516 0.092952
v 0.265589 1.950719 0.110011
v 0.307374 1.935500 0.127319
v 0.389964 1.898197 0.161529
v 0.429951 1.876269 0.178092
v 0.468903 1.852233 0.194226
v 0.543325 1.798061 0.225053
v 0.578617 1.768056 0.239671
v 0.612516 1.736204 0.253712
v 0.675807 1.667256 0.279928
v 0.705047 1.630328 0.292040
v 0.732590 1.591882 0.303449
v 0.782317 1.510809 0.324047
v 0.804382 1.468376 0.333186
v 0.824511 1.424816 0.341524
v 0.858764 1.334732 0.355712
v 0.872805 1.288424 0.361528
v 0.884746 1.241423 0.366474
v 0.902208 1.145791 0.373707
v 0.907687 1.097389 0.375976
v 0.910981 1.048753 0.377341
v 0.910981 0.951247 0.377341
v 0.907687 0.902611 0.375976
v 0.902208 0.854209 0.373707
v 0.884746 0.758577 0.366474
v 0.872805 0.711576 0.361528
v 0.858764 0.665268 0.355712
v 0.824511 0.575184 0.341524
v 0.804382 0.531624 0.333186
v 0.782317 0.489191 0.324047
v 0.732590 0.408118 0.303449
v 0.705046 0.369672 0.292040
v 0.675807 0.332744 0.279928
v 0.612516 0.263796 0.253712
v 0.578617 0.231944 0.239671
v 0.543325 0.201939 0.225053
v 0.468903 0.147767 0.194226
v 0.429951 0.123731 0.178092
v 0.389964 0.101802 0.161529
v 0.307374 0.064500 0.127319
v 0.265589 0.049281 0.110011
v 0.224406 0.036484 0.092952
v 0.772867 1.552012 0.276537
v 0.785504 1.552012 0.238280
v 0.796251 1.552012 0.199450
v 0.677156 1.702578 0.169619
v 0.668016 1.702578 0.202641
v 0.657269 1.702578 0.235175
v 0.516413 0.173856 0.184776
v 0.524857 0.173856 0.159214
v 0.532038 0.173856 0.133268
v 0.677156 0.297422 0.169619
v 0.668016 0.297422 0.202641
v 0.657269 0.297422 0.235175
v 0.858764 1.380232 0.307271
v 0.872805 1.380232 0.264763
v 0.884746 1.380232 0.221617
v 0.355712 0.082038 0.127276
v 0.361528 0.082038 0.109668
v 0.366474 0.082038 0.091797
v 0.911658 1.193841 0.326197
v 0.926565 1.193841 0.281071
v 0.939242 1.193841 0.235268
v 0.188970 0.026297 0.067497
v 0.192890 0.026386 0.058513
v 0.194622 0.026297 0.048864
v 0.929519 1.000000 0.332588
v 0.944717 1.000000 0.286577
v 0.957642 1.000000 0.239877
v 0.188970 1.973703 0.067497
v 0.192890 1.973614 0.058513
v 0.194622 1.973703 0.048864
v 0.911658 0.806159 0.326197
v 0.926565 0.806159 0.281071
v 0.939242 0.806159 0.235268
v 0.355712 1.917962 0.127276
v 0.361528 1.917962 0.109668
v 0.366474 1.917962 0.091797
v 0.858764 0.619768 0.307271
v 0.872805 0.619768 0.264763
v 0.884746 0.619768 0.221617
v 0.516413 1.826144 0.184776
v 0.524857 1.826144 0.159214
v 0.532038 1.826144 0.133268
v 0.772867 0.447988 0.276537
v 0.785504 0.447988 0.238280
v 0.796251 0.447988 0.199450
v 0.201960 1.963516 0.134946
v 0.239024 1.950719 0.159711
v 0.276629 1.935500 0.184838
v 0.350959 1.898197 0.234503
v 0.386945 1.876269 0.258549
v 0.422002 1.852233 0.281973
v 0.488980 1.798061 0.326726
v 0.520741 1.768056 0.347948
v 0.551250 1.736204 0.368333
v 0.608210 1.667256 0.406393
v 0.634525 1.630328 0.423976
v 0.659313 1.591882 0.440539
v 0.704067 1.510809 0.470443
v 0.723924 1.468376 0.483711
v 0.742040 1.424816 0.495815
v 0.772867 1.334732 0.516413
v 0.785504 1.288424 0.524857
v 0.796251 1.241423 0.532038
v 0.811966 1.145791 0.542539
v 0.816896 1.097389 0.545833
v 0.819861 1.048753 0.547814
v 0.819861 0.951247 0.547814
v 0.816896 0.902611 0.545833
v 0.811966 0.854209 0.542539
v 0.796251 0.758577 0.532038
v 0.785504 0.711576 0.524857
v 0.772867 0.665268 0.516413
v 0.742040 0.575184 0.495816
v 0.723924 0.531624 0.483711
v 0.704067 0.489191 0.470443
v 0.659313 0.408118 0.440539
v 0.634525 0.369672 0.423976
v 0.608210 0.332744 0.406393
v 0.551250 0.263796 0.368333
v 0.520741 0.231944 0.347948
v 0.488980 0.201939 0.326726
v 0.422002 0.147767 0.281973
v 0.386945 0.123731 0.258549
v 0.350959 0.101802 0.234503
v 0.276629 0.064500 0.184838
v 0.239024 0.049281 0.159711
v 0.201960 0.036484 0.134946
v 0.830503 0.806159 0.497785
v 0.853927 0.806159 0.456434
v 0.875296 0.806159 0.413984
v 0.892444 1.000000 0.422095
v 0.870656 1.000000 0.465376
v 0.846774 1.000000 0.507537
v 0.324046 1.917962 0.194226
v 0.333186 1.917962 0.178092
v 0.341524 1.917962 0.161529
v 0.181349 1.973703 0.085894
v 0.177768 1.973614 0.095019
v 0.172171 1.973703 0.103066
v 0.782317 0.619768 0.468903
v 0.804382 0.619768 0.429951
v 0.824511 0.619768 0.389964
v 0.470442 1.826144 0.281973
v 0.483711 1.826144 0.258549
v 0.495815 1.826144 0.234503
v 0.704067 0.447988 0.422002
v 0.723924 0.447988 0.386946
v 0.742040 0.447988 0.350959
v 0.598760 1.702578 0.358883
v 0.615647 1.702578 0.329070
v 0.631053 1.702578 0.298466
v 0.598760 0.297422 0.358883
v 0.615647 0.297422 0.329070
v 0.631053 0.297422 0.298466
v 0.704067 1.552012 0.422002
v 0.723924 1.552012 0.386946
v 0.742040 1.552012 0.350959
v 0.470442 0.173856 0.281973
v 0.483711 0.173856 0.258549
v 0.495815 0.173856 0.234503
v 0.782317 1.380232 0.468903
v 0.804382 1.380232 0.429951
v 0.824511 1.380232 0.389964
v 0.324046 0.082038 0.194226
v 0.333186 0.082038 0.178092
v 0.341524 0.082038 0.161529
v 0.830503 1.193841 0.497785
v 0.853927 1.193841 0.456434
v 0.875296 1.193841 0.413984
v 0.172171 0.026297 0.103066
v 0.177768 0.026386 0.095019
v 0.181349 0.026297 0.085894
v 0.171753 1.963516 0.171753
v 0.203273 1.950719 0.203273
v 0.235254 1.935500 0.235254
v 0.298466 1.898197 0.298466
v 0.329070 1.876269 0.329070
v 0.358883 1.852233 0.358883
v 0.415843 1.798061 0.415843
v 0.442854 1.768056 0.442854
v 0.468799 1.736204 0.468799
v 0.517240 1.667256 0.517240
v 0.539619 1.630328 0.539619
v 0.560700 1.591882 0.560700
v 0.598760 1.510809 0.598760
v 0.615647 1.468376 0.615647
v 0.631053 1.424816 0.631053
v 0.657269 1.334732 0.657269
v 0.668016 1.288424 0.668016
v 0.677155 1.241423 0.677156
v 0.690520 1.145791 0.690520
v 0.694713 1.097389 0.694714
v 0.697235 1.048753 0.697235
v 0.697235 0.951247 0.697235
v 0.694713 0.902611 0.694714
v 0.690520 0.854209 0.690520
v 0.677155 0.758577 0.677156
v 0.668016 0.711576 0.668016
v 0.657269 0.665268 0.657269
v 0.631053 0.575184 0.631053
v 0.615647 0.531624 0.615647
v 0.598760 0.489191 0.598760
v 0.560700 0.408118 0.560700
v 0.539619 0.369672 0.539619
v 0.517240 0.332744 0.517240
v 0.468799 0.263796 0.468799
v 0.442854 0.231944 0.442854
v 0.415843 0.201939 0.415843
v 0.358883 0.147767 0.358883
v 0.329070 0.123731 0.329070
v 0.298466 0.101802 0.298466
v 0.235254 0.064500 0.235254
v 0.203273 0.049281 0.203273
v 0.171753 0.036484 0.171753
v 0.406393 0.173856 0.368333
v 0.423976 0.173856 0.347948
v 0.440539 0.173856 0.326726
v 0.560700 0.297422 0.415843
v 0.539619 0.297422 0.442854
v 0.517240 0.297422 0.468799
v 0.675807 1.380232 0.612516
v 0.705046 1.380232 0.578617
v 0.732590 1.380232 0.543325
v 0.659313 1.552012 0.488980
v 0.634525 1.552012 0.520741
v 0.608210 1.552012 0.551250
v 0.279928 0.082038 0.253712
v 0.292040 0.082038 0.239671
v 0.303449 0.082038 0.225053
v 0.717432 1.193841 0.650243
v 0.748473 1.193841 0.614256
v 0.777713 1.193841 0.576791
v 0.148755 0.026297 0.134675
v 0.155815 0.026386 0.127874
v 0.161108 0.026297 0.119623
v 0.731488 1.000000 0.662982
v 0.763136 1.000000 0.626290
v 0.792949 1.000000 0.588091
v 0.148755 1.973703 0.134675
v 0.155815 1.973614 0.127874
v 0.161107 1.973703 0.119623
v 0.717432 0.806159 0.650244
v 0.748473 0.806159 0.614256
v 0.777713 0.806159 0.576791
v 0.279928 1.917962 0.253712
v 0.292040 1.917962 0.239671
v 0.303449 1.917962 0.225053
v 0.675807 0.619768 0.612516
v 0.705046 0.619768 0.578617
v 0.732590 0.619768 0.543325
v 0.406393 1.826144 0.368333
v 0.423976 1.826144 0.347948
v 0.440539 1.826144 0.326726
v 0.608210 0.447988 0.551250
v 0.634525 0.447988 0.520741
v 0.659313 0.447988 0.488980
v 0.517240 1.702578 0.468799
v 0.539619 1.702578 0.442854
v 0.560700 1.702578 0.415843
v 0.134946 1.963516 0.201960
v 0.159710 1.950719 0.239024
v 0.184838 1.935500 0.276629
v 0.234503 1.898197 0.350959
v 0.258549 1.876269 0.386946
v 0.281972 1.852233 0.422002
v 0.326726 1.798061 0.488980
v 0.347948 1.768056 0.520741
v 0.368333 1.736204 0.551250
v 0.406393 1.667256 0.608210
v 0.423976 1.630328 0.634525
v 0.440539 1.591882 0.659314
v 0.470442 1.510809 0.704067
v 0.483711 1.468376 0.723924
v 0.495815 1.424816 0.742040
v 0.516413 1.334732 0.772867
v 0.524857 1.288424 0.785504
v 0.532038 1.241423 0.796251
v 0.542538 1.145791 0.811966
v 0.545832 1.097389 0.816896
v 0.547814 1.048753 0.819862
v 0.547814 0.951247 0.819862
v 0.545832 0.902611 0.816896
v 0.542538 0.854209 0.811966
v 0.532038 0.758577 0.796251
v 0.524857 0.711576 0.785504
v 0.516413 0.665268 0.772867
v 0.495815 0.575184 0.742040
v 0.483711 0.531624 0.723924
v 0.470442 0.489191 0.704067
v 0.440539 0.408118 0.659313
v 0.423976 0.369672 0.634525
v 0.406393 0.332744 0.608210
v 0.368333 0.263796 0.551250
v 0.347948 0.231944 0.520741
v 0.326726 0.201939 0.488980
v 0.281972 0.147767 0.422002
v 0.258549 0.123731 0.386946
v 0.234503 0.101802 0.350959
v 0.184838 0.064500 0.276629
v 0.159710 0.049281 0.239024
v 0.134946 0.036484 0.201960
v 0.543325 0.619768 0.732590
v 0.578617 0.619768 0.705047
v 0.612516 0.619768 0.675807
v 0.650243 0.806159 0.717433
v 0.614256 0.806159 0.748473
v 0.576791 0.806159 0.777713
v 0.326726 1.826144 0.440539
v 0.347948 1.826144 0.423976
v 0.368333 1.826144 0.406393
v 0.253712 1.917962 0.279928
v 0.239671 1.917962 0.292040
v 0.225053 1.917962 0.303449
v 0.488980 0.447988 0.659313
v 0.520741 0.447988 0.634525
v 0.551249 0.447988 0.608210
v 0.415843 1.702578 0.560700
v 0.442854 1.702578 0.539619
v 0.468799 1.702578 0.517240
v 0.415843 0.297422 0.560700
v 0.442854 0.297422 0.539619
v 0.468799 0.297422 0.517240
v 0.488980 1.552012 0.659313
v 0.520741 1.552012 0.634525
v 0.551250 1.552012 0.608210
v 0.326726 0.173856 0.440539
v 0.347948 0.173856 0.423976
v 0.368333 0.173856 0.406393
v 0.543325 1.380232 0.732590
v 0.578617 1.380232 0.705047
v 0.612516 1.380232 0.675807
v 0.225053 0.082038 0.303449
v 0.239671 0.082038 0.292040
v 0.253712 0.082038 0.279928
v 0.576791 1.193841 0.777713
v 0.614256 1.193841 0.748473
v 0.650243 1.193841 0.717433
v 0.119623 0.026297 0.161108
v 0.127874 0.026386 0.155815
v 0.134674 0.026297 0.148755
v 0.588091 1.000000 0.792950
v 0.626290 1.000000 0.763137
v 0.662982 1.000000 0.731488
v 0.119623 1.973703 0.161108
v 0.127874 1.973614 0.155815
v 0.134674 1.973703 0.148755
v 0.092952 1.963516 0.224406
v 0.110010 1.950719 0.265589
v 0.127318 1.935500 0.307374
v 0.161528 1.898197 0.389964
v 0.178091 1.876269 0.429951
v 0.194226 1.852233 0.468903
v 0.225053 1.798061 0.543325
v 0.239671 1.768056 0.578617
v 0.253712 1.736204 0.612516
v 0.279928 1.667256 0.675807
v 0.292040 1.630328 0.705046
v 0.303448 1.591882 0.732590
v 0.324046 1.510809 0.782317
v 0.333186 1.468376 0.804382
v 0.341523 1.424816 0.824511
v 0.355711 1.334732 0.858764
v 0.361528 1.288424 0.872805
v 0.366474 1.241423 0.884746
v 0.373707 1.145791 0.902208
v 0.375976 1.097389 0.907687
v 0.377340 1.048753 0.910981
v 0.377340 0.951247 0.910981
v 0.375976 0.902611 0.907687
v 0.373707 0.854209 0.902208
v 0.366474 0.758577 0.884746
v 0.361528 0.711576 0.872805
v 0.355711 0.665268 0.858764
v 0.341523 0.575184 0.824511
v 0.333186 0.531624 0.804382
v 0.324046 0.489191 0.782317
v 0.303448 0.408118 0.732590
v 0.292040 0.369672 0.705046
v 0.279928 0.332744 0.675807
v 0.253712 0.263796 0.612516
v 0.239671 0.231944 0.578617
v 0.225053 0.201939 0.543325
v 0.194226 0.147767 0.468903
v 0.178091 0.123731 0.429951
v 0.161528 0.101802 0.389964
v 0.127318 0.064500 0.307374
v 0.110010 0.049281 0.265589
v 0.092952 0.036484 0.224406
v 0.161528 0.082038 0.341524
v 0.178091 0.082038 0.333186
v 0.194226 0.082038 0.324046
v 0.281972 0.173856 0.470442
v 0.258549 0.173856 0.483711
v 0.234503 0.173856 0.495815
v 0.413984 1.193841 0.875296
v 0.456433 1.193841 0.853927
v 0.497785 1.193841 0.830504
v 0.468903 1.380232 0.782317
v 0.429951 1.380232 0.804382
v 0.389964 1.380232 0.824511
v 0.085894 0.026297 0.181349
v 0.095019 0.026386 0.177768
v 0.103066 0.026297 0.172171
v 0.422094 1.000000 0.892444
v 0.465375 1.000000 0.870656
v 0.507537 1.000000 0.846774
v 0.085894 1.973703 0.181349
v 0.095019 1.973614 0.177768
v 0.103066 1.973703 0.172171
v 0.413984 0.806159 0.875296
v 0.456433 0.806159 0.853927
v 0.497785 0.806159 0.830504
v 0.161528 1.917962 0.341524
v 0.178091 1.917962 0.333186
v 0.194226 1.917962 0.324046
v 0.389964 0.619768 0.824511
v 0.429951 0.619768 0.804382
v 0.468903 0.619768 0.782317
v 0.234503 1.826144 0.495815
v 0.258549 1.826144 0.483711
v 0.281972 1.826144 0.470442
v 0.350958 0.447988 0.742040
v 0.386945 0.447988 0.723924
v 0.422002 0.447988 0.704067
v 0.298466 1.702578 0.631053
v 0.329070 1.702578 0.615647
v 0.358883 1.702578 0.598760
v 0.298466 0.297422 0.631053
v 0.329070 0.297422 0.615647
v 0.358883 0.297422 0.598760
v 0.350958 1.552012 0.742040
v 0.386945 1.552012 0.723924
v 0.422002 1.552012 0.704067
v 0.047387 1.963516 0.238229
v 0.056083 1.950719 0.281948
v 0.064906 1.935500 0.326307
v 0.082346 1.898197 0.413984
v 0.090790 1.876269 0.456433
v 0.099015 1.852233 0.497785
v 0.114731 1.798061 0.576791
v 0.122183 1.768056 0.614256
v 0.129341 1.736204 0.650243
v 0.142706 1.667256 0.717433
v 0.148880 1.630328 0.748473
v 0.154697 1.591882 0.777713
v 0.165197 1.510809 0.830504
v 0.169857 1.468376 0.853927
v 0.174107 1.424816 0.875296
v 0.181340 1.334732 0.911659
v 0.184305 1.288424 0.926565
v 0.186827 1.241423 0.939242
v 0.190514 1.145791 0.957779
v 0.191671 1.097389 0.963595
v 0.192366 1.048753 0.967093
v 0.192366 0.951247 0.967093
v 0.191671 0.902611 0.963595
v 0.190514 0.854209 0.957779
v 0.186827 0.758577 0.939242
v 0.184305 0.711576 0.926565
v 0.181340 0.665268 0.911659
v 0.174107 0.575184 0.875296
v 0.169857 0.531624 0.853927
v 0.165197 0.489191 0.830504
v 0.154697 0.408118 0.777713
v 0.148880 0.369672 0.748473
v 0.142706 0.332744 0.717433
v 0.129341 0.263796 0.650243
v 0.122183 0.231944 0.614256
v 0.114731 0.201939 0.576791
v 0.099015 0.147767 0.497785
v 0.090790 0.123731 0.456433
v 0.082346 0.101802 0.413984
v 0.064906 0.064500 0.326307
v 0.056083 0.049281 0.281948
v 0.047387 0.036484 0.238229
v 0.133268 1.826144 0.532038
v 0.159213 1.826144 0.524857
v 0.184776 1.826144 0.516413
v 0.127276 1.917962 0.355712
v 0.109668 1.917962 0.361528
v 0.091797 1.917962 0.366474
v 0.199450 0.447988 0.796251
v 0.238280 0.447988 0.785504
v 0.276536 0.447988 0.772867
v 0.307271 0.619768 0.858764
v 0.264762 0.619768 0.872805
v 0.221617 0.619768 0.884746
v 0.169618 1.702578 0.677156
v 0.202640 1.702578 0.668016
v 0.235175 1.702578 0.657269
v 0.169618 0.297422 0.677156
v 0.202640 0.297422 0.668016
v 0.235175 0.297422 0.657269
v 0.199450 1.552012 0.796251
v 0.238280 1.552012 0.785504
v 0.276536 1.552012 0.772867
v 0.133268 0.173856 0.532038
v 0.159213 0.173856 0.524857
v 0.184776 0.173856 0.516413
v 0.221617 1.380232 0.884746
v 0.264762 1.380232 0.872805
v 0.307271 1.380232 0.858764
v 0.091797 0.082038 0.366474
v 0.109668 0.082038 0.361528
v 0.127276 0.082038 0.355712
v 0.235267 1.193841 0.939242
v 0.281070 1.193841 0.926565
v 0.326197 1.193841 0.911659
v 0.048864 0.026297 0.194622
v 0.058513 0.026386 0.192890
v 0.067497 0.026297 0.188970
v 0.239876 1.000000 0.957642
v 0.286576 1.000000 0.944717
v 0.332587 1.000000 0.929519
v 0.048864 1.973703 0.194622
v 0.058513 1.973614 0.192890
v 0.067497 1.973703 0.188970
v 0.235267 0.806159 0.939242
v 0.281070 0.806159 0.926565
v 0.326197 0.806159 0.911659
v -0.000000 1.963516 0.242896
v -0.000000 1.950719 0.287471
v -0.000000 1.935500 0.332699
v -0.000000 0.263796 0.662982
v -0.000000 0.231944 0.626290
v -0.000000 0.201939 0.588091
v -0.000000 0.147767 0.507537
v -0.000000 0.123731 0.465375
v -0.000000 0.101802 0.422094
v -0.000000 0.064500 0.332699
v -0.000000 0.049281 0.287471
v -0.000000 0.036484 0.242896
v 0.133830 1.380232 0.902208
v 0.089399 1.380232 0.907687
v 0.044753 1.380232 0.910982
v 0.009957 0.026297 0.200415
v 0.019757 0.026386 0.200599
v 0.029334 0.026297 0.198507
v 0.055434 0.082038 0.373707
v 0.037030 0.082038 0.375976
v 0.018537 0.082038 0.377341
v 0.009957 1.973703 0.200415
v 0.019757 1.973614 0.200599
v 0.029334 1.973703 0.198507
v 0.018537 1.917962 0.377341
v 0.037030 1.917962 0.375976
v 0.055434 1.917962 0.373707
v 0.044753 0.619768 0.910982
v 0.089399 0.619768 0.907687
v 0.133830 0.619768 0.902208
v 0.034253 1.702578 0.697235
v 0.068423 1.702578 0.694714
v 0.102429 1.702578 0.690520
v 0.034253 0.297422 0.697235
v 0.068423 0.297422 0.694714
v 0.102429 0.297422 0.690520
v 0.026912 0.173856 0.547814
v 0.053760 0.173856 0.545833
v 0.080478 0.173856 0.542538
v -0.000000 1.991953 0.075443
v -0.000000 1.987361 0.118139
v -0.000000 1.981568 0.158486
v -0.000000 1.898197 0.422094
v -0.000000 1.876269 0.465376
v -0.000000 1.852233 0.507537
v -0.000000 1.798061 0.588091
v -0.000000 1.768056 0.626290
v -0.000000 1.736204 0.662983
v -0.000000 1.667256 0.731488
v -0.000000 1.630328 0.763137
v -0.000000 1.591882 0.792950
v -0.000000 1.510809 0.846774
v -0.000000 1.468376 0.870657
v -0.000000 1.424816 0.892444
v -0.000000 1.334732 0.929519
v -0.000000 1.288424 0.944717
v -0.000000 1.241423 0.957643
v -0.000000 0.758577 0.957643
v -0.000000 0.711576 0.944717
v -0.000000 0.665268 0.929519
v -0.000000 0.575184 0.892444
v -0.000000 0.531624 0.870657
v -0.000000 0.489191 0.846774
v -0.000000 0.408118 0.792950
v -0.000000 0.369672 0.763137
v -0.000000 0.332744 0.731488
v -0.000000 0.018432 0.158486
v -0.000000 0.012639 0.118139
v -0.000000 0.008047 0.075443
v -0.014718 1.991953 0.073993
v -0.023048 1.987361 0.115869
v -0.030919 1.981568 0.155441
v -0.030919 0.018432 0.155441
v -0.023048 0.012639 0.115869
v -0.014718 0.008047 0.073993
v -0.055434 0.082038 0.373707
v -0.037030 0.082038 0.375976
v -0.018538 0.082038 0.377341
v -0.026912 0.173856 0.547814
v -0.053760 0.173856 0.545833
v -0.080478 0.173856 0.542538
v -0.044754 1.380232 0.910982
v -0.089399 1.380232 0.907687
v -0.133830 1.380232 0.902209
v -0.029334 0.026297 0.198507
v -0.019757 0.026386 0.200599
v -0.009957 0.026297 0.200415
v -0.029334 1.973703 0.198507
v -0.019757 1.973614 0.200599
v -0.009957 1.973703 0.200415
v -0.055434 1.917962 0.373707
v -0.037030 1.917962 0.375976
v -0.018538 1.917962 0.377341
v -0.133830 0.619768 0.902209
v -0.089399 0.619768 0.907687
v -0.044754 0.619768 0.910982
v -0.102429 1.702578 0.690521
v -0.068423 1.702578 0.694714
v -0.034253 1.702578 0.697235
v -0.102429 0.297422 0.690521
v -0.068423 0.297422 0.694714
v -0.034253 0.297422 0.697235
v -0.028871 1.991953 0.069700
v -0.045210 1.987361 0.109146
v -0.060650 1.981568 0.146422
v -0.060650 0.018432 0.146422
v -0.045210 0.012639 0.109146
v -0.028871 0.008047 0.069700
v -0.041914 1.991953 0.062728
v -0.065634 1.987361 0.098229
v -0.088050 1.981568 0.131777
v -0.088050 0.018432 0.131777
v -0.065634 0.012639 0.098229
v -0.041914 0.008047 0.062728
v -0.053346 1.991953 0.053346
v -0.083537 1.987361 0.083537
v -0.112067 1.981568 0.112067
v -0.112067 0.018432 0.112067
v -0.083537 0.012639 0.083537
v -0.053346 0.008047 0.053346
v -0.062728 1.991953 0.041914
v -0.098229 1.987361 0.065634
v -0.131777 1.981568 0.088050
v -0.131777 0.018432 0.088050
v -0.098229 0.012639 0.065634
v -0.062728 0.008047 0.041914
v -0.146422 0.018432 0.060650
v -0.109146 0.012639 0.045210
v -0.069700 0.008047 0.028871
v -0.073993 1.991953 0.014718
v -0.115869 1.987361 0.023048
v -0.155441 1.981568 0.030919
v -0.155441 0.018432 0.030919
v -0.115869 0.012639 0.023048
v -0.073993 0.008047 0.014718
v -0.075443 1.991953 -0.000000
v -0.118139 1.987361 -0.000000
v -0.158486 1.981568 -0.000000
v -0.158486 0.018432 -0.000000
v -0.118139 0.012639 -0.000000
v -0.075443 0.008047 -0.000000
v -0.073993 1.991953 -0.014718
v -0.115869 1.987361 -0.023048
v -0.155441 1.981568 -0.030919
v -0.155441 0.018432 -0.030919
v -0.115869 0.012639 -0.023048
v -0.073993 0.008047 -0.014718
v -0.069700 1.991953 -0.028871
v -0.109146 1.987361 -0.045210
v -0.146422 1.981568 -0.060650
v -0.146422 0.018432 -0.060650
v -0.109146 0.012639 -0.045210
v -0.069700 0.008047 -0.028871
v -0.062728 1.991953 -0.041914
v -0.098229 1.987361 -0.065634
v -0.131777 1.981568 -0.088050
v -0.131777 0.018432 -0.088050
v -0.098229 0.012639 -0.065634
v -0.062728 0.008047 -0.041914
v -0.053346 1.991953 -0.053346
v -0.083537 1.987361 -0.083537
v -0.112067 1.981568 -0.112067
v -0.112067 0.018432 -0.112067
v -0.083537 0.012639 -0.083537
v -0.053346 0.008047 -0.053346
v -0.041914 1.991953 -0.062728
v -0.065634 1.987361 -0.098229
v -0.088050 1.981568 -0.131777
v -0.088050 0.018432 -0.131777
v -0.065634 0.012639 -0.098229
v -0.041914 0.008047 -0.062728
v -0.028871 1.991953 -0.069700
v -0.045210 1.987361 -0.109146
v -0.060650 1.981568 -0.146422
v -0.060650 0.018432 -0.146422
v -0.045210 0.012639 -0.109146
v -0.028871 0.008047 -0.069700
v -0.014718 1.991953 -0.073993
v -0.023048 1.987361 -0.115869
v -0.030919 1.981568 -0.155441
v -0.030919 0.018432 -0.155441
v -0.023048 0.012639 -0.115869
v -0.014718 0.008047 -0.073993
v 0.000000 1.991953 -0.075443
v 0.000000 1.987361 -0.118139
v 0.000000 1.981568 -0.158486
v 0.000000 0.018432 -0.158486
v 0.000000 0.012639 -0.118139
v 0.000000 0.008047 -0.075443
v 0.014718 1.991953 -0.073993
v 0.023048 1.987361 -0.115869
v 0.030919 1.981568 -0.155441
v 0.030919 0.018432 -0.155441
v 0.023048 0.012639 -0.115869
v 0.014718 0.008047 -0.073993
v 0.028871 1.991953 -0.069700
v 0.045210 1.987361 -0.109146
v 0.060650 1.981568 -0.146422
v 0.060650 0.018432 -0.146422
v 0.045210 0.012639 -0.109146
v 0.028871 0.008047 -0.069700
v 0.041914 1.991953 -0.062728
v 0.065634 1.987361 -0.098229
v 0.088050 1.981568 -0.131777
v 0.088050 0.018432 -0.131777
v 0.065634 0.012639 -0.098229
v 0.041914 0.008047 -0.062728
v 0.053346 1.991953 -0.053346
v 0.083537 1.987361 -0.083537
v 0.112067 1.981568 -0.112067
v 0.062728 1.991953 -0.041914
v 0.098229 1.987361 -0.065634
v 0.131777 1.981568 -0.088050
v 0.131777 0.018432 -0.088050
v 0.098229 0.012639 -0.065634
v 0.062728 0.008047 -0.041914
v 0.069700 1.991953 -0.028871
v 0.109146 1.987361 -0.045210
v 0.146422 1.981568 -0.060650
v 0.146422 0.018432 -0.060650
v 0.109146 0.012639 -0.045210
v 0.069700 0.008047 -0.028871
v 0.073993 1.991953 -0.014718
v 0.115869 1.987361 -0.023048
v 0.155441 1.981568 -0.030919
v 0.155441 0.018432 -0.030919
v 0.115869 0.012639 -0.023048
v 0.073993 0.008047 -0.014718
v 0.075443 1.991953 0.000000
v 0.118139 1.987361 0.000000
v 0.158486 1.981568 0.000000
v 0.158486 0.018432 0.000000
v 0.118139 0.012639 0.000000
v 0.075443 0.008047 0.000000
v 0.073993 1.991953 0.014718
v 0.115869 1.987361 0.023048
v 0.155441 1.981568 0.030919
v 0.155441 0.018432 0.030919
v 0.115869 0.012639 0.023048
v 0.073993 0.008047 0.014718
v 0.069700 1.991953 0.028871
v 0.109146 1.987361 0.045210
v 0.146422 1.981568 0.060650
v 0.146422 0.018432 0.060650
v 0.109146 0.012639 0.045210
v 0.069700 0.008047 0.028871
v 0.062728 1.991953 0.041914
v 0.098229 1.987361 0.065634
v 0.131776 1.981568 0.088050
v 0.131776 0.018432 0.088050
v 0.098229 0.012639 0.065634
v 0.062728 0.008047 0.041914
v 0.053346 1.991953 0.053346
v 0.083537 1.987361 0.083537
v 0.112067 1.981568 0.112067
v 0.112067 0.018432 0.112067
v 0.083537 0.012639 0.083537
v 0.053346 0.008047 0.053346
v 0.041914 1.991953 0.062728
v 0.065634 1.987361 0.098229
v 0.088050 1.981568 0.131776
v 0.088050 0.018432 0.131777
v 0.065634 0.012639 0.098229
v 0.041914 0.008047 0.062728
v 0.028871 1.991953 0.069700
v 0.045210 1.987361 0.109146
v 0.060650 1.981568 0.146422
v 0.060650 0.018432 0.146422
v 0.045210 0.012639 0.109146
v 0.028871 0.008047 0.069700
v 0.014718 1.991953 0.073993
v 0.023048 1.987361 0.115869
v 0.030919 1.981568 0.155441
v 0.030919 0.018432 0.155441
v 0.023048 0.012639 0.115869
v 0.014718 0.008047 0.073993
v 0.047510 1.193841 0.967093
v 0.094906 1.193841 0.963595
v 0.142073 1.193841 0.957779
v 0.048441 1.000000 0.986040
v 0.096765 1.000000 0.982473
v 0.144856 1.000000 0.976543
v 0.047510 0.806159 0.967093
v 0.094906 0.806159 0.963595
v 0.142073 0.806159 0.957779
v 0.026912 1.826144 0.547814
v 0.053760 1.826144 0.545833
v 0.080478 1.826144 0.542538
v 0.040277 0.447988 0.819862
v 0.080457 0.447988 0.816897
v 0.120444 0.447988 0.811966
v 0.040277 1.552012 0.819862
v 0.080457 1.552012 0.816897
v 0.120444 1.552012 0.811966
v -0.020711 0.101803 0.421585
v -0.022835 0.123731 0.464814
v -0.024904 0.147767 0.506925
v -0.041372 0.101803 0.420060
v -0.045615 0.123731 0.463133
v -0.049747 0.147767 0.505091
v -0.061934 0.101803 0.417525
v -0.068285 0.123731 0.460338
v -0.074471 0.147767 0.502043
v -0.046989 1.241423 0.956487
v -0.046355 1.288424 0.943577
v -0.045609 1.334732 0.928398
v -0.093865 1.241423 0.953028
v -0.092598 1.288424 0.940165
v -0.091109 1.334732 0.925040
v -0.140515 1.241423 0.947276
v -0.138619 1.288424 0.934490
v -0.136389 1.334732 0.919457
v -0.011984 0.036521 0.242983
v -0.014125 0.049293 0.287237
v -0.016327 0.064501 0.332312
v -0.023883 0.036559 0.242487
v -0.028199 0.049304 0.286312
v -0.032613 0.064502 0.331124
v -0.035650 0.036521 0.240652
v -0.042184 0.049293 0.284474
v -0.048818 0.064501 0.329112
v -0.048382 1.048753 0.984850
v -0.048207 1.097389 0.981288
v -0.047916 1.145791 0.975365
v -0.096648 1.048753 0.981288
v -0.096299 1.097389 0.977739
v -0.095718 1.145791 0.971838
v -0.144682 1.048753 0.975365
v -0.144159 1.097389 0.971838
v -0.143289 1.145791 0.965972
v -0.013329 1.985270 0.135336
v -0.008217 1.981343 0.160481
v -0.007529 1.986701 0.124216
v -0.009104 1.990311 0.092429
v -0.016849 1.986701 0.123298
v -0.023249 1.981343 0.159001
v -0.016002 1.981055 0.162470
v -0.013329 0.014730 0.135336
v -0.009104 0.009689 0.092429
v -0.007529 0.013299 0.124216
v -0.008217 0.018658 0.160481
v -0.016002 0.018945 0.162470
v -0.023249 0.018658 0.159001
v -0.016849 0.013299 0.123298
v -0.047916 0.854209 0.975365
v -0.048207 0.902611 0.981288
v -0.048382 0.951247 0.984850
v -0.095718 0.854209 0.971838
v -0.096299 0.902611 0.977739
v -0.096648 0.951247 0.981288
v -0.143289 0.854209 0.965972
v -0.144159 0.902611 0.971838
v -0.144682 0.951247 0.975365
v -0.016327 1.935499 0.332312
v -0.014125 1.950707 0.287237
v -0.011984 1.963479 0.242983
v -0.032613 1.935498 0.331124
v -0.028199 1.950696 0.286312
v -0.023883 1.963441 0.242487
v -0.048818 1.935499 0.329112
v -0.042184 1.950707 0.284474
v -0.035650 1.963478 0.240652
v -0.045609 0.665268 0.928398
v -0.046355 0.711576 0.943578
v -0.046989 0.758577 0.956487
v -0.091109 0.665268 0.925040
v -0.092598 0.711576 0.940165
v -0.093865 0.758577 0.953028
v -0.136389 0.665268 0.919457
v -0.138619 0.711576 0.934490
v -0.140515 0.758577 0.947276
v -0.024904 1.852233 0.506925
v -0.022835 1.876269 0.464814
v -0.020711 1.898197 0.421585
v -0.049747 1.852233 0.505091
v -0.045615 1.876269 0.463133
v -0.041372 1.898198 0.420060
v -0.074471 1.852233 0.502043
v -0.068285 1.876269 0.460338
v -0.061934 1.898197 0.417525
v -0.041549 0.489191 0.845753
v -0.042721 0.531624 0.869606
v -0.043790 0.575184 0.891367
v -0.082998 0.489191 0.842694
v -0.085339 0.531624 0.866461
v -0.087475 0.575184 0.888144
v -0.124248 0.489191 0.837608
v -0.127752 0.531624 0.861231
v -0.130949 0.575184 0.882783
v -0.032531 1.736204 0.662183
v -0.030730 1.768056 0.625535
v -0.028856 1.798062 0.587382
v -0.064983 1.736204 0.659788
v -0.061387 1.768056 0.623272
v -0.057643 1.798062 0.585257
v -0.097280 1.736204 0.655805
v -0.091896 1.768057 0.619510
v -0.086291 1.798061 0.581725
v -0.035892 0.332744 0.730605
v -0.037445 0.369672 0.762216
v -0.038908 0.408117 0.791993
v -0.071698 0.332744 0.727963
v -0.074800 0.369672 0.759459
v -0.077722 0.408117 0.789129
v -0.107332 0.332744 0.723569
v -0.111975 0.369672 0.754876
v -0.116350 0.408118 0.784366
v -0.038908 1.591882 0.791993
v -0.037445 1.630328 0.762216
v -0.035892 1.667256 0.730606
v -0.077722 1.591882 0.789128
v -0.074800 1.630328 0.759459
v -0.071698 1.667256 0.727963
v -0.116350 1.591882 0.784366
v -0.111975 1.630328 0.754876
v -0.107332 1.667256 0.723569
v -0.028856 0.201938 0.587381
v -0.030731 0.231943 0.625534
v -0.032531 0.263796 0.662182
v -0.057643 0.201938 0.585257
v -0.061387 0.231944 0.623272
v -0.064983 0.263796 0.659788
v -0.086291 0.201938 0.581725
v -0.091896 0.231944 0.619510
v -0.097280 0.263796 0.655805
v -0.043790 1.424816 0.891367
v -0.042721 1.468376 0.869606
v -0.041549 1.510809 0.845752
v -0.087475 1.424816 0.888144
v -0.085339 1.468376 0.866461
v -0.082998 1.510809 0.842694
v -0.130949 1.424816 0.882783
v -0.127752 1.468376 0.861231
v -0.124248 1.510809 0.837608
v -0.142894 0.201938 0.570466
v -0.152176 0.231943 0.607520
v -0.161091 0.263796 0.643113
v -0.170713 0.201938 0.562766
v -0.181802 0.231944 0.599320
v -0.192453 0.263796 0.634432
v -0.198122 0.201938 0.553713
v -0.210991 0.231944 0.589679
v -0.223352 0.263796 0.624226
v -0.216846 1.424816 0.865697
v -0.211552 1.468376 0.844562
v -0.205749 1.510809 0.821396
v -0.259062 1.424816 0.854013
v -0.252737 1.468376 0.833163
v -0.245805 1.510809 0.810309
v -0.300655 1.424816 0.840274
v -0.293315 1.468376 0.819760
v -0.285269 1.510809 0.797274
v -0.102560 0.101803 0.409444
v -0.113077 0.123731 0.451428
v -0.123321 0.147767 0.492326
v -0.122527 0.101803 0.403918
v -0.135091 0.123731 0.445335
v -0.147330 0.147767 0.485681
v -0.142199 0.101803 0.397420
v -0.156780 0.123731 0.438171
v -0.170984 0.147767 0.477868
v -0.232688 1.241423 0.928942
v -0.229547 1.288424 0.916404
v -0.225854 1.334732 0.901661
v -0.277988 1.241423 0.916404
v -0.274236 1.288424 0.904035
v -0.269824 1.334732 0.889491
v -0.322620 1.241423 0.901661
v -0.318265 1.288424 0.889491
v -0.313145 1.334732 0.875182
v -0.059157 0.036521 0.235976
v -0.069891 0.049293 0.278962
v -0.080844 0.064501 0.322742
v -0.070731 0.036559 0.233169
v -0.083514 0.049304 0.275309
v -0.096585 0.064502 0.318400
v -0.081914 0.036521 0.229073
v -0.096871 0.049293 0.270778
v -0.112086 0.064501 0.313264
v -0.239587 1.048753 0.956487
v -0.238721 1.097389 0.953028
v -0.237280 1.145791 0.947276
v -0.286231 1.048753 0.943578
v -0.285196 1.097389 0.940165
v -0.283475 1.145791 0.934490
v -0.332186 1.048753 0.928398
v -0.330985 1.097389 0.925040
v -0.328987 1.145791 0.919457
v -0.039476 1.985270 0.130136
v -0.039368 1.981343 0.155795
v -0.031617 1.986701 0.120361
v -0.026961 1.990311 0.088877
v -0.040580 1.986701 0.117642
v -0.053822 1.981343 0.151410
v -0.047391 1.981055 0.156227
v -0.039476 0.014730 0.130136
v -0.026961 0.009689 0.088877
v -0.031617 0.013299 0.120361
v -0.039368 0.018658 0.155795
v -0.047391 0.018945 0.156227
v -0.053822 0.018658 0.151410
v -0.040580 0.013299 0.117642
v -0.237280 0.854209 0.947276
v -0.238721 0.902611 0.953028
v -0.239587 0.951247 0.956487
v -0.283475 0.854209 0.934490
v -0.285196 0.902611 0.940165
v -0.286231 0.951247 0.943578
v -0.328987 0.854209 0.919457
v -0.330985 0.902611 0.925040
v -0.332186 0.951247 0.928398
v -0.080844 1.935499 0.322742
v -0.069891 1.950707 0.278962
v -0.059157 1.963479 0.235976
v -0.096585 1.935498 0.318400
v -0.083514 1.950696 0.275309
v -0.070731 1.963441 0.233169
v -0.112086 1.935499 0.313265
v -0.096871 1.950707 0.270778
v -0.081914 1.963478 0.229073
v -0.225854 0.665268 0.901661
v -0.229547 0.711576 0.916404
v -0.232688 0.758577 0.928942
v -0.269824 0.665268 0.889491
v -0.274236 0.711576 0.904035
v -0.277988 0.758577 0.916404
v -0.313145 0.665268 0.875182
v -0.318265 0.711576 0.889491
v -0.322620 0.758577 0.901661
v -0.123321 1.852233 0.492326
v -0.113077 1.876269 0.451428
v -0.102560 1.898197 0.409444
v -0.147330 1.852233 0.485681
v -0.135091 1.876269 0.445335
v -0.122527 1.898198 0.403918
v -0.170984 1.852233 0.477868
v -0.156780 1.876269 0.438171
v -0.142199 1.898197 0.397420
v -0.205749 0.489191 0.821396
v -0.211552 0.531624 0.844562
v -0.216846 0.575184 0.865697
v -0.245805 0.489191 0.810310
v -0.252737 0.531624 0.833163
v -0.259062 0.575184 0.854013
v -0.285269 0.489191 0.797274
v -0.293315 0.531624 0.819760
v -0.300655 0.575184 0.840274
v -0.161091 1.736204 0.643113
v -0.152176 1.768056 0.607520
v -0.142894 1.798062 0.570466
v -0.192453 1.736204 0.634432
v -0.181802 1.768056 0.599320
v -0.170713 1.798062 0.562766
v -0.223352 1.736204 0.624226
v -0.210991 1.768057 0.589679
v -0.198122 1.798061 0.553713
v -0.177737 0.332744 0.709565
v -0.185427 0.369672 0.740265
v -0.192671 0.408117 0.769185
v -0.212339 0.332744 0.699988
v -0.221526 0.369672 0.730274
v -0.230180 0.408117 0.758803
v -0.246431 0.332744 0.688727
v -0.257093 0.369672 0.718526
v -0.267136 0.408118 0.746596
v -0.192671 1.591882 0.769185
v -0.185427 1.630328 0.740265
v -0.177737 1.667256 0.709565
v -0.230180 1.591882 0.758803
v -0.221526 1.630328 0.730274
v -0.212339 1.667256 0.699988
v -0.267136 1.591882 0.746596
v -0.257093 1.630328 0.718526
v -0.246431 1.667256 0.688727
v -0.142255 1.935499 0.300768
v -0.122971 1.950707 0.259967
v -0.104057 1.963479 0.219901
v -0.156846 1.935498 0.293439
v -0.135620 1.950696 0.253726
v -0.114861 1.963441 0.214890
v -0.171047 1.935499 0.285378
v -0.147836 1.950707 0.246676
v -0.125030 1.963478 0.208691
v -0.397420 0.665268 0.840274
v -0.403918 0.711576 0.854013
v -0.409444 0.758577 0.865697
v -0.438171 0.665268 0.819760
v -0.445335 0.711576 0.833163
v -0.451428 0.758577 0.844562
v -0.477868 0.665268 0.797274
v -0.485681 0.711576 0.810309
v -0.492326 0.758577 0.821396
v -0.217000 1.852233 0.458807
v -0.198973 1.876269 0.420694
v -0.180468 1.898197 0.381568
v -0.239251 1.852233 0.447606
v -0.219376 1.876269 0.410423
v -0.198973 1.898198 0.372253
v -0.260926 1.852233 0.435328
v -0.239251 1.876269 0.399165
v -0.217000 1.898197 0.362042
v -0.362042 0.489191 0.765473
v -0.372253 0.531624 0.787063
v -0.381568 0.575184 0.806759
v -0.399165 0.489191 0.746785
v -0.410423 0.531624 0.767848
v -0.420694 0.575184 0.787063
v -0.435328 0.489191 0.726301
v -0.447606 0.531624 0.746785
v -0.458807 0.575184 0.765473
v -0.283461 1.736204 0.599328
v -0.267773 1.768056 0.566159
v -0.251441 1.798062 0.531627
v -0.312527 1.736204 0.584696
v -0.295230 1.768056 0.552337
v -0.277223 1.798062 0.518648
v -0.340841 1.736204 0.568658
v -0.321977 1.768057 0.537186
v -0.302339 1.798061 0.504422
v -0.312751 0.332744 0.661256
v -0.326282 0.369672 0.689866
v -0.339029 0.408117 0.716817
v -0.344820 0.332744 0.645113
v -0.359739 0.369672 0.673024
v -0.373793 0.408117 0.699317
v -0.376060 0.332744 0.627417
v -0.392330 0.369672 0.654563
v -0.407657 0.408118 0.680134
v -0.339029 1.591882 0.716817
v -0.326282 1.630328 0.689866
v -0.312751 1.667256 0.661256
v -0.373793 1.591882 0.699317
v -0.359739 1.630328 0.673024
v -0.344820 1.667256 0.645113
v -0.407657 1.591882 0.680134
v -0.392330 1.630328 0.654563
v -0.376060 1.667256 0.627417
v -0.251441 0.201938 0.531627
v -0.267773 0.231943 0.566159
v -0.283461 0.263796 0.599328
v -0.277223 0.201938 0.518648
v -0.295230 0.231944 0.552337
v -0.312527 0.263796 0.584696
v -0.302339 0.201938 0.504422
v -0.321977 0.231944 0.537186
v -0.340841 0.263796 0.568658
v -0.381568 1.424816 0.806759
v -0.372253 1.468376 0.787063
v -0.362042 1.510809 0.765473
v -0.420694 1.424816 0.787063
v -0.410423 1.468376 0.767848
v -0.399165 1.510809 0.746785
v -0.458807 1.424816 0.765473
v -0.447606 1.468376 0.746786
v -0.435328 1.510809 0.726301
v -0.180468 0.101803 0.381568
v -0.198973 0.123731 0.420694
v -0.217000 0.147767 0.458807
v -0.198973 0.101803 0.372253
v -0.219376 0.123731 0.410423
v -0.239251 0.147767 0.447606
v -0.217000 0.101803 0.362042
v -0.239251 0.123731 0.399165
v -0.260926 0.147767 0.435328
v -0.409444 1.241423 0.865697
v -0.403918 1.288424 0.854013
v -0.397420 1.334732 0.840274
v -0.451428 1.241423 0.844562
v -0.445335 1.288424 0.833163
v -0.438171 1.334732 0.819760
v -0.492326 1.241423 0.821396
v -0.485681 1.288424 0.810309
v -0.477868 1.334732 0.797274
v -0.104057 0.036521 0.219901
v -0.122971 0.049293 0.259967
v -0.142255 0.064501 0.300768
v -0.114861 0.036559 0.214890
v -0.135620 0.049304 0.253726
v -0.156846 0.064502 0.293439
v -0.125030 0.036521 0.208691
v -0.147836 0.049293 0.246676
v -0.171047 0.064501 0.285378
v -0.421585 1.048753 0.891368
v -0.420061 1.097389 0.888144
v -0.417525 1.145791 0.882783
v -0.464814 1.048753 0.869606
v -0.463133 1.097389 0.866461
v -0.460338 1.145791 0.861231
v -0.506925 1.048753 0.845753
v -0.505091 1.097389 0.842694
v -0.502043 1.145791 0.837608
v -0.064106 1.985270 0.119934
v -0.069005 1.981343 0.145121
v -0.054491 1.986701 0.111880
v -0.043782 1.990311 0.081910
v -0.062751 1.986702 0.107465
v -0.082326 1.981343 0.138001
v -0.076958 1.981055 0.143979
v -0.064106 0.014730 0.119934
v -0.043782 0.009689 0.081910
v -0.054491 0.013299 0.111880
v -0.069005 0.018658 0.145121
v -0.076958 0.018945 0.143979
v -0.082326 0.018658 0.138001
v -0.062751 0.013299 0.107465
v -0.417525 0.854209 0.882783
v -0.420061 0.902611 0.888144
v -0.421585 0.951247 0.891368
v -0.460338 0.854209 0.861231
v -0.463133 0.902611 0.866461
v -0.464814 0.951247 0.869606
v -0.502043 0.854209 0.837608
v -0.505091 0.902611 0.842694
v -0.506925 0.951247 0.845753
v -0.531627 1.424816 0.716817
v -0.518648 1.468376 0.699317
v -0.504422 1.510809 0.680134
v -0.566159 1.424816 0.689866
v -0.552337 1.468376 0.673024
v -0.537186 1.510809 0.654563
v -0.599328 1.424816 0.661256
v -0.584696 1.468376 0.645113
v -0.568658 1.510809 0.627417
v -0.251441 0.101803 0.339029
v -0.277223 0.123731 0.373793
v -0.302339 0.147767 0.407657
v -0.267773 0.101803 0.326282
v -0.295230 0.123731 0.359739
v -0.321977 0.147767 0.392330
v -0.283461 0.101803 0.312751
v -0.312527 0.123731 0.344820
v -0.340841 0.147767 0.376059
v -0.570466 1.241423 0.769185
v -0.562766 1.288424 0.758803
v -0.553713 1.334732 0.746596
v -0.607520 1.241423 0.740265
v -0.599320 1.288424 0.730274
v -0.589679 1.334732 0.718526
v -0.643113 1.241423 0.709565
v -0.634432 1.288424 0.699988
v -0.624226 1.334732 0.688727
v -0.144958 0.036521 0.195375
v -0.171325 0.049293 0.230982
v -0.198198 0.064501 0.267237
v -0.154577 0.036559 0.188352
v -0.182513 0.049304 0.222393
v -0.211080 0.064502 0.257201
v -0.163341 0.036521 0.180289
v -0.193120 0.049293 0.213095
v -0.223435 0.064501 0.246525
v -0.587382 1.048753 0.791993
v -0.585257 1.097389 0.789128
v -0.581725 1.145791 0.784366
v -0.625535 1.048753 0.762216
v -0.623272 1.097389 0.759459
v -0.619510 1.145791 0.754875
v -0.662183 1.048753 0.730605
v -0.659788 1.097389 0.727963
v -0.655805 1.145791 0.723569
v -0.086272 1.985270 0.105123
v -0.095991 1.981343 0.128870
v -0.075271 1.986701 0.099099
v -0.058920 1.990311 0.071795
v -0.082511 1.986702 0.093158
v -0.107667 1.981343 0.119288
v -0.103569 1.981055 0.126199
v -0.086272 0.014730 0.105123
v -0.058920 0.009689 0.071795
v -0.075271 0.013299 0.099099
v -0.095991 0.018658 0.128870
v -0.103569 0.018945 0.126199
v -0.107667 0.018658 0.119288
v -0.082511 0.013299 0.093158
v -0.581725 0.854209 0.784366
v -0.585257 0.902611 0.789128
v -0.587382 0.951247 0.791993
v -0.619510 0.854209 0.754876
v -0.623272 0.902611 0.759459
v -0.625535 0.951247 0.762216
v -0.655805 0.854209 0.723569
v -0.659788 0.902611 0.727963
v -0.662183 0.951247 0.730606
v -0.198198 1.935499 0.267237
v -0.171325 1.950707 0.230982
v -0.144958 1.963479 0.195375
v -0.211080 1.935498 0.257201
v -0.182513 1.950696 0.222393
v -0.154577 1.963441 0.188352
v -0.223435 1.935499 0.246525
v -0.193120 1.950707 0.213095
v -0.163341 1.963478 0.180289
v -0.553713 0.665268 0.746596
v -0.562766 0.711576 0.758803
v -0.570466 0.758577 0.769185
v -0.589679 0.665268 0.718526
v -0.599320 0.711576 0.730274
v -0.607520 0.758577 0.740265
v -0.624226 0.665268 0.688727
v -0.634432 0.711576 0.699988
v -0.643113 0.758577 0.709565
v -0.302339 1.852233 0.407657
v -0.277223 1.876269 0.373793
v -0.251441 1.898197 0.339029
v -0.321977 1.852233 0.392330
v -0.295230 1.876269 0.359739
v -0.267773 1.898198 0.326282
v -0.340841 1.852233 0.376059
v -0.312527 1.876269 0.344820
v -0.283461 1.898197 0.312751
v -0.504422 0.489191 0.680134
v -0.518648 0.531624 0.699317
v -0.531627 0.575184 0.716817
v -0.537186 0.489191 0.654563
v -0.552337 0.531624 0.673024
v -0.566159 0.575184 0.689866
v -0.568658 0.489191 0.627417
v -0.584696 0.531624 0.645112
v -0.599328 0.575184 0.661256
v -0.394937 1.736204 0.532512
v -0.373080 1.768056 0.503040
v -0.350325 1.798062 0.472359
v -0.420590 1.736204 0.512491
v -0.397313 1.768056 0.484127
v -0.373080 1.798062 0.454599
v -0.445231 1.736204 0.491237
v -0.420590 1.768057 0.464049
v -0.394937 1.798061 0.435746
v -0.435746 0.332744 0.587536
v -0.454599 0.369672 0.612956
v -0.472359 0.408117 0.636902
v -0.464049 0.332744 0.565446
v -0.484127 0.369672 0.589911
v -0.503040 0.408117 0.612956
v -0.491237 0.332744 0.541996
v -0.512491 0.369672 0.565446
v -0.532512 0.408118 0.587536
v -0.472359 1.591882 0.636902
v -0.454599 1.630328 0.612956
v -0.435746 1.667256 0.587536
v -0.503040 1.591882 0.612956
v -0.484127 1.630328 0.589911
v -0.464049 1.667256 0.565446
v -0.532512 1.591882 0.587536
v -0.512491 1.630328 0.565446
v -0.491237 1.667256 0.541996
v -0.350325 0.201938 0.472359
v -0.373080 0.231943 0.503040
v -0.394937 0.263796 0.532512
v -0.373080 0.201938 0.454599
v -0.397313 0.231944 0.484127
v -0.420590 0.263796 0.512491
v -0.394937 0.201938 0.435746
v -0.420590 0.231944 0.464049
v -0.445231 0.263796 0.491237
v -0.688727 0.665268 0.624226
v -0.699988 0.711576 0.634432
v -0.709565 0.758577 0.643112
v -0.718526 0.665268 0.589679
v -0.730274 0.711576 0.599320
v -0.740265 0.758577 0.607520
v -0.746596 0.665268 0.553713
v -0.758803 0.711576 0.562766
v -0.769185 0.758577 0.570466
v -0.376060 1.852233 0.340841
v -0.344820 1.876269 0.312527
v -0.312751 1.898197 0.283461
v -0.392330 1.852233 0.321977
v -0.359739 1.876269 0.295230
v -0.326282 1.898198 0.267773
v -0.407657 1.852233 0.302339
v -0.373793 1.876269 0.277223
v -0.339029 1.898197 0.251441
v -0.627417 0.489191 0.568658
v -0.645113 0.531624 0.584696
v -0.661256 0.575184 0.599328
v -0.654563 0.489191 0.537186
v -0.673024 0.531624 0.552337
v -0.689866 0.575184 0.566159
v -0.680134 0.489191 0.504422
v -0.699317 0.531624 0.518648
v -0.716817 0.575184 0.531627
v -0.491237 1.736204 0.445231
v -0.464049 1.768056 0.420590
v -0.435746 1.798062 0.394937
v -0.512491 1.736204 0.420590
v -0.484127 1.768056 0.397313
v -0.454599 1.798062 0.373080
v -0.532512 1.736204 0.394937
v -0.503040 1.768057 0.373080
v -0.472359 1.798061 0.350325
v -0.541996 0.332744 0.491237
v -0.565446 0.369672 0.512491
v -0.587536 0.408117 0.532512
v -0.565446 0.332744 0.464049
v -0.589911 0.369672 0.484127
v -0.612956 0.408117 0.503040
v -0.587536 0.332744 0.435746
v -0.612956 0.369672 0.454599
v -0.636902 0.408118 0.472358
v -0.587536 1.591882 0.532512
v -0.565446 1.630328 0.512491
v -0.541996 1.667256 0.491237
v -0.612956 1.591882 0.503040
v -0.589911 1.630328 0.484127
v -0.565446 1.667256 0.464049
v -0.636902 1.591882 0.472358
v -0.612956 1.630328 0.454599
v -0.587536 1.667256 0.435746
v -0.435746 0.201938 0.394937
v -0.464049 0.231943 0.420590
v -0.491237 0.263796 0.445231
v -0.454599 0.201938 0.373080
v -0.484127 0.231944 0.397313
v -0.512491 0.263796 0.420590
v -0.472359 0.201938 0.350325
v -0.503040 0.231944 0.373080
v -0.532512 0.263796 0.394937
v -0.661256 1.424816 0.599328
v -0.645113 1.468376 0.584696
v -0.627417 1.510809 0.568658
v -0.689866 1.424816 0.566159
v -0.673024 1.468376 0.552337
v -0.654563 1.510809 0.537186
v -0.716817 1.424816 0.531627
v -0.699317 1.468376 0.518648
v -0.680134 1.510809 0.504422
v -0.312751 0.101803 0.283461
v -0.344820 0.123731 0.312527
v -0.376060 0.147767 0.340841
v -0.326282 0.101803 0.267773
v -0.359739 0.123731 0.295230
v -0.392330 0.147767 0.321977
v -0.339029 0.101803 0.251441
v -0.373793 0.123731 0.277223
v -0.407657 0.147767 0.302339
v -0.709565 1.241423 0.643112
v -0.699988 1.288424 0.634432
v -0.688727 1.334732 0.624226
v -0.740265 1.241423 0.607520
v -0.730274 1.288424 0.599320
v -0.718526 1.334732 0.589679
v -0.769185 1.241423 0.570466
v -0.758803 1.288424 0.562766
v -0.746596 1.334732 0.553713
v -0.180289 0.036521 0.163341
v -0.213095 0.049293 0.193120
v -0.246525 0.064501 0.223435
v -0.188352 0.036559 0.154577
v -0.222393 0.049304 0.182513
v -0.257201 0.064502 0.211079
v -0.195375 0.036521 0.144958
v -0.230982 0.049293 0.171325
v -0.267237 0.064501 0.198198
v -0.730606 1.048753 0.662182
v -0.727963 1.097389 0.659788
v -0.723569 1.145791 0.655805
v -0.762216 1.048753 0.625535
v -0.759459 1.097389 0.623272
v -0.754876 1.145791 0.619510
v -0.791993 1.048753 0.587382
v -0.789129 1.097389 0.585257
v -0.784366 1.145791 0.581725
v -0.105123 1.985270 0.086272
v -0.119288 1.981343 0.107667
v -0.093158 1.986701 0.082511
v -0.071795 1.990311 0.058920
v -0.099099 1.986702 0.075271
v -0.128870 1.981343 0.095991
v -0.126199 1.981055 0.103569
v -0.105123 0.014730 0.086272
v -0.071795 0.009689 0.058920
v -0.093158 0.013299 0.082511
v -0.119288 0.018658 0.107667
v -0.126199 0.018945 0.103569
v -0.128870 0.018658 0.095991
v -0.099099 0.013299 0.075271
v -0.723569 0.854209 0.655805
v -0.727963 0.902611 0.659788
v -0.730606 0.951247 0.662183
v -0.754876 0.854209 0.619510
v -0.759459 0.902611 0.623272
v -0.762216 0.951247 0.625535
v -0.784366 0.854209 0.581725
v -0.789129 0.902611 0.585257
v -0.791993 0.951247 0.587382
v -0.246525 1.935499 0.223435
v -0.213095 1.950707 0.193120
v -0.180289 1.963479 0.163341
v -0.257201 1.935498 0.211079
v -0.222393 1.950696 0.182513
v -0.188352 1.963441 0.154577
v -0.267237 1.935499 0.198198
v -0.230982 1.950707 0.171325
v -0.195375 1.963478 0.144958
v -0.362042 0.101803 0.217000
v -0.399165 0.123731 0.239250
v -0.435328 0.147767 0.260926
v -0.372253 0.101803 0.198973
v -0.410423 0.123731 0.219376
v -0.447606 0.147767 0.239250
v -0.381568 0.101803 0.180468
v -0.420694 0.123731 0.198973
v -0.458807 0.147767 0.217000
v -0.821396 1.241423 0.492326
v -0.810310 1.288424 0.485681
v -0.797274 1.334732 0.477868
v -0.844562 1.241423 0.451428
v -0.833163 1.288424 0.445335
v -0.819760 1.334732 0.438171
v -0.865697 1.241423 0.409444
v -0.854013 1.288424 0.403918
v -0.840274 1.334732 0.397420
v -0.208691 0.036521 0.125030
v -0.246676 0.049293 0.147836
v -0.285378 0.064501 0.171047
v -0.214890 0.036559 0.114861
v -0.253726 0.049304 0.135620
v -0.293439 0.064502 0.156846
v -0.219901 0.036521 0.104057
v -0.259967 0.049293 0.122971
v -0.300768 0.064501 0.142255
v -0.845753 1.048753 0.506925
v -0.842694 1.097389 0.505091
v -0.837608 1.145791 0.502043
v -0.869606 1.048753 0.464814
v -0.866461 1.097389 0.463133
v -0.861231 1.145791 0.460338
v -0.891368 1.048753 0.421585
v -0.888144 1.097389 0.420060
v -0.882783 1.145791 0.417525
v -0.119934 1.985270 0.064106
v -0.138001 1.981343 0.082326
v -0.107465 1.986701 0.062751
v -0.081910 1.990311 0.043782
v -0.111880 1.986702 0.054491
v -0.145121 1.981343 0.069005
v -0.143979 1.981055 0.076958
v -0.119934 0.014730 0.064106
v -0.081910 0.009689 0.043782
v -0.107465 0.013299 0.062751
v -0.138001 0.018658 0.082326
v -0.143979 0.018945 0.076958
v -0.145121 0.018658 0.069005
v -0.111880 0.013299 0.054491
v -0.837608 0.854209 0.502043
v -0.842694 0.902611 0.505091
v -0.845753 0.951247 0.506925
v -0.861231 0.854209 0.460338
v -0.866461 0.902611 0.463133
v -0.869606 0.951247 0.464814
v -0.882783 0.854209 0.417525
v -0.888144 0.902611 0.420060
v -0.891368 0.951247 0.421585
v -0.285378 1.935499 0.171047
v -0.246676 1.950707 0.147836
v -0.208691 1.963479 0.125030
v -0.293439 1.935498 0.156846
v -0.253726 1.950696 0.135620
v -0.214890 1.963441 0.114861
v -0.300768 1.935499 0.142255
v -0.259967 1.950707 0.122971
v -0.219901 1.963479 0.104057
v -0.797274 0.665268 0.477868
v -0.810309 0.711576 0.485681
v -0.821396 0.758577 0.492326
v -0.819760 0.665268 0.438171
v -0.833163 0.711576 0.445335
v -0.844563 0.758577 0.451428
v -0.840274 0.665268 0.397420
v -0.854013 0.711576 0.403918
v -0.865697 0.758577 0.409444
v -0.435328 1.852233 0.260926
v -0.399165 1.876269 0.239250
v -0.362042 1.898197 0.217000
v -0.447606 1.852233 0.239250
v -0.410423 1.876269 0.219376
v -0.372253 1.898198 0.198973
v -0.458807 1.852233 0.217000
v -0.420694 1.876269 0.198973
v -0.381568 1.898197 0.180468
v -0.726301 0.489191 0.435328
v -0.746785 0.531624 0.447606
v -0.765473 0.575184 0.458807
v -0.746786 0.489191 0.399165
v -0.767848 0.531624 0.410423
v -0.787063 0.575184 0.420694
v -0.765473 0.489191 0.362042
v -0.787063 0.531624 0.372253
v -0.806759 0.575184 0.381568
v -0.568658 1.736204 0.340841
v -0.537186 1.768056 0.321977
v -0.504422 1.798062 0.302339
v -0.584696 1.736204 0.312527
v -0.552337 1.768056 0.295230
v -0.518648 1.798062 0.277223
v -0.599328 1.736204 0.283461
v -0.566159 1.768057 0.267773
v -0.531627 1.798061 0.251441
v -0.627417 0.332744 0.376059
v -0.654563 0.369672 0.392330
v -0.680134 0.408117 0.407657
v -0.645113 0.332744 0.344820
v -0.673024 0.369672 0.359739
v -0.699317 0.408117 0.373792
v -0.661256 0.332744 0.312751
v -0.689866 0.369672 0.326282
v -0.716817 0.408118 0.339029
v -0.680134 1.591882 0.407657
v -0.654563 1.630328 0.392330
v -0.627417 1.667256 0.376059
v -0.699317 1.591882 0.373792
v -0.673024 1.630328 0.359739
v -0.645113 1.667256 0.344820
v -0.716817 1.591882 0.339029
v -0.689866 1.630328 0.326282
v -0.661256 1.667256 0.312751
v -0.504422 0.201938 0.302339
v -0.537186 0.231943 0.321977
v -0.568658 0.263796 0.340841
v -0.518648 0.201938 0.277223
v -0.552337 0.231944 0.295230
v -0.584696 0.263796 0.312527
v -0.531627 0.201938 0.251441
v -0.566159 0.231944 0.267773
v -0.599328 0.263796 0.283461
v -0.765473 1.424816 0.458807
v -0.746785 1.468376 0.447606
v -0.726301 1.510809 0.435328
v -0.787063 1.424816 0.420694
v -0.767848 1.468376 0.410423
v -0.746786 1.510809 0.399165
v -0.806759 1.424816 0.381568
v -0.787063 1.468376 0.372253
v -0.765473 1.510809 0.362042
v -0.477868 1.852233 0.170984
v -0.438171 1.876269 0.156780
v -0.397420 1.898197 0.142199
v -0.485681 1.852233 0.147330
v -0.445335 1.876269 0.135091
v -0.403918 1.898198 0.122527
v -0.492326 1.852233 0.123321
v -0.451428 1.876269 0.113077
v -0.409444 1.898197 0.102560
v -0.797274 0.489191 0.285269
v -0.819760 0.531624 0.293315
v -0.840274 0.575184 0.300655
v -0.810309 0.489191 0.245805
v -0.833163 0.531624 0.252737
v -0.854013 0.575184 0.259062
v -0.821396 0.489191 0.205749
v -0.844562 0.531624 0.211552
v -0.865697 0.575184 0.216846
v -0.624226 1.736204 0.223352
v -0.589679 1.768056 0.210991
v -0.553713 1.798062 0.198122
v -0.634432 1.736204 0.192453
v -0.599320 1.768056 0.181802
v -0.562766 1.798062 0.170713
v -0.643112 1.736204 0.161091
v -0.607520 1.768057 0.152176
v -0.570466 1.798061 0.142894
v -0.688727 0.332744 0.246431
v -0.718526 0.369672 0.257093
v -0.746596 0.408117 0.267136
v -0.699988 0.332744 0.212339
v -0.730274 0.369672 0.221526
v -0.758803 0.408117 0.230180
v -0.709565 0.332744 0.177737
v -0.740265 0.369672 0.185427
v -0.769184 0.408118 0.192670
v -0.746596 1.591882 0.267136
v -0.718525 1.630328 0.257093
v -0.688727 1.667256 0.246431
v -0.758803 1.591882 0.230180
v -0.730274 1.630328 0.221526
v -0.699988 1.667256 0.212339
v -0.769184 1.591882 0.192670
v -0.740265 1.630328 0.185427
v -0.709565 1.667256 0.177737
v -0.553713 0.201938 0.198122
v -0.589679 0.231943 0.210991
v -0.624226 0.263796 0.223352
v -0.562766 0.201938 0.170713
v -0.599320 0.231944 0.181802
v -0.634432 0.263796 0.192453
v -0.570466 0.201938 0.142894
v -0.607520 0.231944 0.152176
v -0.643113 0.263796 0.161091
v -0.840274 1.424816 0.300655
v -0.819760 1.468376 0.293315
v -0.797274 1.510809 0.285269
v -0.854013 1.424816 0.259062
v -0.833163 1.468376 0.252737
v -0.810309 1.510809 0.245805
v -0.865697 1.424816 0.216846
v -0.844562 1.468376 0.211552
v -0.821396 1.510809 0.205749
v -0.397420 0.101803 0.142199
v -0.438171 0.123731 0.156780
v -0.477868 0.147767 0.170984
v -0.403918 0.101803 0.122527
v -0.445335 0.123731 0.135091
v -0.485681 0.147767 0.147330
v -0.409444 0.101803 0.102560
v -0.451428 0.123731 0.113077
v -0.492326 0.147767 0.123321
v -0.901661 1.241423 0.322620
v -0.889491 1.288424 0.318265
v -0.875182 1.334732 0.313145
v -0.916404 1.241423 0.277988
v -0.904035 1.288424 0.274236
v -0.889491 1.334732 0.269824
v -0.928942 1.241423 0.232688
v -0.916404 1.288424 0.229547
v -0.901661 1.334732 0.225854
v -0.229073 0.036521 0.081914
v -0.270778 0.049293 0.096871
v -0.313264 0.064501 0.112086
v -0.233169 0.036559 0.070731
v -0.275309 0.049304 0.083514
v -0.318399 0.064502 0.096585
v -0.235976 0.036521 0.059157
v -0.278962 0.049293 0.069891
v -0.322742 0.064501 0.080844
v -0.928398 1.048753 0.332186
v -0.925040 1.097389 0.330985
v -0.919457 1.145791 0.328987
v -0.943578 1.048753 0.286231
v -0.940165 1.097389 0.285196
v -0.934490 1.145791 0.283474
v -0.956487 1.048753 0.239587
v -0.953028 1.097389 0.238721
v -0.947276 1.145791 0.237280
v -0.130136 1.985270 0.039476
v -0.151410 1.981343 0.053822
v -0.117642 1.986701 0.040580
v -0.088877 1.990311 0.026961
v -0.120361 1.986702 0.031617
v -0.155795 1.981343 0.039368
v -0.156227 1.981055 0.047391
v -0.130136 0.014730 0.039476
v -0.088877 0.009689 0.026961
v -0.117642 0.013299 0.040580
v -0.151410 0.018658 0.053822
v -0.156227 0.018945 0.047391
v -0.155795 0.018658 0.039368
v -0.120361 0.013299 0.031617
v -0.919457 0.854209 0.328987
v -0.925040 0.902611 0.330985
v -0.928398 0.951247 0.332186
v -0.934490 0.854209 0.283474
v -0.940165 0.902611 0.285196
v -0.943578 0.951247 0.286231
v -0.947276 0.854209 0.237280
v -0.953028 0.902611 0.238721
v -0.956487 0.951247 0.239587
v -0.313264 1.935499 0.112086
v -0.270778 1.950707 0.096871
v -0.229073 1.963479 0.081914
v -0.318399 1.935498 0.096585
v -0.275309 1.950696 0.083514
v -0.233169 1.963441 0.070731
v -0.322742 1.935499 0.080844
v -0.278962 1.950707 0.069891
v -0.235976 1.963478 0.059157
v -0.875182 0.665268 0.313145
v -0.889491 0.711576 0.318265
v -0.901661 0.758577 0.322620
v -0.889491 0.665268 0.269824
v -0.904035 0.711576 0.274236
v -0.916404 0.758577 0.277988
v -0.901661 0.665268 0.225854
v -0.916404 0.711576 0.229547
v -0.928942 0.758577 0.232688
v -0.947276 1.241423 0.140515
v -0.934490 1.288424 0.138619
v -0.919457 1.334732 0.136389
v -0.953028 1.241423 0.093865
v -0.940165 1.288424 0.092598
v -0.925040 1.334732 0.091108
v -0.956487 1.241423 0.046989
v -0.943578 1.288424 0.046355
v -0.928398 1.334732 0.045609
v -0.240652 0.036521 0.035650
v -0.284474 0.049293 0.042184
v -0.329112 0.064501 0.048817
v -0.242487 0.036559 0.023883
v -0.286312 0.049304 0.028199
v -0.331124 0.064502 0.032613
v -0.242983 0.036521 0.011984
v -0.287237 0.049293 0.014125
v -0.332312 0.064501 0.016327
v -0.975365 1.048753 0.144682
v -0.971838 1.097389 0.144159
v -0.965972 1.145791 0.143289
v -0.981288 1.048753 0.096648
v -0.977739 1.097389 0.096299
v -0.971838 1.145791 0.095718
v -0.984850 1.048753 0.048382
v -0.981288 1.097389 0.048207
v -0.975365 1.145791 0.047916
v -0.135336 1.985270 0.013329
v -0.159001 1.981343 0.023249
v -0.123298 1.986701 0.016849
v -0.092429 1.990311 0.009104
v -0.124216 1.986702 0.007529
v -0.160481 1.981343 0.008217
v -0.162470 1.981055 0.016002
v -0.135336 0.014730 0.013329
v -0.092429 0.009689 0.009104
v -0.123298 0.013299 0.016849
v -0.159001 0.018658 0.023249
v -0.162470 0.018945 0.016002
v -0.160481 0.018658 0.008217
v -0.124216 0.013299 0.007529
v -0.965972 0.854209 0.143289
v -0.971838 0.902611 0.144159
v -0.975365 0.951247 0.144682
v -0.971838 0.854209 0.095718
v -0.977739 0.902611 0.096299
v -0.981288 0.951247 0.096648
v -0.975365 0.854209 0.047916
v -0.981288 0.902611 0.048207
v -0.984850 0.951247 0.048382
v -0.329112 1.935499 0.048817
v -0.284474 1.950707 0.042184
v -0.240652 1.963479 0.035650
v -0.331124 1.935498 0.032613
v -0.286312 1.950696 0.028199
v -0.242487 1.963441 0.023883
v -0.332312 1.935499 0.016327
v -0.287237 1.950707 0.014125
v -0.242983 1.963479 0.011984
v -0.919457 0.665268 0.136389
v -0.934490 0.711576 0.138619
v -0.947276 0.758577 0.140515
v -0.925040 0.665268 0.091108
v -0.940165 0.711576 0.092598
v -0.953028 0.758577 0.093865
v -0.928398 0.665268 0.045609
v -0.943578 0.711576 0.046355
v -0.956487 0.758577 0.046989
v -0.502043 1.852233 0.074471
v -0.460338 1.876269 0.068285
v -0.417525 1.898197 0.061934
v -0.505091 1.852233 0.049747
v -0.463133 1.876269 0.045615
v -0.420060 1.898198 0.041372
v -0.506925 1.852233 0.024903
v -0.464814 1.876269 0.022835
v -0.421585 1.898197 0.020711
v -0.837607 0.489191 0.124248
v -0.861231 0.531624 0.127752
v -0.882783 0.575184 0.130949
v -0.842694 0.489191 0.082998
v -0.866461 0.531624 0.085339
v -0.888144 0.575184 0.087475
v -0.845753 0.489191 0.041549
v -0.869606 0.531624 0.042721
v -0.891368 0.575184 0.043790
v -0.655805 1.736204 0.097280
v -0.619510 1.768056 0.091896
v -0.581725 1.798062 0.086291
v -0.659788 1.736204 0.064983
v -0.623272 1.768056 0.061387
v -0.585257 1.798062 0.057643
v -0.662183 1.736204 0.032531
v -0.625535 1.768057 0.030730
v -0.587382 1.798061 0.028856
v -0.723569 0.332744 0.107332
v -0.754876 0.369672 0.111975
v -0.784366 0.408117 0.116350
v -0.727963 0.332744 0.071698
v -0.759459 0.369672 0.074800
v -0.789129 0.408117 0.077722
v -0.730606 0.332744 0.035892
v -0.762216 0.369672 0.037445
v -0.791993 0.408118 0.038908
v -0.784366 1.591882 0.116350
v -0.754875 1.630328 0.111975
v -0.723569 1.667256 0.107332
v -0.789129 1.591882 0.077722
v -0.759459 1.630328 0.074800
v -0.727963 1.667256 0.071698
v -0.791993 1.591882 0.038908
v -0.762216 1.630328 0.037445
v -0.730606 1.667256 0.035892
v -0.581725 0.201938 0.086291
v -0.619510 0.231943 0.091896
v -0.655805 0.263796 0.097280
v -0.585257 0.201938 0.057643
v -0.623272 0.231944 0.061387
v -0.659788 0.263796 0.064983
v -0.587382 0.201938 0.028856
v -0.625535 0.231944 0.030730
v -0.662183 0.263796 0.032531
v -0.882783 1.424816 0.130949
v -0.861231 1.468376 0.127752
v -0.837607 1.510809 0.124248
v -0.888144 1.424816 0.087475
v -0.866461 1.468376 0.085339
v -0.842694 1.510809 0.082998
v -0.891368 1.424816 0.043790
v -0.869606 1.468376 0.042721
v -0.845752 1.510809 0.041549
v -0.417525 0.101803 0.061934
v -0.460338 0.123731 0.068285
v -0.502043 0.147767 0.074471
v -0.420060 0.101803 0.041372
v -0.463133 0.123731 0.045615
v -0.505091 0.147767 0.049747
v -0.421585 0.101803 0.020711
v -0.464814 0.123731 0.022835
v -0.506925 0.147767 0.024903
v -0.845753 0.489191 -0.041549
v -0.869606 0.531624 -0.042721
v -0.891368 0.575184 -0.043790
v -0.842694 0.489191 -0.082998
v -0.866461 0.531624 -0.085339
v -0.888144 0.575184 -0.087475
v -0.837608 0.489191 -0.124248
v -0.861231 0.531624 -0.127752
v -0.882783 0.575184 -0.130949
v -0.662183 1.736204 -0.032531
v -0.625535 1.768056 -0.030730
v -0.587382 1.798062 -0.028856
v -0.659788 1.736204 -0.064983
v -0.623272 1.768056 -0.061387
v -0.585257 1.798062 -0.057643
v -0.655805 1.736204 -0.097280
v -0.619510 1.768057 -0.091896
v -0.581725 1.798061 -0.086291
v -0.730606 0.332744 -0.035892
v -0.762216 0.369672 -0.037445
v -0.791993 0.408117 -0.038908
v -0.727963 0.332744 -0.071698
v -0.759459 0.369672 -0.074800
v -0.789128 0.408117 -0.077722
v -0.723569 0.332744 -0.107332
v -0.754875 0.369672 -0.111975
v -0.784366 0.408118 -0.116350
v -0.791993 1.591882 -0.038908
v -0.762216 1.630328 -0.037445
v -0.730606 1.667256 -0.035892
v -0.789128 1.591882 -0.077722
v -0.759459 1.630328 -0.074800
v -0.727963 1.667256 -0.071698
v -0.784366 1.591882 -0.116350
v -0.754875 1.630328 -0.111975
v -0.723569 1.667256 -0.107332
v -0.587382 0.201938 -0.028856
v -0.625535 0.231943 -0.030730
v -0.662183 0.263796 -0.032531
v -0.585257 0.201938 -0.057643
v -0.623272 0.231944 -0.061387
v -0.659788 0.263796 -0.064983
v -0.581725 0.201938 -0.086291
v -0.619510 0.231944 -0.091896
v -0.655805 0.263796 -0.097280
v -0.891368 1.424816 -0.043790
v -0.869606 1.468376 -0.042721
v -0.845753 1.510809 -0.041549
v -0.888144 1.424816 -0.087475
v -0.866461 1.468376 -0.085339
v -0.842694 1.510809 -0.082998
v -0.882783 1.424816 -0.130949
v -0.861231 1.468376 -0.127752
v -0.837608 1.510809 -0.124248
v -0.421585 0.101803 -0.020711
v -0.464814 0.123731 -0.022835
v -0.506925 0.147767 -0.024904
v -0.420060 0.101803 -0.041372
v -0.463133 0.123731 -0.045615
v -0.505091 0.147767 -0.049747
v -0.417525 0.101803 -0.061934
v -0.460338 0.123731 -0.068285
v -0.502043 0.147767 -0.074471
v -0.956487 1.241423 -0.046989
v -0.943578 1.288424 -0.046355
v -0.928398 1.334732 -0.045609
v -0.953028 1.241423 -0.093865
v -0.940165 1.288424 -0.092598
v -0.925040 1.334732 -0.091109
v -0.947276 1.241423 -0.140515
v -0.934490 1.288424 -0.138619
v -0.919457 1.334732 -0.136389
v -0.242983 0.036521 -0.011984
v -0.287237 0.049293 -0.014125
v -0.332312 0.064501 -0.016327
v -0.242487 0.036559 -0.023883
v -0.286312 0.049304 -0.028199
v -0.331124 0.064502 -0.032613
v -0.240652 0.036521 -0.035650
v -0.284474 0.049293 -0.042184
v -0.329112 0.064501 -0.048818
v -0.984850 1.048753 -0.048382
v -0.981288 1.097389 -0.048207
v -0.975365 1.145791 -0.047916
v -0.981288 1.048753 -0.096649
v -0.977739 1.097389 -0.096299
v -0.971838 1.145791 -0.095718
v -0.975365 1.048753 -0.144682
v -0.971837 1.097389 -0.144159
v -0.965972 1.145791 -0.143289
v -0.135336 1.985270 -0.013329
v -0.160481 1.981343 -0.008217
v -0.124216 1.986701 -0.007529
v -0.092429 1.990311 -0.009104
v -0.123298 1.986702 -0.016849
v -0.159001 1.981343 -0.023249
v -0.162470 1.981055 -0.016002
v -0.135336 0.014730 -0.013329
v -0.092429 0.009689 -0.009104
v -0.124216 0.013299 -0.007529
v -0.160481 0.018658 -0.008217
v -0.162470 0.018945 -0.016002
v -0.159001 0.018658 -0.023249
v -0.123298 0.013299 -0.016849
v -0.975365 0.854209 -0.047916
v -0.981288 0.902611 -0.048207
v -0.984850 0.951247 -0.048382
v -0.971838 0.854209 -0.095718
v -0.977739 0.902611 -0.096299
v -0.981288 0.951247 -0.096649
v -0.965972 0.854209 -0.143289
v -0.971837 0.902611 -0.144159
v -0.975365 0.951247 -0.144682
v -0.332312 1.935499 -0.016327
v -0.287237 1.950707 -0.014125
v -0.242983 1.963479 -0.011984
v -0.331124 1.935498 -0.032613
v -0.286312 1.950696 -0.028199
v -0.242487 1.963441 -0.023883
v -0.329112 1.935499 -0.048818
v -0.284474 1.950707 -0.042184
v -0.240652 1.963478 -0.035650
v -0.928398 0.665268 -0.045609
v -0.943578 0.711576 -0.046355
v -0.956487 0.758577 -0.046989
v -0.925040 0.665268 -0.091109
v -0.940165 0.711576 -0.092598
v -0.953028 0.758577 -0.093865
v -0.919457 0.665268 -0.136389
v -0.934490 0.711576 -0.138619
v -0.947276 0.758577 -0.140515
v -0.506925 1.852233 -0.024904
v -0.464814 1.876269 -0.022835
v -0.421585 1.898197 -0.020711
v -0.505091 1.852233 -0.049747
v -0.463133 1.876269 -0.045615
v -0.420060 1.898198 -0.041372
v -0.502043 1.852233 -0.074471
v -0.460338 1.876269 -0.068285
v -0.417525 1.898197 -0.061934
v -0.235976 0.036521 -0.059157
v -0.278962 0.049293 -0.069891
v -0.322742 0.064501 -0.080844
v -0.233169 0.036559 -0.070731
v -0.275309 0.049304 -0.083514
v -0.318399 0.064502 -0.096585
v -0.229073 0.036521 -0.081914
v -0.270778 0.049293 -0.096871
v -0.313264 0.064501 -0.112086
v -0.956487 1.048753 -0.239588
v -0.953028 1.097389 -0.238721
v -0.947276 1.145791 -0.237280
v -0.943577 1.048753 -0.286231
v -0.940165 1.097389 -0.285196
v -0.934490 1.145791 -0.283475
v -0.928398 1.048753 -0.332186
v -0.925040 1.097389 -0.330985
v -0.919457 1.145791 -0.328987
v -0.130136 1.985270 -0.039476
v -0.155795 1.981343 -0.039368
v -0.120361 1.986701 -0.031617
v -0.088877 1.990311 -0.026961
v -0.117642 1.986702 -0.040580
v -0.151410 1.981343 -0.053822
v -0.156227 1.981055 -0.047391
v -0.130136 0.014730 -0.039476
v -0.088877 0.009689 -0.026961
v -0.120361 0.013299 -0.031617
v -0.155795 0.018658 -0.039368
v -0.156227 0.018945 -0.047391
v -0.151410 0.018658 -0.053822
v -0.117642 0.013299 -0.040580
v -0.947276 0.854209 -0.237280
v -0.953028 0.902611 -0.238721
v -0.956487 0.951247 -0.239588
v -0.934490 0.854209 -0.283475
v -0.940165 0.902611 -0.285196
v -0.943577 0.951247 -0.286231
v -0.919457 0.854209 -0.328987
v -0.925040 0.902611 -0.330985
v -0.928398 0.951247 -0.332186
v -0.322742 1.935499 -0.080844
v -0.278962 1.950707 -0.069891
v -0.235976 1.963479 -0.059157
v -0.318399 1.935498 -0.096585
v -0.275309 1.950696 -0.083514
v -0.233169 1.963441 -0.070731
v -0.313264 1.935499 -0.112086
v -0.270778 1.950707 -0.096871
v -0.229073 1.963478 -0.081914
v -0.901661 0.665268 -0.225854
v -0.916404 0.711576 -0.229547
v -0.928942 0.758577 -0.232688
v -0.889491 0.665268 -0.269824
v -0.904035 0.711576 -0.274236
v -0.916404 0.758577 -0.277988
v -0.875182 0.665268 -0.313145
v -0.889491 0.711576 -0.318265
v -0.901661 0.758577 -0.322620
v -0.492326 1.852233 -0.123321
v -0.451428 1.876269 -0.113077
v -0.409444 1.898197 -0.102560
v -0.485681 1.852233 -0.147330
v -0.445335 1.876269 -0.135091
v -0.403918 1.898198 -0.122527
v -0.477868 1.852233 -0.170984
v -0.438171 1.876269 -0.156780
v -0.397420 1.898197 -0.142199
v -0.821396 0.489191 -0.205749
v -0.844562 0.531624 -0.211552
v -0.865697 0.575184 -0.216846
v -0.810309 0.489191 -0.245805
v -0.833163 0.531624 -0.252737
v -0.854013 0.575184 -0.259062
v -0.797274 0.489191 -0.285269
v -0.819760 0.531624 -0.293315
v -0.840274 0.575184 -0.300655
v -0.643112 1.736204 -0.161091
v -0.607520 1.768056 -0.152176
v -0.570466 1.798062 -0.142894
v -0.634432 1.736204 -0.192453
v -0.599320 1.768056 -0.181802
v -0.562766 1.798062 -0.170713
v -0.624226 1.736204 -0.223352
v -0.589679 1.768057 -0.210991
v -0.553713 1.798061 -0.198122
v -0.709565 0.332744 -0.177737
v -0.740265 0.369672 -0.185427
v -0.769184 0.408117 -0.192671
v -0.699988 0.332744 -0.212339
v -0.730274 0.369672 -0.221526
v -0.758803 0.408117 -0.230180
v -0.688727 0.332744 -0.246431
v -0.718525 0.369672 -0.257093
v -0.746595 0.408118 -0.267136
v -0.769184 1.591882 -0.192671
v -0.740265 1.630328 -0.185427
v -0.709565 1.667256 -0.177737
v -0.758803 1.591882 -0.230180
v -0.730274 1.630328 -0.221526
v -0.699988 1.667256 -0.212339
v -0.746596 1.591882 -0.267136
v -0.718525 1.630328 -0.257093
v -0.688727 1.667256 -0.246431
v -0.570466 0.201938 -0.142894
v -0.607520 0.231943 -0.152176
v -0.643112 0.263796 -0.161091
v -0.562766 0.201938 -0.170713
v -0.599320 0.231944 -0.181802
v -0.634432 0.263796 -0.192453
v -0.553713 0.201938 -0.198122
v -0.589679 0.231944 -0.210991
v -0.624226 0.263796 -0.223352
v -0.865697 1.424816 -0.216846
v -0.844562 1.468376 -0.211552
v -0.821396 1.510809 -0.205749
v -0.854013 1.424816 -0.259062
v -0.833163 1.468376 -0.252737
v -0.810309 1.510809 -0.245805
v -0.840274 1.424816 -0.300655
v -0.819760 1.468376 -0.293315
v -0.797274 1.510809 -0.285269
v -0.409444 0.101803 -0.102560
v -0.451428 0.123731 -0.113077
v -0.492326 0.147767 -0.123321
v -0.403918 0.101803 -0.122527
v -0.445335 0.123731 -0.135091
v -0.485681 0.147767 -0.147330
v -0.397420 0.101803 -0.142199
v -0.438171 0.123731 -0.156780
v -0.477868 0.147767 -0.170984
v -0.928942 1.241423 -0.232688
v -0.916404 1.288424 -0.229547
v -0.901661 1.334732 -0.225854
v -0.916404 1.241423 -0.277988
v -0.904035 1.288424 -0.274236
v -0.889491 1.334732 -0.269824
v -0.901661 1.241423 -0.322620
v -0.889491 1.288424 -0.318265
v -0.875182 1.334732 -0.313145
v -0.661256 0.332744 -0.312751
v -0.689866 0.369672 -0.326282
v -0.716817 0.408117 -0.339029
v -0.645113 0.332744 -0.344820
v -0.673024 0.369672 -0.359739
v -0.699317 0.408117 -0.373793
v -0.627417 0.332744 -0.376059
v -0.654563 0.369672 -0.392330
v -0.680134 0.408118 -0.407657
v -0.716817 1.591882 -0.339029
v -0.689866 1.630328 -0.326282
v -0.661256 1.667256 -0.312751
v -0.699317 1.591882 -0.373793
v -0.673024 1.630328 -0.359739
v -0.645113 1.667256 -0.344820
v -0.680134 1.591882 -0.407657
v -0.654563 1.630328 -0.392330
v -0.627417 1.667256 -0.376059
v -0.531627 0.201938 -0.251441
v -0.566159 0.231943 -0.267773
v -0.599328 0.263796 -0.283461
v -0.518648 0.201938 -0.277223
v -0.552336 0.231944 -0.295230
v -0.584696 0.263796 -0.312527
v -0.504422 0.201938 -0.302339
v -0.537186 0.231944 -0.321977
v -0.568658 0.263796 -0.340841
v -0.806759 1.424816 -0.381568
v -0.787063 1.468376 -0.372253
v -0.765473 1.510809 -0.362042
v -0.787063 1.424816 -0.420694
v -0.767848 1.468376 -0.410423
v -0.746785 1.510809 -0.399165
v -0.765473 1.424816 -0.458807
v -0.746785 1.468376 -0.447606
v -0.726301 1.510809 -0.435328
v -0.381568 0.101803 -0.180468
v -0.420694 0.123731 -0.198973
v -0.458807 0.147767 -0.217000
v -0.372253 0.101803 -0.198973
v -0.410423 0.123731 -0.219376
v -0.447606 0.147767 -0.239251
v -0.362042 0.101803 -0.217000
v -0.399165 0.123731 -0.239251
v -0.435328 0.147767 -0.260926
v -0.865697 1.241423 -0.409444
v -0.854013 1.288424 -0.403918
v -0.840274 1.334732 -0.397420
v -0.844562 1.241423 -0.451428
v -0.833163 1.288424 -0.445335
v -0.819760 1.334732 -0.438171
v -0.821396 1.241423 -0.492326
v -0.810309 1.288424 -0.485681
v -0.797274 1.334732 -0.477868
v -0.219901 0.036521 -0.104057
v -0.259967 0.049293 -0.122971
v -0.300768 0.064501 -0.142255
v -0.214889 0.036559 -0.114861
v -0.253726 0.049304 -0.135620
v -0.293439 0.064502 -0.156846
v -0.208691 0.036521 -0.125030
v -0.246676 0.049293 -0.147836
v -0.285378 0.064501 -0.171047
v -0.891367 1.048753 -0.421585
v -0.888144 1.097389 -0.420060
v -0.882783 1.145791 -0.417525
v -0.869606 1.048753 -0.464814
v -0.866461 1.097389 -0.463133
v -0.861231 1.145791 -0.460338
v -0.845752 1.048753 -0.506925
v -0.842694 1.097389 -0.505091
v -0.837607 1.145791 -0.502043
v -0.119934 1.985270 -0.064106
v -0.145121 1.981343 -0.069005
v -0.111880 1.986701 -0.054491
v -0.081910 1.990311 -0.043782
v -0.107465 1.986702 -0.062751
v -0.138001 1.981343 -0.082326
v -0.143979 1.981055 -0.076958
v -0.119934 0.014730 -0.064106
v -0.081910 0.009689 -0.043782
v -0.111880 0.013299 -0.054491
v -0.145121 0.018658 -0.069005
v -0.143979 0.018945 -0.076958
v -0.138001 0.018658 -0.082326
v -0.107465 0.013299 -0.062751
v -0.882783 0.854209 -0.417525
v -0.888144 0.902611 -0.420060
v -0.891367 0.951247 -0.421585
v -0.861231 0.854209 -0.460338
v -0.866461 0.902611 -0.463133
v -0.869606 0.951247 -0.464814
v -0.837607 0.854209 -0.502043
v -0.842693 0.902611 -0.505091
v -0.845752 0.951247 -0.506925
v -0.300768 1.935499 -0.142255
v -0.259967 1.950707 -0.122971
v -0.219901 1.963479 -0.104057
v -0.293439 1.935498 -0.156846
v -0.253726 1.950696 -0.135620
v -0.214889 1.963441 -0.114861
v -0.285378 1.935499 -0.171047
v -0.246676 1.950707 -0.147836
v -0.208691 1.963478 -0.125030
v -0.840274 0.665268 -0.397420
v -0.854013 0.711576 -0.403918
v -0.865697 0.758577 -0.409444
v -0.819760 0.665268 -0.438171
v -0.833163 0.711576 -0.445335
v -0.844562 0.758577 -0.451428
v -0.797274 0.665268 -0.477868
v -0.810309 0.711576 -0.485681
v -0.821396 0.758577 -0.492326
v -0.458807 1.852233 -0.217000
v -0.420694 1.876269 -0.198973
v -0.381568 1.898197 -0.180468
v -0.447606 1.852233 -0.239251
v -0.410423 1.876269 -0.219376
v -0.372253 1.898198 -0.198973
v -0.435328 1.852233 -0.260926
v -0.399165 1.876269 -0.239251
v -0.362042 1.898197 -0.217000
v -0.765473 0.489191 -0.362042
v -0.787063 0.531624 -0.372253
v -0.806759 0.575184 -0.381568
v -0.746785 0.489191 -0.399165
v -0.767848 0.531624 -0.410423
v -0.787063 0.575184 -0.420694
v -0.726301 0.489191 -0.435328
v -0.746785 0.531624 -0.447606
v -0.765473 0.575184 -0.458807
v -0.599328 1.736204 -0.283461
v -0.566158 1.768056 -0.267773
v -0.531627 1.798062 -0.251441
v -0.584696 1.736204 -0.312527
v -0.552337 1.768056 -0.295230
v -0.518648 1.798062 -0.277223
v -0.568658 1.736204 -0.340841
v -0.537186 1.768057 -0.321977
v -0.504422 1.798061 -0.302339
v -0.105123 1.985270 -0.086272
v -0.128870 1.981343 -0.095991
v -0.099099 1.986701 -0.075271
v -0.071795 1.990311 -0.058920
v -0.093158 1.986702 -0.082511
v -0.119288 1.981343 -0.107667
v -0.126199 1.981055 -0.103569
v -0.105123 0.014730 -0.086272
v -0.071795 0.009689 -0.058920
v -0.099099 0.013298 -0.075271
v -0.128870 0.018658 -0.095991
v -0.126199 0.018945 -0.103569
v -0.119288 0.018658 -0.107667
v -0.093158 0.013298 -0.082511
v -0.784365 0.854209 -0.581725
v -0.789128 0.902611 -0.585257
v -0.791993 0.951247 -0.587382
v -0.754875 0.854209 -0.619510
v -0.759459 0.902611 -0.623272
v -0.762216 0.951247 -0.625535
v -0.723569 0.854209 -0.655805
v -0.727963 0.902611 -0.659788
v -0.730605 0.951247 -0.662183
v -0.267236 1.935499 -0.198198
v -0.230982 1.950707 -0.171325
v -0.195375 1.963479 -0.144958
v -0.257201 1.935498 -0.211079
v -0.222393 1.950696 -0.182513
v -0.188352 1.963441 -0.154577
v -0.246525 1.935499 -0.223435
v -0.213095 1.950707 -0.193120
v -0.180289 1.963478 -0.163341
v -0.746596 0.665268 -0.553713
v -0.758803 0.711576 -0.562766
v -0.769184 0.758577 -0.570466
v -0.718526 0.665268 -0.589679
v -0.730274 0.711576 -0.599320
v -0.740265 0.758577 -0.607520
v -0.688727 0.665268 -0.624226
v -0.699988 0.711576 -0.634432
v -0.709565 0.758577 -0.643112
v -0.407657 1.852233 -0.302339
v -0.373792 1.876269 -0.277223
v -0.339029 1.898197 -0.251441
v -0.392330 1.852233 -0.321977
v -0.359739 1.876269 -0.295230
v -0.326282 1.898198 -0.267773
v -0.376059 1.852233 -0.340841
v -0.344820 1.876269 -0.312527
v -0.312751 1.898197 -0.283461
v -0.680134 0.489191 -0.504422
v -0.699317 0.531624 -0.518648
v -0.716817 0.575184 -0.531627
v -0.654563 0.489191 -0.537186
v -0.673024 0.531624 -0.552337
v -0.689866 0.575184 -0.566159
v -0.627417 0.489191 -0.568658
v -0.645112 0.531624 -0.584696
v -0.661256 0.575184 -0.599328
v -0.532511 1.736204 -0.394937
v -0.503040 1.768056 -0.373080
v -0.472358 1.798062 -0.350325
v -0.512491 1.736204 -0.420590
v -0.484127 1.768056 -0.397313
v -0.454599 1.798062 -0.373080
v -0.491236 1.736204 -0.445231
v -0.464049 1.768057 -0.420590
v -0.435746 1.798061 -0.394937
v -0.587536 0.332744 -0.435746
v -0.612956 0.369672 -0.454599
v -0.636902 0.408117 -0.472358
v -0.565446 0.332744 -0.464049
v -0.589911 0.369672 -0.484127
v -0.612956 0.408117 -0.503040
v -0.541996 0.332744 -0.491237
v -0.565446 0.369672 -0.512491
v -0.587536 0.408118 -0.532512
v -0.636902 1.591882 -0.472358
v -0.612956 1.630328 -0.454599
v -0.587536 1.667256 -0.435746
v -0.612956 1.591882 -0.503040
v -0.589910 1.630328 -0.484127
v -0.565446 1.667256 -0.464049
v -0.587536 1.591882 -0.532512
v -0.565446 1.630328 -0.512491
v -0.541996 1.667256 -0.491237
v -0.472358 0.201938 -0.350325
v -0.503040 0.231943 -0.373080
v -0.532511 0.263796 -0.394937
v -0.454599 0.201938 -0.373080
v -0.484127 0.231944 -0.397313
v -0.512491 0.263796 -0.420590
v -0.435746 0.201938 -0.394937
v -0.464049 0.231944 -0.420590
v -0.491237 0.263796 -0.445231
v -0.716817 1.424816 -0.531627
v -0.699317 1.468376 -0.518648
v -0.680134 1.510809 -0.504422
v -0.689866 1.424816 -0.566159
v -0.673024 1.468376 -0.552337
v -0.654563 1.510809 -0.537186
v -0.661256 1.424816 -0.599328
v -0.645112 1.468376 -0.584696
v -0.627417 1.510809 -0.568658
v -0.339029 0.101803 -0.251441
v -0.373792 0.123731 -0.277223
v -0.407657 0.147767 -0.302339
v -0.326282 0.101803 -0.267773
v -0.359739 0.123731 -0.295230
v -0.392330 0.147767 -0.321977
v -0.312751 0.101803 -0.283461
v -0.344820 0.123731 -0.312527
v -0.376059 0.147767 -0.340841
v -0.769184 1.241423 -0.570466
v -0.758803 1.288424 -0.562766
v -0.746596 1.334732 -0.553713
v -0.740265 1.241423 -0.607520
v -0.730274 1.288424 -0.599320
v -0.718526 1.334732 -0.589679
v -0.709565 1.241423 -0.643112
v -0.699988 1.288424 -0.634432
v -0.688727 1.334732 -0.624226
v -0.195375 0.036521 -0.144958
v -0.230982 0.049293 -0.171325
v -0.267237 0.064501 -0.198198
v -0.188352 0.036559 -0.154577
v -0.222393 0.049304 -0.182513
v -0.257201 0.064502 -0.211079
v -0.180289 0.036521 -0.163341
v -0.213095 0.049293 -0.193120
v -0.246525 0.064501 -0.223435
v -0.791993 1.048753 -0.587382
v -0.789128 1.097389 -0.585257
v -0.784366 1.145791 -0.581725
v -0.762216 1.048753 -0.625535
v -0.759459 1.097389 -0.623272
v -0.754875 1.145791 -0.619510
v -0.730605 1.048753 -0.662183
v -0.727963 1.097389 -0.659788
v -0.723569 1.145791 -0.655805
v -0.532511 1.591882 -0.587536
v -0.512490 1.630328 -0.565446
v -0.491236 1.667256 -0.541996
v -0.503040 1.591882 -0.612956
v -0.484127 1.630328 -0.589911
v -0.464049 1.667256 -0.565446
v -0.472358 1.591882 -0.636902
v -0.454599 1.630328 -0.612956
v -0.435746 1.667256 -0.587536
v -0.394937 0.201938 -0.435746
v -0.420590 0.231943 -0.464049
v -0.445231 0.263796 -0.491237
v -0.373080 0.201938 -0.454599
v -0.397313 0.231944 -0.484127
v -0.420590 0.263796 -0.512491
v -0.350325 0.201938 -0.472358
v -0.373080 0.231944 -0.503040
v -0.394937 0.263796 -0.532512
v -0.599328 1.424816 -0.661256
v -0.584696 1.468376 -0.645113
v -0.568658 1.510809 -0.627417
v -0.566159 1.424816 -0.689866
v -0.552337 1.468376 -0.673024
v -0.537186 1.510809 -0.654563
v -0.531627 1.424816 -0.716817
v -0.518648 1.468376 -0.699317
v -0.504422 1.510809 -0.680134
v -0.283461 0.101803 -0.312751
v -0.312527 0.123731 -0.344820
v -0.340840 0.147767 -0.376059
v -0.267773 0.101803 -0.326282
v -0.295230 0.123731 -0.359739
v -0.321977 0.147767 -0.392330
v -0.251441 0.101803 -0.339029
v -0.277223 0.123731 -0.373792
v -0.302339 0.147767 -0.407657
v -0.643112 1.241423 -0.709565
v -0.634432 1.288424 -0.699988
v -0.624226 1.334732 -0.688727
v -0.607520 1.241423 -0.740265
v -0.599320 1.288424 -0.730274
v -0.589679 1.334732 -0.718525
v -0.570466 1.241423 -0.769184
v -0.562766 1.288424 -0.758803
v -0.553713 1.334732 -0.746596
v -0.163341 0.036521 -0.180289
v -0.193120 0.049293 -0.213095
v -0.223435 0.064501 -0.246525
v -0.154577 0.036559 -0.188352
v -0.182513 0.049304 -0.222393
v -0.211079 0.064502 -0.257201
v -0.144958 0.036521 -0.195375
v -0.171325 0.049293 -0.230982
v -0.198198 0.064501 -0.267237
v -0.662182 1.048753 -0.730606
v -0.659787 1.097389 -0.727963
v -0.655805 1.145791 -0.723569
v -0.625534 1.048753 -0.762216
v -0.623272 1.097389 -0.759459
v -0.619510 1.145791 -0.754876
v -0.587381 1.048753 -0.791993
v -0.585257 1.097389 -0.789129
v -0.581725 1.145791 -0.784366
v -0.086272 1.985270 -0.105123
v -0.107667 1.981343 -0.119288
v -0.082511 1.986701 -0.093158
v -0.058920 1.990311 -0.071795
v -0.075271 1.986702 -0.099099
v -0.095991 1.981343 -0.128870
v -0.103569 1.981055 -0.126199
v -0.086272 0.014730 -0.105123
v -0.058920 0.009689 -0.071795
v -0.082511 0.013298 -0.093158
v -0.107667 0.018658 -0.119288
v -0.103569 0.018945 -0.126199
v -0.095991 0.018658 -0.128870
v -0.075271 0.013299 -0.099099
v -0.655805 0.854209 -0.723569
v -0.659787 0.902611 -0.727963
v -0.662182 0.951247 -0.730606
v -0.619510 0.854209 -0.754876
v -0.623272 0.902611 -0.759459
v -0.625534 0.951247 -0.762216
v -0.581725 0.854209 -0.784366
v -0.585257 0.902611 -0.789129
v -0.587381 0.951247 -0.791993
v -0.223435 1.935499 -0.246525
v -0.193120 1.950707 -0.213095
v -0.163341 1.963479 -0.180289
v -0.211079 1.935498 -0.257201
v -0.182513 1.950696 -0.222393
v -0.154577 1.963441 -0.188352
v -0.198198 1.935499 -0.267237
v -0.171325 1.950707 -0.230982
v -0.144958 1.963478 -0.195375
v -0.624226 0.665268 -0.688727
v -0.634432 0.711576 -0.699988
v -0.643112 0.758577 -0.709565
v -0.589679 0.665268 -0.718525
v -0.599320 0.711576 -0.730274
v -0.607520 0.758577 -0.740265
v -0.553713 0.665268 -0.746596
v -0.562766 0.711576 -0.758803
v -0.570466 0.758577 -0.769184
v -0.340840 1.852233 -0.376059
v -0.312527 1.876269 -0.344820
v -0.283461 1.898197 -0.312751
v -0.321977 1.852233 -0.392330
v -0.295230 1.876269 -0.359739
v -0.267773 1.898198 -0.326282
v -0.302339 1.852233 -0.407657
v -0.277223 1.876269 -0.373793
v -0.251441 1.898197 -0.339029
v -0.568658 0.489191 -0.627417
v -0.584696 0.531624 -0.645113
v -0.599328 0.575184 -0.661256
v -0.537186 0.489191 -0.654563
v -0.552336 0.531624 -0.673024
v -0.566159 0.575184 -0.689866
v -0.504422 0.489191 -0.680134
v -0.518648 0.531624 -0.699317
v -0.531627 0.575184 -0.716817
v -0.445231 1.736204 -0.491237
v -0.420590 1.768056 -0.464049
v -0.394937 1.798062 -0.435746
v -0.420590 1.736204 -0.512491
v -0.397313 1.768056 -0.484127
v -0.373080 1.798062 -0.454599
v -0.394937 1.736204 -0.532511
v -0.373080 1.768057 -0.503040
v -0.350325 1.798061 -0.472358
v -0.491236 0.332744 -0.541996
v -0.512490 0.369672 -0.565446
v -0.532511 0.408117 -0.587536
v -0.464049 0.332744 -0.565446
v -0.484127 0.369672 -0.589911
v -0.503040 0.408117 -0.612956
v -0.435746 0.332744 -0.587536
v -0.454599 0.369672 -0.612956
v -0.472358 0.408118 -0.636902
v -0.502043 0.854209 -0.837607
v -0.505091 0.902611 -0.842694
v -0.506925 0.951247 -0.845752
v -0.460337 0.854209 -0.861231
v -0.463133 0.902611 -0.866461
v -0.464814 0.951247 -0.869606
v -0.417525 0.854209 -0.882783
v -0.420060 0.902611 -0.888144
v -0.421585 0.951247 -0.891367
v -0.171047 1.935499 -0.285378
v -0.147836 1.950707 -0.246676
v -0.125030 1.963479 -0.208691
v -0.156846 1.935498 -0.293439
v -0.135619 1.950696 -0.253726
v -0.114861 1.963441 -0.214889
v -0.142255 1.935499 -0.300768
v -0.122971 1.950707 -0.259967
v -0.104057 1.963478 -0.219901
v -0.477868 0.665268 -0.797274
v -0.485681 0.711576 -0.810309
v -0.492326 0.758577 -0.821396
v -0.438171 0.665268 -0.819760
v -0.445335 0.711576 -0.833163
v -0.451428 0.758577 -0.844562
v -0.397420 0.665268 -0.840274
v -0.403918 0.711576 -0.854013
v -0.409444 0.758577 -0.865697
v -0.260926 1.852233 -0.435328
v -0.239250 1.876269 -0.399165
v -0.217000 1.898197 -0.362042
v -0.239250 1.852233 -0.447606
v -0.219376 1.876269 -0.410423
v -0.198973 1.898198 -0.372253
v -0.216999 1.852233 -0.458807
v -0.198973 1.876269 -0.420694
v -0.180468 1.898197 -0.381568
v -0.435328 0.489191 -0.726301
v -0.447606 0.531624 -0.746785
v -0.458807 0.575184 -0.765473
v -0.399165 0.489191 -0.746785
v -0.410423 0.531624 -0.767848
v -0.420694 0.575184 -0.787063
v -0.362042 0.489191 -0.765473
v -0.372253 0.531624 -0.787063
v -0.381568 0.575184 -0.806758
v -0.340840 1.736204 -0.568658
v -0.321977 1.768056 -0.537186
v -0.302339 1.798062 -0.504422
v -0.312527 1.736204 -0.584696
v -0.295230 1.768056 -0.552336
v -0.277223 1.798062 -0.518648
v -0.283461 1.736204 -0.599328
v -0.267773 1.768057 -0.566159
v -0.251441 1.798061 -0.531627
v -0.376059 0.332744 -0.627417
v -0.392330 0.369672 -0.654563
v -0.407657 0.408117 -0.680134
v -0.344820 0.332744 -0.645113
v -0.359739 0.369672 -0.673024
v -0.373792 0.408117 -0.699317
v -0.312751 0.332744 -0.661256
v -0.326282 0.369672 -0.689866
v -0.339029 0.408118 -0.716817
v -0.407657 1.591882 -0.680134
v -0.392330 1.630328 -0.654563
v -0.376059 1.667256 -0.627417
v -0.373792 1.591882 -0.699317
v -0.359739 1.630328 -0.673024
v -0.344820 1.667256 -0.645112
v -0.339029 1.591882 -0.716817
v -0.326282 1.630328 -0.689866
v -0.312751 1.667256 -0.661256
v -0.302339 0.201938 -0.504422
v -0.321977 0.231943 -0.537186
v -0.340840 0.263796 -0.568658
v -0.277223 0.201938 -0.518648
v -0.295230 0.231944 -0.552337
v -0.312527 0.263796 -0.584696
v -0.251441 0.201938 -0.531627
v -0.267773 0.231944 -0.566159
v -0.283461 0.263796 -0.599328
v -0.458807 1.424816 -0.765473
v -0.447606 1.468376 -0.746785
v -0.435328 1.510809 -0.726301
v -0.420694 1.424816 -0.787063
v -0.410423 1.468376 -0.767848
v -0.399165 1.510809 -0.746785
v -0.381568 1.424816 -0.806758
v -0.372253 1.468376 -0.787063
v -0.362042 1.510809 -0.765473
v -0.217000 0.101803 -0.362042
v -0.239250 0.123731 -0.399165
v -0.260926 0.147767 -0.435328
v -0.198973 0.101803 -0.372253
v -0.219376 0.123731 -0.410423
v -0.239250 0.147767 -0.447606
v -0.180468 0.101803 -0.381568
v -0.198973 0.123731 -0.420694
v -0.216999 0.147767 -0.458807
v -0.492326 1.241423 -0.821396
v -0.485681 1.288424 -0.810309
v -0.477868 1.334732 -0.797274
v -0.451428 1.241423 -0.844562
v -0.445335 1.288424 -0.833163
v -0.438171 1.334732 -0.819760
v -0.409444 1.241423 -0.865697
v -0.403918 1.288424 -0.854013
v -0.397420 1.334732 -0.840274
v -0.125030 0.036521 -0.208691
v -0.147836 0.049293 -0.246676
v -0.171047 0.064501 -0.285378
v -0.114861 0.036559 -0.214889
v -0.135619 0.049304 -0.253726
v -0.156846 0.064502 -0.293439
v -0.104057 0.036521 -0.219901
v -0.122971 0.049293 -0.259967
v -0.142255 0.064501 -0.300768
v -0.506925 1.048753 -0.845752
v -0.505091 1.097389 -0.842694
v -0.502043 1.145791 -0.837607
v -0.464814 1.048753 -0.869606
v -0.463133 1.097389 -0.866461
v -0.460337 1.145791 -0.861231
v -0.421585 1.048753 -0.891367
v -0.420060 1.097389 -0.888144
v -0.417525 1.145791 -0.882783
v -0.064106 1.985270 -0.119934
v -0.082326 1.981343 -0.138001
v -0.062751 1.986701 -0.107465
v -0.043782 1.990311 -0.081910
v -0.054491 1.986702 -0.111880
v -0.069005 1.981343 -0.145121
v -0.076958 1.981055 -0.143979
v -0.064106 0.014730 -0.119934
v -0.043782 0.009689 -0.081910
v -0.062751 0.013298 -0.107465
v -0.082326 0.018658 -0.138001
v -0.076958 0.018945 -0.143979
v -0.069005 0.018658 -0.145121
v -0.054491 0.013299 -0.111880
v -0.198122 0.201938 -0.553713
v -0.210990 0.231943 -0.589679
v -0.223352 0.263796 -0.624226
v -0.170713 0.201938 -0.562766
v -0.181802 0.231944 -0.599320
v -0.192453 0.263796 -0.634432
v -0.142894 0.201938 -0.570466
v -0.152176 0.231944 -0.607520
v -0.161091 0.263796 -0.643112
v -0.300655 1.424816 -0.840274
v -0.293315 1.468376 -0.819760
v -0.285269 1.510809 -0.797274
v -0.259062 1.424816 -0.854013
v -0.252737 1.468376 -0.833163
v -0.245805 1.510809 -0.810309
v -0.216846 1.424816 -0.865697
v -0.211552 1.468376 -0.844562
v -0.205749 1.510809 -0.821396
v -0.142199 0.101803 -0.397420
v -0.156780 0.123731 -0.438171
v -0.170984 0.147767 -0.477868
v -0.122527 0.101803 -0.403918
v -0.135091 0.123731 -0.445335
v -0.147330 0.147767 -0.485681
v -0.102560 0.101803 -0.409444
v -0.113077 0.123731 -0.451428
v -0.123321 0.147767 -0.492326
v -0.322620 1.241423 -0.901661
v -0.318265 1.288424 -0.889491
v -0.313145 1.334732 -0.875181
v -0.277988 1.241423 -0.916403
v -0.274236 1.288424 -0.904035
v -0.269824 1.334732 -0.889491
v -0.232687 1.241423 -0.928941
v -0.229547 1.288424 -0.916404
v -0.225854 1.334732 -0.901661
v -0.081914 0.036521 -0.229073
v -0.096871 0.049293 -0.270778
v -0.112086 0.064501 -0.313264
v -0.070731 0.036559 -0.233169
v -0.083514 0.049304 -0.275309
v -0.096585 0.064502 -0.318399
v -0.059157 0.036521 -0.235976
v -0.069891 0.049293 -0.278962
v -0.080844 0.064501 -0.322742
v -0.332186 1.048753 -0.928398
v -0.330985 1.097389 -0.925040
v -0.328987 1.145791 -0.919457
v -0.286231 1.048753 -0.943577
v -0.285196 1.097389 -0.940165
v -0.283474 1.145791 -0.934490
v -0.239587 1.048753 -0.956487
v -0.238721 1.097389 -0.953028
v -0.237280 1.145791 -0.947276
v -0.039476 1.985270 -0.130136
v -0.053822 1.981343 -0.151410
v -0.040580 1.986701 -0.117642
v -0.026961 1.990311 -0.088877
v -0.031617 1.986702 -0.120361
v -0.039368 1.981343 -0.155795
v -0.047391 1.981055 -0.156226
v -0.039476 0.014730 -0.130136
v -0.026961 0.009689 -0.088877
v -0.040580 0.013298 -0.117642
v -0.053822 0.018658 -0.151410
v -0.047391 0.018945 -0.156226
v -0.039368 0.018658 -0.155795
v -0.031617 0.013299 -0.120361
v -0.328987 0.854209 -0.919457
v -0.330985 0.902611 -0.925040
v -0.332186 0.951247 -0.928398
v -0.283474 0.854209 -0.934490
v -0.285196 0.902611 -0.940165
v -0.286231 0.951247 -0.943577
v -0.237280 0.854209 -0.947276
v -0.238721 0.902611 -0.953028
v -0.239587 0.951247 -0.956487
v -0.112086 1.935499 -0.313264
v -0.096871 1.950707 -0.270778
v -0.081914 1.963479 -0.229073
v -0.096585 1.935498 -0.318399
v -0.083514 1.950696 -0.275309
v -0.070731 1.963441 -0.233169
v -0.080844 1.935499 -0.322741
v -0.069891 1.950707 -0.278962
v -0.059157 1.963478 -0.235976
v -0.313145 0.665268 -0.875181
v -0.318265 0.711576 -0.889491
v -0.322620 0.758577 -0.901661
v -0.269824 0.665268 -0.889491
v -0.274236 0.711576 -0.904035
v -0.277988 0.758577 -0.916404
v -0.225854 0.665268 -0.901661
v -0.229547 0.711576 -0.916403
v -0.232687 0.758577 -0.928941
v -0.170984 1.852233 -0.477868
v -0.156780 1.876269 -0.438171
v -0.142199 1.898197 -0.397420
v -0.147330 1.852233 -0.485681
v -0.135091 1.876269 -0.445335
v -0.122527 1.898198 -0.403918
v -0.123321 1.852233 -0.492326
v -0.113077 1.876269 -0.451428
v -0.102560 1.898197 -0.409444
v -0.285269 0.489191 -0.797274
v -0.293315 0.531624 -0.819760
v -0.300655 0.575184 -0.840274
v -0.245805 0.489191 -0.810309
v -0.252737 0.531624 -0.833163
v -0.259062 0.575184 -0.854013
v -0.205749 0.489191 -0.821396
v -0.211552 0.531624 -0.844562
v -0.216846 0.575184 -0.865697
v -0.223352 1.736204 -0.624226
v -0.210990 1.768056 -0.589679
v -0.198122 1.798062 -0.553713
v -0.192453 1.736204 -0.634432
v -0.181802 1.768056 -0.599320
v -0.170713 1.798062 -0.562766
v -0.161091 1.736204 -0.643112
v -0.152176 1.768057 -0.607520
v -0.142894 1.798061 -0.570466
v -0.246431 0.332744 -0.688727
v -0.257093 0.369672 -0.718525
v -0.267136 0.408117 -0.746595
v -0.212339 0.332744 -0.699988
v -0.221526 0.369672 -0.730274
v -0.230180 0.408117 -0.758803
v -0.177737 0.332744 -0.709565
v -0.185427 0.369672 -0.740265
v -0.192670 0.408118 -0.769184
v -0.267136 1.591882 -0.746596
v -0.257093 1.630328 -0.718525
v -0.246431 1.667256 -0.688727
v -0.230180 1.591882 -0.758803
v -0.221526 1.630328 -0.730274
v -0.212339 1.667256 -0.699988
v -0.192670 1.591882 -0.769184
v -0.185427 1.630328 -0.740265
v -0.177737 1.667256 -0.709565
v -0.048817 1.935499 -0.329112
v -0.042184 1.950707 -0.284474
v -0.035650 1.963479 -0.240652
v -0.032613 1.935498 -0.331124
v -0.028199 1.950696 -0.286312
v -0.023883 1.963441 -0.242487
v -0.016327 1.935499 -0.332312
v -0.014125 1.950707 -0.287237
v -0.011984 1.963478 -0.242983
v -0.136389 0.665268 -0.919457
v -0.138619 0.711576 -0.934490
v -0.140515 0.758577 -0.947276
v -0.091108 0.665268 -0.925040
v -0.092598 0.711576 -0.940165
v -0.093865 0.758577 -0.953028
v -0.045609 0.665268 -0.928398
v -0.046355 0.711576 -0.943577
v -0.046989 0.758577 -0.956487
v -0.074471 1.852233 -0.502043
v -0.068285 1.876269 -0.460338
v -0.061934 1.898197 -0.417525
v -0.049747 1.852233 -0.505091
v -0.045615 1.876269 -0.463133
v -0.041372 1.898198 -0.420060
v -0.024903 1.852233 -0.506925
v -0.022835 1.876269 -0.464814
v -0.020711 1.898197 -0.421585
v -0.124247 0.489191 -0.837607
v -0.127752 0.531624 -0.861231
v -0.130949 0.575184 -0.882783
v -0.082998 0.489191 -0.842694
v -0.085339 0.531624 -0.866461
v -0.087474 0.575184 -0.888144
v -0.041549 0.489191 -0.845752
v -0.042721 0.531624 -0.869606
v -0.043790 0.575184 -0.891367
v -0.097280 1.736204 -0.655805
v -0.091896 1.768056 -0.619510
v -0.086291 1.798062 -0.581725
v -0.064983 1.736204 -0.659788
v -0.061387 1.768056 -0.623272
v -0.057643 1.798062 -0.585257
v -0.032531 1.736204 -0.662183
v -0.030730 1.768057 -0.625535
v -0.028856 1.798061 -0.587382
v -0.107332 0.332744 -0.723569
v -0.111975 0.369672 -0.754875
v -0.116350 0.408117 -0.784366
v -0.071698 0.332744 -0.727963
v -0.074800 0.369672 -0.759459
v -0.077722 0.408117 -0.789128
v -0.035892 0.332744 -0.730605
v -0.037445 0.369672 -0.762216
v -0.038908 0.408118 -0.791993
v -0.116350 1.591882 -0.784366
v -0.111975 1.630328 -0.754875
v -0.107332 1.667256 -0.723569
v -0.077722 1.591882 -0.789128
v -0.074800 1.630328 -0.759459
v -0.071698 1.667256 -0.727963
v -0.038908 1.591882 -0.791993
v -0.037445 1.630328 -0.762216
v -0.035892 1.667256 -0.730606
v -0.086291 0.201938 -0.581725
v -0.091896 0.231943 -0.619510
v -0.097280 0.263796 -0.655805
v -0.057643 0.201938 -0.585257
v -0.061387 0.231944 -0.623272
v -0.064983 0.263796 -0.659788
v -0.028856 0.201938 -0.587382
v -0.030730 0.231944 -0.625535
v -0.032531 0.263796 -0.662183
v -0.130949 1.424816 -0.882783
v -0.127752 1.468376 -0.861231
v -0.124247 1.510809 -0.837607
v -0.087474 1.424816 -0.888144
v -0.085339 1.468376 -0.866461
v -0.082998 1.510809 -0.842694
v -0.043790 1.424816 -0.891367
v -0.042721 1.468376 -0.869606
v -0.041549 1.510809 -0.845752
v -0.061934 0.101803 -0.417525
v -0.068285 0.123731 -0.460338
v -0.074471 0.147767 -0.502043
v -0.041372 0.101803 -0.420060
v -0.045615 0.123731 -0.463133
v -0.049747 0.147767 -0.505091
v -0.020711 0.101803 -0.421585
v -0.022835 0.123731 -0.464814
v -0.024903 0.147767 -0.506925
v -0.140515 1.241423 -0.947276
v -0.138619 1.288424 -0.934490
v -0.136389 1.334732 -0.919457
v -0.093865 1.241423 -0.953028
v -0.092598 1.288424 -0.940165
v -0.091108 1.334732 -0.925040
v -0.046989 1.241423 -0.956487
v -0.046355 1.288424 -0.943577
v -0.045609 1.334732 -0.928398
v -0.035650 0.036521 -0.240652
v -0.042184 0.049293 -0.284474
v -0.048817 0.064501 -0.329112
v -0.023883 0.036559 -0.242487
v -0.028199 0.049304 -0.286312
v -0.032613 0.064502 -0.331124
v -0.011984 0.036521 -0.242983
v -0.014125 0.049293 -0.287237
v -0.016327 0.064501 -0.332312
v -0.144682 1.048753 -0.975365
v -0.144158 1.097389 -0.971837
v -0.143288 1.145791 -0.965972
v -0.096648 1.048753 -0.981288
v -0.096299 1.097389 -0.977738
v -0.095717 1.145791 -0.971837
v -0.048382 1.048753 -0.984850
v -0.048207 1.097389 -0.981288
v -0.047916 1.145791 -0.975365
v -0.013329 1.985270 -0.135336
v -0.023249 1.981343 -0.159001
v -0.016849 1.986701 -0.123298
v -0.009104 1.990311 -0.092429
v -0.007529 1.986702 -0.124216
v -0.008217 1.981343 -0.160481
v -0.016002 1.981055 -0.162470
v -0.013329 0.014730 -0.135336
v -0.009104 0.009689 -0.092429
v -0.016849 0.013298 -0.123298
v -0.023249 0.018658 -0.159001
v -0.016002 0.018945 -0.162470
v -0.008217 0.018658 -0.160481
v -0.007529 0.013299 -0.124216
v -0.143288 0.854209 -0.965972
v -0.144158 0.902611 -0.971837
v -0.144682 0.951247 -0.975365
v -0.095717 0.854209 -0.971837
v -0.096299 0.902611 -0.977738
v -0.096648 0.951247 -0.981288
v -0.047916 0.854209 -0.975365
v -0.048207 0.902611 -0.981288
v -0.048382 0.951247 -0.984850
v 0.043790 1.424816 -0.891367
v 0.042721 1.468376 -0.869606
v 0.041549 1.510809 -0.845752
v 0.087475 1.424816 -0.888144
v 0.085339 1.468376 -0.866461
v 0.082998 1.510809 -0.842694
v 0.130949 1.424816 -0.882783
v 0.127752 1.468376 -0.861231
v 0.124248 1.510809 -0.837607
v 0.020711 0.101803 -0.421585
v 0.022835 0.123731 -0.464814
v 0.024904 0.147767 -0.506925
v 0.041372 0.101803 -0.420060
v 0.045615 0.123731 -0.463133
v 0.049747 0.147767 -0.505091
v 0.061934 0.101803 -0.417525
v 0.068285 0.123731 -0.460338
v 0.074471 0.147767 -0.502043
v 0.046989 1.241423 -0.956487
v 0.046355 1.288424 -0.943577
v 0.045609 1.334732 -0.928398
v 0.093865 1.241423 -0.953028
v 0.092598 1.288424 -0.940165
v 0.091109 1.334732 -0.925040
v 0.140515 1.241423 -0.947276
v 0.138619 1.288424 -0.934490
v 0.136389 1.334732 -0.919457
v 0.011984 0.036521 -0.242983
v 0.014125 0.049293 -0.287237
v 0.016327 0.064501 -0.332312
v 0.023883 0.036559 -0.242487
v 0.028199 0.049304 -0.286312
v 0.032613 0.064502 -0.331124
v 0.035650 0.036521 -0.240652
v 0.042184 0.049293 -0.284474
v 0.048818 0.064501 -0.329112
v 0.048383 1.048753 -0.984850
v 0.048208 1.097389 -0.981288
v 0.047917 1.145791 -0.975365
v 0.096649 1.048753 -0.981288
v 0.096299 1.097389 -0.977738
v 0.095718 1.145791 -0.971837
v 0.144682 1.048753 -0.975365
v 0.144159 1.097389 -0.971837
v 0.143289 1.145791 -0.965972
v 0.013329 1.985270 -0.135336
v 0.008217 1.981343 -0.160481
v 0.007529 1.986701 -0.124216
v 0.009104 1.990311 -0.092429
v 0.016849 1.986702 -0.123298
v 0.023249 1.981343 -0.159001
v 0.016002 1.981055 -0.162470
v 0.013329 0.014730 -0.135336
v 0.009104 0.009689 -0.092429
v 0.007529 0.013298 -0.124216
v 0.008217 0.018658 -0.160481
v 0.016002 0.018945 -0.162470
v 0.023249 0.018658 -0.159001
v 0.016849 0.013299 -0.123298
v 0.047917 0.854209 -0.975365
v 0.048208 0.902611 -0.981288
v 0.048383 0.951247 -0.984850
v 0.095718 0.854209 -0.971837
v 0.096299 0.902611 -0.977738
v 0.096649 0.951247 -0.981288
v 0.143289 0.854209 -0.965972
v 0.144159 0.902611 -0.971837
v 0.144682 0.951247 -0.975365
v 0.016327 1.935499 -0.332312
v 0.014125 1.950707 -0.287237
v 0.011984 1.963479 -0.242983
v 0.032613 1.935498 -0.331124
v 0.028199 1.950696 -0.286312
v 0.023883 1.963441 -0.242487
v 0.048818 1.935499 -0.329112
v 0.042184 1.950707 -0.284474
v 0.035650 1.963478 -0.240652
v 0.045609 0.665268 -0.928398
v 0.046355 0.711576 -0.943577
v 0.046989 0.758577 -0.956487
v 0.091109 0.665268 -0.925040
v 0.092598 0.711576 -0.940165
v 0.093865 0.758577 -0.953028
v 0.136389 0.665268 -0.919457
v 0.138619 0.711576 -0.934490
v 0.140515 0.758577 -0.947276
v 0.024904 1.852233 -0.506925
v 0.022835 1.876269 -0.464814
v 0.020711 1.898197 -0.421585
v 0.049747 1.852233 -0.505091
v 0.045615 1.876269 -0.463133
v 0.041372 1.898198 -0.420060
v 0.074471 1.852233 -0.502043
v 0.068285 1.876269 -0.460338
v 0.061934 1.898197 -0.417525
v 0.041549 0.489191 -0.845752
v 0.042721 0.531624 -0.869606
v 0.043790 0.575184 -0.891367
v 0.082998 0.489191 -0.842694
v 0.085339 0.531624 -0.866461
v 0.087475 0.575184 -0.888144
v 0.124248 0.489191 -0.837607
v 0.127752 0.531624 -0.861231
v 0.130949 0.575184 -0.882783
v 0.032531 1.736204 -0.662182
v 0.030730 1.768056 -0.625535
v 0.028856 1.798062 -0.587382
v 0.064983 1.736204 -0.659788
v 0.061387 1.768056 -0.623272
v 0.057643 1.798062 -0.585257
v 0.097280 1.736204 -0.655805
v 0.091896 1.768057 -0.619510
v 0.086291 1.798061 -0.581725
v 0.035892 0.332744 -0.730605
v 0.037445 0.369672 -0.762216
v 0.038908 0.408117 -0.791993
v 0.071698 0.332744 -0.727963
v 0.074800 0.369672 -0.759459
v 0.077722 0.408117 -0.789128
v 0.107332 0.332744 -0.723569
v 0.111975 0.369672 -0.754875
v 0.116350 0.408118 -0.784366
v 0.038908 1.591882 -0.791993
v 0.037445 1.630328 -0.762216
v 0.035892 1.667256 -0.730606
v 0.077722 1.591882 -0.789128
v 0.074800 1.630328 -0.759459
v 0.071698 1.667256 -0.727963
v 0.116350 1.591882 -0.784366
v 0.111975 1.630328 -0.754875
v 0.107332 1.667256 -0.723569
v 0.028856 0.201938 -0.587382
v 0.030730 0.231943 -0.625535
v 0.032531 0.263796 -0.662183
v 0.057643 0.201938 -0.585257
v 0.061387 0.231944 -0.623272
v 0.064983 0.263796 -0.659788
v 0.086291 0.201938 -0.581725
v 0.091896 0.231944 -0.619510
v 0.097280 0.263796 -0.655805
v 0.225854 0.665268 -0.901661
v 0.229547 0.711576 -0.916403
v 0.232688 0.758577 -0.928941
v 0.269824 0.665268 -0.889491
v 0.274236 0.711576 -0.904035
v 0.277988 0.758577 -0.916403
v 0.313145 0.665268 -0.875181
v 0.318265 0.711576 -0.889491
v 0.322620 0.758577 -0.901661
v 0.123321 1.852233 -0.492326
v 0.113077 1.876269 -0.451428
v 0.102560 1.898197 -0.409444
v 0.147330 1.852233 -0.485681
v 0.135091 1.876269 -0.445335
v 0.122527 1.898198 -0.403918
v 0.170984 1.852233 -0.477867
v 0.156780 1.876269 -0.438171
v 0.142199 1.898197 -0.397420
v 0.205749 0.489191 -0.821396
v 0.211552 0.531624 -0.844562
v 0.216846 0.575184 -0.865697
v 0.245805 0.489191 -0.810309
v 0.252737 0.531624 -0.833163
v 0.259062 0.575184 -0.854013
v 0.285269 0.489191 -0.797273
v 0.293315 0.531624 -0.819760
v 0.300655 0.575184 -0.840274
v 0.161091 1.736204 -0.643112
v 0.152176 1.768056 -0.607520
v 0.142894 1.798062 -0.570466
v 0.192453 1.736204 -0.634432
v 0.181802 1.768056 -0.599320
v 0.170713 1.798062 -0.562766
v 0.223352 1.736204 -0.624226
v 0.210991 1.768057 -0.589678
v 0.198122 1.798061 -0.553713
v 0.177737 0.332744 -0.709565
v 0.185427 0.369672 -0.740265
v 0.192671 0.408117 -0.769184
v 0.212339 0.332744 -0.699988
v 0.221526 0.369672 -0.730274
v 0.230180 0.408117 -0.758803
v 0.246431 0.332744 -0.688727
v 0.257093 0.369672 -0.718525
v 0.267136 0.408118 -0.746595
v 0.192671 1.591882 -0.769184
v 0.185427 1.630328 -0.740265
v 0.177737 1.667256 -0.709565
v 0.230180 1.591882 -0.758803
v 0.221526 1.630328 -0.730274
v 0.212339 1.667256 -0.699988
v 0.267136 1.591882 -0.746595
v 0.257093 1.630328 -0.718525
v 0.246431 1.667256 -0.688727
v 0.142894 0.201938 -0.570466
v 0.152176 0.231943 -0.607520
v 0.161091 0.263796 -0.643112
v 0.170713 0.201938 -0.562766
v 0.181802 0.231944 -0.599320
v 0.192453 0.263796 -0.634432
v 0.198122 0.201938 -0.553712
v 0.210991 0.231944 -0.589678
v 0.223352 0.263796 -0.624226
v 0.216846 1.424816 -0.865697
v 0.211552 1.468376 -0.844562
v 0.205749 1.510809 -0.821396
v 0.259062 1.424816 -0.854013
v 0.252737 1.468376 -0.833163
v 0.245805 1.510809 -0.810309
v 0.300655 1.424816 -0.840274
v 0.293315 1.468376 -0.819760
v 0.285269 1.510809 -0.797273
v 0.102560 0.101803 -0.409444
v 0.113077 0.123731 -0.451428
v 0.123321 0.147767 -0.492326
v 0.122527 0.101803 -0.403918
v 0.135091 0.123731 -0.445335
v 0.147330 0.147767 -0.485681
v 0.142199 0.101803 -0.397420
v 0.156780 0.123731 -0.438171
v 0.170984 0.147767 -0.477868
v 0.232688 1.241423 -0.928941
v 0.229547 1.288424 -0.916404
v 0.225854 1.334732 -0.901661
v 0.277988 1.241423 -0.916403
v 0.274236 1.288424 -0.904035
v 0.269824 1.334732 -0.889491
v 0.322620 1.241423 -0.901661
v 0.318265 1.288424 -0.889491
v 0.313145 1.334732 -0.875181
v 0.059157 0.036521 -0.235976
v 0.069891 0.049293 -0.278962
v 0.080844 0.064501 -0.322741
v 0.070731 0.036559 -0.233169
v 0.083514 0.049304 -0.275309
v 0.096585 0.064502 -0.318399
v 0.081914 0.036521 -0.229073
v 0.096871 0.049293 -0.270778
v 0.112086 0.064501 -0.313264
v 0.239588 1.048753 -0.956487
v 0.238721 1.097389 -0.953028
v 0.237280 1.145791 -0.947275
v 0.286231 1.048753 -0.943577
v 0.285196 1.097389 -0.940164
v 0.283475 1.145791 -0.934490
v 0.332186 1.048753 -0.928397
v 0.330985 1.097389 -0.925040
v 0.328987 1.145791 -0.919456
v 0.039476 1.985270 -0.130136
v 0.039368 1.981343 -0.155795
v 0.031617 1.986701 -0.120361
v 0.026961 1.990311 -0.088877
v 0.040580 1.986702 -0.117642
v 0.053822 1.981343 -0.151410
v 0.047391 1.981055 -0.156226
v 0.039476 0.014730 -0.130136
v 0.026961 0.009689 -0.088877
v 0.031617 0.013298 -0.120361
v 0.039368 0.018658 -0.155795
v 0.047391 0.018945 -0.156226
v 0.053822 0.018658 -0.151410
v 0.040580 0.013299 -0.117642
v 0.237280 0.854209 -0.947276
v 0.238721 0.902611 -0.953027
v 0.239588 0.951247 -0.956487
v 0.283475 0.854209 -0.934490
v 0.285196 0.902611 -0.940164
v 0.286231 0.951247 -0.943577
v 0.328987 0.854209 -0.919456
v 0.330985 0.902611 -0.925040
v 0.332186 0.951247 -0.928397
v 0.080844 1.935499 -0.322741
v 0.069891 1.950707 -0.278962
v 0.059157 1.963479 -0.235976
v 0.096585 1.935498 -0.318399
v 0.083514 1.950696 -0.275309
v 0.070731 1.963441 -0.233169
v 0.112086 1.935499 -0.313264
v 0.096871 1.950707 -0.270778
v 0.081914 1.963478 -0.229073
v 0.180468 0.101803 -0.381568
v 0.198973 0.123731 -0.420694
v 0.217000 0.147767 -0.458807
v 0.198973 0.101803 -0.372253
v 0.219376 0.123731 -0.410423
v 0.239250 0.147767 -0.447606
v 0.217000 0.101803 -0.362042
v 0.239250 0.123731 -0.399165
v 0.260926 0.147767 -0.435328
v 0.409444 1.241423 -0.865697
v 0.403918 1.288424 -0.854013
v 0.397420 1.334732 -0.840274
v 0.451428 1.241423 -0.844562
v 0.445335 1.288424 -0.833163
v 0.438171 1.334732 -0.819760
v 0.492326 1.241423 -0.821396
v 0.485681 1.288424 -0.810309
v 0.477868 1.334732 -0.797273
v 0.104057 0.036521 -0.219901
v 0.122971 0.049293 -0.259967
v 0.142255 0.064501 -0.300768
v 0.114861 0.036559 -0.214889
v 0.135620 0.049304 -0.253726
v 0.156846 0.064502 -0.293439
v 0.125030 0.036521 -0.208691
v 0.147836 0.049293 -0.246676
v 0.171047 0.064501 -0.285378
v 0.421585 1.048753 -0.891367
v 0.420060 1.097389 -0.888143
v 0.417525 1.145791 -0.882783
v 0.464814 1.048753 -0.869606
v 0.463133 1.097389 -0.866460
v 0.460338 1.145791 -0.861231
v 0.506925 1.048753 -0.845752
v 0.505091 1.097389 -0.842693
v 0.502043 1.145791 -0.837607
v 0.064106 1.985270 -0.119934
v 0.069005 1.981343 -0.145121
v 0.054491 1.986701 -0.111880
v 0.043782 1.990311 -0.081910
v 0.062751 1.986702 -0.107465
v 0.082326 1.981343 -0.138001
v 0.076958 1.981055 -0.143979
v 0.064106 0.014730 -0.119934
v 0.043782 0.009689 -0.081910
v 0.054491 0.013298 -0.111880
v 0.069005 0.018658 -0.145121
v 0.076958 0.018945 -0.143979
v 0.082326 0.018658 -0.138001
v 0.062751 0.013299 -0.107465
v 0.417525 0.854209 -0.882783
v 0.420060 0.902611 -0.888143
v 0.421585 0.951247 -0.891367
v 0.460338 0.854209 -0.861231
v 0.463133 0.902611 -0.866460
v 0.464814 0.951247 -0.869606
v 0.502043 0.854209 -0.837607
v 0.505091 0.902611 -0.842693
v 0.506925 0.951247 -0.845752
v 0.142255 1.935499 -0.300768
v 0.122971 1.950707 -0.259967
v 0.104057 1.963479 -0.219901
v 0.156846 1.935498 -0.293439
v 0.135620 1.950696 -0.253726
v 0.114861 1.963441 -0.214889
v 0.171047 1.935499 -0.285378
v 0.147836 1.950707 -0.246676
v 0.125030 1.963479 -0.208691
v 0.397420 0.665268 -0.840274
v 0.403918 0.711576 -0.854013
v 0.409444 0.758577 -0.865697
v 0.438171 0.665268 -0.819760
v 0.445335 0.711576 -0.833163
v 0.451428 0.758577 -0.844562
v 0.477868 0.665268 -0.797273
v 0.485681 0.711576 -0.810309
v 0.492326 0.758577 -0.821396
v 0.217000 1.852233 -0.458807
v 0.198973 1.876269 -0.420694
v 0.180468 1.898197 -0.381568
v 0.239250 1.852233 -0.447606
v 0.219376 1.876269 -0.410423
v 0.198973 1.898198 -0.372253
v 0.260926 1.852233 -0.435328
v 0.239250 1.876269 -0.399165
v 0.217000 1.898197 -0.362042
v 0.362042 0.489191 -0.765473
v 0.372253 0.531624 -0.787063
v 0.381568 0.575184 -0.806758
v 0.399165 0.489191 -0.746785
v 0.410423 0.531624 -0.767847
v 0.420694 0.575184 -0.787063
v 0.435328 0.489191 -0.726301
v 0.447606 0.531624 -0.746785
v 0.458807 0.575184 -0.765473
v 0.283461 1.736204 -0.599328
v 0.267773 1.768056 -0.566158
v 0.251441 1.798062 -0.531627
v 0.312527 1.736204 -0.584696
v 0.295230 1.768056 -0.552336
v 0.277223 1.798062 -0.518648
v 0.340841 1.736204 -0.568658
v 0.321977 1.768057 -0.537186
v 0.302339 1.798061 -0.504421
v 0.312751 0.332744 -0.661256
v 0.326282 0.369672 -0.689866
v 0.339029 0.408117 -0.716817
v 0.344820 0.332744 -0.645112
v 0.359739 0.369672 -0.673024
v 0.373792 0.408117 -0.699316
v 0.376059 0.332744 -0.627417
v 0.392330 0.369672 -0.654563
v 0.407657 0.408118 -0.680134
v 0.339029 1.591882 -0.716817
v 0.326282 1.630328 -0.689866
v 0.312751 1.667256 -0.661256
v 0.373792 1.591882 -0.699316
v 0.359739 1.630328 -0.673024
v 0.344820 1.667256 -0.645112
v 0.407657 1.591882 -0.680134
v 0.392330 1.630328 -0.654563
v 0.376059 1.667256 -0.627417
v 0.251441 0.201938 -0.531627
v 0.267773 0.231943 -0.566158
v 0.283461 0.263796 -0.599328
v 0.277223 0.201938 -0.518648
v 0.295230 0.231944 -0.552336
v 0.312527 0.263796 -0.584696
v 0.302339 0.201938 -0.504421
v 0.321977 0.231944 -0.537186
v 0.340841 0.263796 -0.568658
v 0.381568 1.424816 -0.806758
v 0.372253 1.468376 -0.787063
v 0.362042 1.510809 -0.765473
v 0.420694 1.424816 -0.787063
v 0.410423 1.468376 -0.767847
v 0.399165 1.510809 -0.746785
v 0.458807 1.424816 -0.765473
v 0.447606 1.468376 -0.746785
v 0.435328 1.510809 -0.726301
v 0.504422 0.489191 -0.680134
v 0.518648 0.531624 -0.699317
v 0.531627 0.575184 -0.716817
v 0.537186 0.489191 -0.654563
v 0.552336 0.531624 -0.673024
v 0.566158 0.575184 -0.689866
v 0.568658 0.489191 -0.627417
v 0.584696 0.531624 -0.645112
v 0.599328 0.575184 -0.661256
v 0.394937 1.736204 -0.532511
v 0.373080 1.768056 -0.503040
v 0.350325 1.798062 -0.472358
v 0.420590 1.736204 -0.512490
v 0.397313 1.768056 -0.484127
v 0.373080 1.798062 -0.454599
v 0.445231 1.736204 -0.491236
v 0.420590 1.768057 -0.464049
v 0.394937 1.798061 -0.435746
v 0.435746 0.332744 -0.587536
v 0.454599 0.369672 -0.612956
v 0.472358 0.408117 -0.636902
v 0.464049 0.332744 -0.565446
v 0.484127 0.369672 -0.589910
v 0.503040 0.408117 -0.612956
v 0.491237 0.332744 -0.541996
v 0.512490 0.369672 -0.565446
v 0.532512 0.408118 -0.587535
v 0.472358 1.591882 -0.636902
v 0.454599 1.630328 -0.612956
v 0.435746 1.667256 -0.587536
v 0.503040 1.591882 -0.612956
v 0.484127 1.630328 -0.589910
v 0.464049 1.667256 -0.565446
v 0.532511 1.591882 -0.587535
v 0.512490 1.630328 -0.565446
v 0.491237 1.667256 -0.541996
v 0.350325 0.201938 -0.472358
v 0.373080 0.231943 -0.503040
v 0.394937 0.263796 -0.532511
v 0.373080 0.201938 -0.454599
v 0.397313 0.231944 -0.484127
v 0.420590 0.263796 -0.512490
v 0.394937 0.201938 -0.435746
v 0.420590 0.231944 -0.464049
v 0.445231 0.263796 -0.491236
v 0.531627 1.424816 -0.716817
v 0.518648 1.468376 -0.699317
v 0.504422 1.510809 -0.680134
v 0.566158 1.424816 -0.689866
v 0.552336 1.468376 -0.673024
v 0.537186 1.510809 -0.654563
v 0.599328 1.424816 -0.661256
v 0.584696 1.468376 -0.645112
v 0.568658 1.510809 -0.627417
v 0.251441 0.101803 -0.339029
v 0.277223 0.123731 -0.373792
v 0.302339 0.147767 -0.407657
v 0.267773 0.101803 -0.326282
v 0.295230 0.123731 -0.359739
v 0.321977 0.147767 -0.392330
v 0.283461 0.101803 -0.312751
v 0.312527 0.123731 -0.344820
v 0.340841 0.147767 -0.376059
v 0.570466 1.241423 -0.769184
v 0.562766 1.288424 -0.758803
v 0.553713 1.334732 -0.746595
v 0.607520 1.241423 -0.740265
v 0.599320 1.288424 -0.730273
v 0.589679 1.334732 -0.718525
v 0.643112 1.241423 -0.709565
v 0.634432 1.288424 -0.699988
v 0.624226 1.334732 -0.688727
v 0.144958 0.036521 -0.195375
v 0.171325 0.049293 -0.230982
v 0.198198 0.064501 -0.267236
v 0.154577 0.036559 -0.188352
v 0.182513 0.049304 -0.222393
v 0.211079 0.064502 -0.257201
v 0.163341 0.036521 -0.180289
v 0.193120 0.049293 -0.213095
v 0.223435 0.064501 -0.246525
v 0.587382 1.048753 -0.791992
v 0.585257 1.097389 -0.789128
v 0.581725 1.145791 -0.784365
v 0.625535 1.048753 -0.762216
v 0.623272 1.097389 -0.759459
v 0.619510 1.145791 -0.754875
v 0.662182 1.048753 -0.730605
v 0.659788 1.097389 -0.727963
v 0.655805 1.145791 -0.723569
v 0.086272 1.985270 -0.105123
v 0.095991 1.981343 -0.128870
v 0.075271 1.986701 -0.099099
v 0.058920 1.990311 -0.071795
v 0.082511 1.986702 -0.093158
v 0.107667 1.981343 -0.119288
v 0.103569 1.981055 -0.126199
v 0.086272 0.014730 -0.105123
v 0.058920 0.009689 -0.071795
v 0.075271 0.013298 -0.099099
v 0.095991 0.018658 -0.128870
v 0.103569 0.018945 -0.126199
v 0.107667 0.018658 -0.119288
v 0.082511 0.013299 -0.093158
v 0.581725 0.854209 -0.784365
v 0.585257 0.902611 -0.789128
v 0.587382 0.951247 -0.791993
v 0.619510 0.854209 -0.754875
v 0.623272 0.902611 -0.759459
v 0.625535 0.951247 -0.762216
v 0.655805 0.854209 -0.723569
v 0.659788 0.902611 -0.727963
v 0.662183 0.951247 -0.730605
v 0.198198 1.935499 -0.267236
v 0.171325 1.950707 -0.230982
v 0.144958 1.963479 -0.195375
v 0.211079 1.935498 -0.257201
v 0.182513 1.950696 -0.222393
v 0.154577 1.963441 -0.188352
v 0.223435 1.935499 -0.246525
v 0.193120 1.950707 -0.213095
v 0.163341 1.963478 -0.180289
v 0.553713 0.665268 -0.746595
v 0.562766 0.711576 -0.758803
v 0.570466 0.758577 -0.769184
v 0.589679 0.665268 -0.718525
v 0.599320 0.711576 -0.730274
v 0.607520 0.758577 -0.740265
v 0.624226 0.665268 -0.688727
v 0.634432 0.711576 -0.699988
v 0.643112 0.758577 -0.709565
v 0.302339 1.852233 -0.407657
v 0.277223 1.876269 -0.373792
v 0.251441 1.898197 -0.339029
v 0.321977 1.852233 -0.392330
v 0.295230 1.876269 -0.359739
v 0.267773 1.898198 -0.326282
v 0.340841 1.852233 -0.376059
v 0.312527 1.876269 -0.344820
v 0.283461 1.898197 -0.312751
v 0.180289 0.036521 -0.163341
v 0.213095 0.049293 -0.193119
v 0.246525 0.064501 -0.223435
v 0.188352 0.036559 -0.154577
v 0.222393 0.049304 -0.182513
v 0.257201 0.064502 -0.211079
v 0.195375 0.036521 -0.144958
v 0.230982 0.049293 -0.171325
v 0.267236 0.064501 -0.198198
v 0.730605 1.048753 -0.662182
v 0.727963 1.097389 -0.659787
v 0.723569 1.145791 -0.655805
v 0.762216 1.048753 -0.625534
v 0.759459 1.097389 -0.623272
v 0.754875 1.145791 -0.619510
v 0.791993 1.048753 -0.587381
v 0.789128 1.097389 -0.585257
v 0.784366 1.145791 -0.581724
v 0.105123 1.985270 -0.086272
v 0.119288 1.981343 -0.107667
v 0.093158 1.986701 -0.082511
v 0.071795 1.990311 -0.058920
v 0.099099 1.986702 -0.075271
v 0.128870 1.981343 -0.095991
v 0.126199 1.981055 -0.103569
v 0.105123 0.014730 -0.086272
v 0.071795 0.009689 -0.058920
v 0.093158 0.013298 -0.082511
v 0.119288 0.018658 -0.107667
v 0.126199 0.018945 -0.103569
v 0.128870 0.018658 -0.095991
v 0.099099 0.013299 -0.075271
v 0.723569 0.854209 -0.655805
v 0.727963 0.902611 -0.659787
v 0.730605 0.951247 -0.662182
v 0.754875 0.854209 -0.619510
v 0.759459 0.902611 -0.623272
v 0.762216 0.951247 -0.625534
v 0.784365 0.854209 -0.581724
v 0.789128 0.902611 -0.585257
v 0.791993 0.951247 -0.587381
v 0.246525 1.935499 -0.223435
v 0.213095 1.950707 -0.193119
v 0.180289 1.963479 -0.163341
v 0.257201 1.935498 -0.211079
v 0.222393 1.950696 -0.182513
v 0.188352 1.963441 -0.154577
v 0.267236 1.935499 -0.198198
v 0.230982 1.950707 -0.171325
v 0.195375 1.963478 -0.144958
v 0.688727 0.665268 -0.624226
v 0.699988 0.711576 -0.634432
v 0.709565 0.758577 -0.643112
v 0.718525 0.665268 -0.589678
v 0.730274 0.711576 -0.599320
v 0.740265 0.758577 -0.607520
v 0.746595 0.665268 -0.553713
v 0.758803 0.711576 -0.562766
v 0.769184 0.758577 -0.570466
v 0.376059 1.852233 -0.340840
v 0.344820 1.876269 -0.312526
v 0.312751 1.898197 -0.283461
v 0.392330 1.852233 -0.321977
v 0.359739 1.876269 -0.295230
v 0.326282 1.898198 -0.267773
v 0.407657 1.852233 -0.302339
v 0.373792 1.876269 -0.277223
v 0.339029 1.898197 -0.251441
v 0.627417 0.489191 -0.568658
v 0.645112 0.531624 -0.584696
v 0.661256 0.575184 -0.599328
v 0.654563 0.489191 -0.537186
v 0.673024 0.531624 -0.552336
v 0.689866 0.575184 -0.566158
v 0.680134 0.489191 -0.504421
v 0.699317 0.531624 -0.518648
v 0.716817 0.575184 -0.531627
v 0.491236 1.736204 -0.445231
v 0.464049 1.768056 -0.420590
v 0.435746 1.798062 -0.394937
v 0.512490 1.736204 -0.420590
v 0.484127 1.768056 -0.397313
v 0.454599 1.798062 -0.373080
v 0.532511 1.736204 -0.394937
v 0.503040 1.768057 -0.373080
v 0.472358 1.798061 -0.350325
v 0.541996 0.332744 -0.491236
v 0.565446 0.369672 -0.512490
v 0.587536 0.408117 -0.532511
v 0.565446 0.332744 -0.464049
v 0.589910 0.369672 -0.484127
v 0.612956 0.408117 -0.503040
v 0.587536 0.332744 -0.435746
v 0.612956 0.369672 -0.454599
v 0.636902 0.408118 -0.472358
v 0.587536 1.591882 -0.532511
v 0.565446 1.630328 -0.512490
v 0.541996 1.667256 -0.491236
v 0.612956 1.591882 -0.503040
v 0.589911 1.630328 -0.484127
v 0.565446 1.667256 -0.464049
v 0.636902 1.591882 -0.472358
v 0.612956 1.630328 -0.454599
v 0.587536 1.667256 -0.435746
v 0.435746 0.201938 -0.394937
v 0.464049 0.231943 -0.420590
v 0.491237 0.263796 -0.445231
v 0.454599 0.201938 -0.373080
v 0.484127 0.231944 -0.397313
v 0.512490 0.263796 -0.420590
v 0.472358 0.201938 -0.350325
v 0.503040 0.231944 -0.373080
v 0.532511 0.263796 -0.394937
v 0.661256 1.424816 -0.599328
v 0.645112 1.468376 -0.584696
v 0.627417 1.510809 -0.568658
v 0.689866 1.424816 -0.566158
v 0.673024 1.468376 -0.552336
v 0.654563 1.510809 -0.537186
v 0.716817 1.424816 -0.531627
v 0.699317 1.468376 -0.518648
v 0.680134 1.510809 -0.504421
v 0.312751 0.101803 -0.283461
v 0.344820 0.123731 -0.312526
v 0.376059 0.147767 -0.340840
v 0.326282 0.101803 -0.267773
v 0.359739 0.123731 -0.295230
v 0.392330 0.147767 -0.321977
v 0.339029 0.101803 -0.251441
v 0.373792 0.123731 -0.277223
v 0.407657 0.147767 -0.302339
v 0.709565 1.241423 -0.643112
v 0.699988 1.288424 -0.634432
v 0.688727 1.334732 -0.624226
v 0.740265 1.241423 -0.607520
v 0.730274 1.288424 -0.599320
v 0.718525 1.334732 -0.589678
v 0.769184 1.241423 -0.570466
v 0.758803 1.288424 -0.562766
v 0.746595 1.334732 -0.553713
v 0.568658 1.736204 -0.340840
v 0.537186 1.768056 -0.321977
v 0.504422 1.798062 -0.302339
v 0.584696 1.736204 -0.312526
v 0.552336 1.768056 -0.295230
v 0.518648 1.798062 -0.277223
v 0.599328 1.736204 -0.283461
v 0.566159 1.768057 -0.267773
v 0.531627 1.798061 -0.251441
v 0.627417 0.332744 -0.376059
v 0.654563 0.369672 -0.392330
v 0.680134 0.408117 -0.407657
v 0.645112 0.332744 -0.344820
v 0.673024 0.369672 -0.359739
v 0.699317 0.408117 -0.373792
v 0.661256 0.332744 -0.312751
v 0.689866 0.369672 -0.326282
v 0.716817 0.408118 -0.339029
v 0.680134 1.591882 -0.407657
v 0.654563 1.630328 -0.392330
v 0.627417 1.667256 -0.376059
v 0.699317 1.591882 -0.373792
v 0.673024 1.630328 -0.359739
v 0.645112 1.667256 -0.344820
v 0.716817 1.591882 -0.339029
v 0.689866 1.630328 -0.326282
v 0.661256 1.667256 -0.312751
v 0.504422 0.201938 -0.302339
v 0.537186 0.231943 -0.321977
v 0.568658 0.263796 -0.340840
v 0.518648 0.201938 -0.277223
v 0.552336 0.231944 -0.295230
v 0.584696 0.263796 -0.312526
v 0.531627 0.201938 -0.251441
v 0.566159 0.231944 -0.267773
v 0.599328 0.263796 -0.283461
v 0.765473 1.424816 -0.458807
v 0.746785 1.468376 -0.447606
v 0.726301 1.510809 -0.435328
v 0.787063 1.424816 -0.420694
v 0.767847 1.468376 -0.410423
v 0.746785 1.510809 -0.399165
v 0.806758 1.424816 -0.381568
v 0.787063 1.468376 -0.372253
v 0.765473 1.510809 -0.362042
v 0.362042 0.101803 -0.216999
v 0.399165 0.123731 -0.239250
v 0.435328 0.147767 -0.260926
v 0.372253 0.101803 -0.198973
v 0.410423 0.123731 -0.219376
v 0.447606 0.147767 -0.239250
v 0.381568 0.101803 -0.180468
v 0.420694 0.123731 -0.198973
v 0.458807 0.147767 -0.216999
v 0.821396 1.241423 -0.492326
v 0.810309 1.288424 -0.485681
v 0.797273 1.334732 -0.477868
v 0.844562 1.241423 -0.451428
v 0.833163 1.288424 -0.445335
v 0.819760 1.334732 -0.438171
v 0.865697 1.241423 -0.409444
v 0.854013 1.288424 -0.403918
v 0.840274 1.334732 -0.397420
v 0.208691 0.036521 -0.125030
v 0.246676 0.049293 -0.147836
v 0.285378 0.064501 -0.171047
v 0.214889 0.036559 -0.114861
v 0.253726 0.049304 -0.135619
v 0.293438 0.064502 -0.156846
v 0.219901 0.036521 -0.104057
v 0.259967 0.049293 -0.122971
v 0.300768 0.064501 -0.142255
v 0.845752 1.048753 -0.506924
v 0.842694 1.097389 -0.505091
v 0.837607 1.145791 -0.502042
v 0.869606 1.048753 -0.464814
v 0.866461 1.097389 -0.463133
v 0.861231 1.145791 -0.460337
v 0.891367 1.048753 -0.421585
v 0.888143 1.097389 -0.420060
v 0.882783 1.145791 -0.417525
v 0.119934 1.985270 -0.064106
v 0.138001 1.981343 -0.082326
v 0.107465 1.986701 -0.062751
v 0.081910 1.990311 -0.043782
v 0.111880 1.986702 -0.054491
v 0.145121 1.981343 -0.069005
v 0.143979 1.981055 -0.076958
v 0.119934 0.014730 -0.064106
v 0.081910 0.009689 -0.043782
v 0.107465 0.013298 -0.062751
v 0.138001 0.018658 -0.082326
v 0.143979 0.018945 -0.076958
v 0.145121 0.018658 -0.069005
v 0.111880 0.013299 -0.054491
v 0.837607 0.854209 -0.502042
v 0.842693 0.902611 -0.505091
v 0.845752 0.951247 -0.506924
v 0.861231 0.854209 -0.460337
v 0.866461 0.902611 -0.463133
v 0.869606 0.951247 -0.464814
v 0.882783 0.854209 -0.417525
v 0.888143 0.902611 -0.420060
v 0.891367 0.951247 -0.421585
v 0.285378 1.935499 -0.171047
v 0.246676 1.950707 -0.147836
v 0.208691 1.963479 -0.125030
v 0.293438 1.935498 -0.156846
v 0.253726 1.950696 -0.135619
v 0.214889 1.963441 -0.114861
v 0.300768 1.935499 -0.142255
v 0.259967 1.950707 -0.122971
v 0.219901 1.963478 -0.104057
v 0.797273 0.665268 -0.477867
v 0.810309 0.711576 -0.485681
v 0.821396 0.758577 -0.492326
v 0.819760 0.665268 -0.438171
v 0.833163 0.711576 -0.445335
v 0.844562 0.758577 -0.451428
v 0.840274 0.665268 -0.397420
v 0.854013 0.711576 -0.403918
v 0.865697 0.758577 -0.409444
v 0.435328 1.852233 -0.260926
v 0.399165 1.876269 -0.239250
v 0.362042 1.898197 -0.216999
v 0.447606 1.852233 -0.239250
v 0.410423 1.876269 -0.219376
v 0.372253 1.898198 -0.198973
v 0.458807 1.852233 -0.216999
v 0.420694 1.876269 -0.198973
v 0.381568 1.898197 -0.180468
v 0.726301 0.489191 -0.435328
v 0.746785 0.531624 -0.447606
v 0.765473 0.575184 -0.458807
v 0.746785 0.489191 -0.399165
v 0.767847 0.531624 -0.410423
v 0.787063 0.575184 -0.420694
v 0.765473 0.489191 -0.362042
v 0.787063 0.531624 -0.372253
v 0.806758 0.575184 -0.381568
v 0.928397 1.048753 -0.332186
v 0.925040 1.097389 -0.330984
v 0.919456 1.145791 -0.328987
v 0.943577 1.048753 -0.286231
v 0.940165 1.097389 -0.285195
v 0.934490 1.145791 -0.283474
v 0.956487 1.048753 -0.239587
v 0.953028 1.097389 -0.238720
v 0.947275 1.145791 -0.237280
v 0.130136 1.985270 -0.039476
v 0.151410 1.981343 -0.053822
v 0.117642 1.986701 -0.040580
v 0.088877 1.990311 -0.026961
v 0.120361 1.986701 -0.031617
v 0.155795 1.981343 -0.039368
v 0.156226 1.981055 -0.047391
v 0.130136 0.014730 -0.039476
v 0.088877 0.009689 -0.026961
v 0.117642 0.013298 -0.040580
v 0.151410 0.018658 -0.053822
v 0.156226 0.018945 -0.047391
v 0.155795 0.018658 -0.039368
v 0.120361 0.013298 -0.031617
v 0.919456 0.854209 -0.328987
v 0.925040 0.902611 -0.330984
v 0.928397 0.951247 -0.332186
v 0.934490 0.854209 -0.283474
v 0.940164 0.902611 -0.285195
v 0.943577 0.951247 -0.286231
v 0.947276 0.854209 -0.237280
v 0.953028 0.902611 -0.238720
v 0.956487 0.951247 -0.239587
v 0.313264 1.935499 -0.112086
v 0.270778 1.950707 -0.096871
v 0.229073 1.963479 -0.081914
v 0.318399 1.935498 -0.096585
v 0.275309 1.950696 -0.083514
v 0.233169 1.963441 -0.070731
v 0.322741 1.935499 -0.080844
v 0.278962 1.950707 -0.069891
v 0.235976 1.963478 -0.059157
v 0.875181 0.665268 -0.313145
v 0.889491 0.711576 -0.318265
v 0.901661 0.758577 -0.322619
v 0.889491 0.665268 -0.269824
v 0.904035 0.711576 -0.274236
v 0.916403 0.758577 -0.277988
v 0.901661 0.665268 -0.225854
v 0.916403 0.711576 -0.229547
v 0.928941 0.758577 -0.232687
v 0.477867 1.852233 -0.170984
v 0.438171 1.876269 -0.156780
v 0.397420 1.898197 -0.142199
v 0.485681 1.852233 -0.147330
v 0.445335 1.876269 -0.135091
v 0.403918 1.898198 -0.122527
v 0.492326 1.852233 -0.123321
v 0.451428 1.876269 -0.113077
v 0.409444 1.898197 -0.102560
v 0.797273 0.489191 -0.285269
v 0.819760 0.531624 -0.293315
v 0.840274 0.575184 -0.300655
v 0.810309 0.489191 -0.245805
v 0.833163 0.531624 -0.252737
v 0.854013 0.575184 -0.259062
v 0.821396 0.489191 -0.205749
v 0.844562 0.531624 -0.211552
v 0.865697 0.575184 -0.216846
v 0.624226 1.736204 -0.223352
v 0.589678 1.768056 -0.210990
v 0.553713 1.798062 -0.198122
v 0.634432 1.736204 -0.192453
v 0.599320 1.768056 -0.181802
v 0.562766 1.798062 -0.170713
v 0.643112 1.736204 -0.161091
v 0.607520 1.768057 -0.152176
v 0.570466 1.798061 -0.142894
v 0.688727 0.332744 -0.246430
v 0.718525 0.369672 -0.257093
v 0.746595 0.408117 -0.267136
v 0.699988 0.332744 -0.212339
v 0.730274 0.369672 -0.221526
v 0.758803 0.408117 -0.230180
v 0.709565 0.332744 -0.177736
v 0.740265 0.369672 -0.185426
v 0.769184 0.408118 -0.192670
v 0.746595 1.591882 -0.267136
v 0.718525 1.630328 -0.257093
v 0.688727 1.667256 -0.246430
v 0.758803 1.591882 -0.230180
v 0.730273 1.630328 -0.221526
v 0.699988 1.667256 -0.212339
v 0.769184 1.591882 -0.192670
v 0.740265 1.630328 -0.185426
v 0.709565 1.667256 -0.177736
v 0.553713 0.201938 -0.198122
v 0.589678 0.231943 -0.210990
v 0.624226 0.263796 -0.223352
v 0.562766 0.201938 -0.170713
v 0.599320 0.231944 -0.181802
v 0.634432 0.263796 -0.192453
v 0.570466 0.201938 -0.142894
v 0.607520 0.231944 -0.152176
v 0.643112 0.263796 -0.161091
v 0.840274 1.424816 -0.300655
v 0.819760 1.468376 -0.293315
v 0.797273 1.510809 -0.285269
v 0.854013 1.424816 -0.259062
v 0.833163 1.468376 -0.252737
v 0.810309 1.510809 -0.245805
v 0.865697 1.424816 -0.216846
v 0.844562 1.468376 -0.211552
v 0.821396 1.510809 -0.205749
v 0.397420 0.101803 -0.142199
v 0.438171 0.123731 -0.156780
v 0.477867 0.147767 -0.170984
v 0.403918 0.101803 -0.122527
v 0.445335 0.123731 -0.135091
v 0.485681 0.147767 -0.147330
v 0.409444 0.101803 -0.102560
v 0.451428 0.123731 -0.113077
v 0.492326 0.147767 -0.123321
v 0.901661 1.241423 -0.322619
v 0.889491 1.288424 -0.318265
v 0.875181 1.334732 -0.313145
v 0.916403 1.241423 -0.277988
v 0.904035 1.288424 -0.274236
v 0.889491 1.334732 -0.269824
v 0.928941 1.241423 -0.232687
v 0.916403 1.288424 -0.229547
v 0.901661 1.334732 -0.225854
v 0.229073 0.036521 -0.081914
v 0.270778 0.049293 -0.096871
v 0.313264 0.064501 -0.112086
v 0.233169 0.036559 -0.070731
v 0.275309 0.049304 -0.083514
v 0.318399 0.064502 -0.096585
v 0.235976 0.036521 -0.059157
v 0.278962 0.049293 -0.069891
v 0.322741 0.064501 -0.080844
v 0.723569 0.332744 -0.107331
v 0.754875 0.369672 -0.111975
v 0.784365 0.408118 -0.116350
v 0.727963 0.332744 -0.071698
v 0.759459 0.369672 -0.074800
v 0.789128 0.408118 -0.077722
v 0.730605 0.332744 -0.035892
v 0.762216 0.369672 -0.037445
v 0.791993 0.408118 -0.038908
v 0.784365 1.591882 -0.116350
v 0.754875 1.630328 -0.111975
v 0.723569 1.667256 -0.107331
v 0.789128 1.591882 -0.077722
v 0.759459 1.630328 -0.074800
v 0.727963 1.667256 -0.071698
v 0.791993 1.591882 -0.038908
v 0.762216 1.630328 -0.037445
v 0.730605 1.667256 -0.035892
v 0.581725 0.201939 -0.086291
v 0.619510 0.231944 -0.091896
v 0.655805 0.263796 -0.097280
v 0.585257 0.201939 -0.057643
v 0.623272 0.231943 -0.061387
v 0.659788 0.263796 -0.064983
v 0.587381 0.201939 -0.028856
v 0.625534 0.231944 -0.030730
v 0.662182 0.263796 -0.032531
v 0.882783 1.424816 -0.130949
v 0.861231 1.468376 -0.127752
v 0.837607 1.510809 -0.124247
v 0.888143 1.424816 -0.087474
v 0.866461 1.468376 -0.085339
v 0.842693 1.510809 -0.082998
v 0.891367 1.424816 -0.043790
v 0.869606 1.468376 -0.042721
v 0.845752 1.510809 -0.041549
v 0.417525 0.101802 -0.061934
v 0.460338 0.123731 -0.068285
v 0.502043 0.147767 -0.074471
v 0.420060 0.101802 -0.041372
v 0.463133 0.123731 -0.045615
v 0.505091 0.147767 -0.049747
v 0.421585 0.101802 -0.020711
v 0.464814 0.123731 -0.022835
v 0.506925 0.147767 -0.024903
v 0.947276 1.241423 -0.140515
v 0.934490 1.288424 -0.138619
v 0.919456 1.334732 -0.136389
v 0.953028 1.241423 -0.093865
v 0.940165 1.288424 -0.092598
v 0.925040 1.334732 -0.091108
v 0.956487 1.241423 -0.046989
v 0.943577 1.288424 -0.046355
v 0.928397 1.334732 -0.045609
v 0.240652 0.036521 -0.035650
v 0.284474 0.049293 -0.042184
v 0.329112 0.064501 -0.048817
v 0.242487 0.036559 -0.023883
v 0.286312 0.049304 -0.028199
v 0.331124 0.064502 -0.032613
v 0.242983 0.036521 -0.011984
v 0.287237 0.049292 -0.014125
v 0.332312 0.064501 -0.016327
v 0.975365 1.048753 -0.144682
v 0.971837 1.097389 -0.144158
v 0.965971 1.145791 -0.143288
v 0.981287 1.048753 -0.096648
v 0.977738 1.097389 -0.096298
v 0.971837 1.145791 -0.095717
v 0.984849 1.048753 -0.048382
v 0.981287 1.097389 -0.048207
v 0.975365 1.145791 -0.047916
v 0.135336 1.985270 -0.013329
v 0.159001 1.981343 -0.023249
v 0.123298 1.986701 -0.016849
v 0.092429 1.990311 -0.009103
v 0.124216 1.986701 -0.007529
v 0.160481 1.981343 -0.008217
v 0.162470 1.981055 -0.016002
v 0.135336 0.014730 -0.013329
v 0.092429 0.009689 -0.009103
v 0.123298 0.013298 -0.016849
v 0.159001 0.018658 -0.023249
v 0.162470 0.018945 -0.016002
v 0.160481 0.018658 -0.008217
v 0.124216 0.013299 -0.007529
v 0.965972 0.854209 -0.143288
v 0.971837 0.902611 -0.144158
v 0.975365 0.951247 -0.144682
v 0.971837 0.854209 -0.095717
v 0.977738 0.902611 -0.096298
v 0.981287 0.951247 -0.096648
v 0.975365 0.854209 -0.047916
v 0.981287 0.902611 -0.048207
v 0.984849 0.951247 -0.048382
v 0.329112 1.935499 -0.048817
v 0.284474 1.950707 -0.042184
v 0.240652 1.963479 -0.035650
v 0.331124 1.935498 -0.032613
v 0.286312 1.950696 -0.028199
v 0.242487 1.963441 -0.023883
v 0.332312 1.935499 -0.016327
v 0.287237 1.950707 -0.014125
v 0.242983 1.963478 -0.011984
v 0.919457 0.665268 -0.136389
v 0.934490 0.711576 -0.138619
v 0.947275 0.758577 -0.140515
v 0.925040 0.665268 -0.091108
v 0.940165 0.711576 -0.092598
v 0.953028 0.758577 -0.093865
v 0.928398 0.665268 -0.045609
v 0.943577 0.711576 -0.046355
v 0.956487 0.758577 -0.046989
v 0.502043 1.852233 -0.074471
v 0.460337 1.876269 -0.068285
v 0.417525 1.898197 -0.061934
v 0.505091 1.852233 -0.049747
v 0.463133 1.876269 -0.045615
v 0.420060 1.898198 -0.041372
v 0.506925 1.852233 -0.024903
v 0.464814 1.876269 -0.022835
v 0.421585 1.898197 -0.020711
v 0.837607 0.489191 -0.124247
v 0.861231 0.531624 -0.127752
v 0.882783 0.575184 -0.130949
v 0.842693 0.489191 -0.082998
v 0.866461 0.531624 -0.085339
v 0.888143 0.575184 -0.087474
v 0.845752 0.489191 -0.041549
v 0.869606 0.531624 -0.042721
v 0.891367 0.575184 -0.043790
v 0.655805 1.736204 -0.097280
v 0.619510 1.768056 -0.091896
v 0.581725 1.798061 -0.086291
v 0.659787 1.736204 -0.064983
v 0.623272 1.768057 -0.061387
v 0.585257 1.798061 -0.057643
v 0.662182 1.736204 -0.032531
v 0.625534 1.768056 -0.030730
v 0.587381 1.798061 -0.028856
v 0.135336 1.985270 0.013329
v 0.160481 1.981343 0.008217
v 0.124216 1.986701 0.007529
v 0.092429 1.990311 0.009104
v 0.123298 1.986701 0.016849
v 0.159001 1.981343 0.023249
v 0.162470 1.981055 0.016002
v 0.135336 0.014730 0.013329
v 0.092429 0.009689 0.009104
v 0.124216 0.013298 0.007529
v 0.160481 0.018658 0.008217
v 0.162470 0.018945 0.016002
v 0.159001 0.018658 0.023249
v 0.123298 0.013298 0.016849
v 0.975365 0.854209 0.047917
v 0.981287 0.902611 0.048208
v 0.984849 0.951247 0.048383
v 0.971837 0.854209 0.095718
v 0.977738 0.902611 0.096299
v 0.981287 0.951247 0.096649
v 0.965971 0.854209 0.143289
v 0.971837 0.902611 0.144159
v 0.975365 0.951247 0.144682
v 0.332312 1.935499 0.016327
v 0.287237 1.950707 0.014125
v 0.242983 1.963479 0.011984
v 0.331124 1.935498 0.032613
v 0.286312 1.950696 0.028199
v 0.242487 1.963441 0.023883
v 0.329112 1.935499 0.048818
v 0.284473 1.950707 0.042184
v 0.240652 1.963478 0.035650
v 0.928398 0.665268 0.045609
v 0.943577 0.711576 0.046355
v 0.956487 0.758577 0.046989
v 0.925040 0.665268 0.091109
v 0.940165 0.711576 0.092598
v 0.953028 0.758577 0.093865
v 0.919457 0.665268 0.136389
v 0.934490 0.711576 0.138619
v 0.947275 0.758577 0.140515
v 0.506925 1.852233 0.024904
v 0.464814 1.876269 0.022835
v 0.421585 1.898198 0.020711
v 0.505091 1.852233 0.049747
v 0.463133 1.876269 0.045615
v 0.420060 1.898198 0.041372
v 0.502043 1.852233 0.074471
v 0.460337 1.876269 0.068285
v 0.417525 1.898198 0.061934
v 0.845752 0.489191 0.041549
v 0.869606 0.531624 0.042721
v 0.891367 0.575184 0.043790
v 0.842693 0.489191 0.082998
v 0.866461 0.531624 0.085339
v 0.888143 0.575184 0.087475
v 0.837607 0.489191 0.124248
v 0.861231 0.531624 0.127752
v 0.882783 0.575184 0.130949
v 0.662182 1.736204 0.032531
v 0.625534 1.768056 0.030730
v 0.587381 1.798061 0.028856
v 0.659787 1.736204 0.064983
v 0.623272 1.768056 0.061387
v 0.585257 1.798062 0.057643
v 0.655805 1.736204 0.097280
v 0.619510 1.768057 0.091896
v 0.581725 1.798061 0.086291
v 0.730605 0.332744 0.035892
v 0.762216 0.369672 0.037445
v 0.791993 0.408117 0.038908
v 0.727963 0.332744 0.071698
v 0.759459 0.369672 0.074800
v 0.789128 0.408117 0.077722
v 0.723569 0.332744 0.107332
v 0.754875 0.369672 0.111975
v 0.784365 0.408118 0.116350
v 0.791993 1.591882 0.038908
v 0.762216 1.630328 0.037445
v 0.730605 1.667256 0.035892
v 0.789128 1.591882 0.077722
v 0.759459 1.630328 0.074800
v 0.727963 1.667256 0.071698
v 0.784365 1.591882 0.116350
v 0.754875 1.630328 0.111975
v 0.723569 1.667256 0.107332
v 0.587382 0.201939 0.028856
v 0.625534 0.231944 0.030730
v 0.662182 0.263796 0.032531
v 0.585257 0.201939 0.057643
v 0.623272 0.231943 0.061387
v 0.659787 0.263796 0.064983
v 0.581725 0.201939 0.086291
v 0.619510 0.231944 0.091896
v 0.655805 0.263796 0.097280
v 0.891367 1.424816 0.043790
v 0.869606 1.468376 0.042721
v 0.845752 1.510809 0.041549
v 0.888143 1.424816 0.087475
v 0.866461 1.468376 0.085339
v 0.842693 1.510809 0.082998
v 0.882783 1.424816 0.130949
v 0.861231 1.468376 0.127752
v 0.837607 1.510809 0.124248
v 0.421585 0.101802 0.020711
v 0.464814 0.123731 0.022835
v 0.506925 0.147767 0.024904
v 0.420060 0.101802 0.041372
v 0.463133 0.123731 0.045615
v 0.505091 0.147767 0.049747
v 0.417525 0.101803 0.061934
v 0.460337 0.123731 0.068285
v 0.502043 0.147767 0.074471
v 0.956487 1.241423 0.046989
v 0.943577 1.288424 0.046355
v 0.928398 1.334732 0.045609
v 0.953028 1.241423 0.093865
v 0.940165 1.288424 0.092598
v 0.925040 1.334732 0.091109
v 0.947275 1.241423 0.140516
v 0.934490 1.288424 0.138619
v 0.919457 1.334732 0.136389
v 0.242983 0.036521 0.011984
v 0.287237 0.049292 0.014125
v 0.332312 0.064501 0.016327
v 0.242487 0.036559 0.023883
v 0.286312 0.049304 0.028199
v 0.331124 0.064502 0.032613
v 0.240652 0.036521 0.035650
v 0.284474 0.049293 0.042184
v 0.329112 0.064501 0.048818
v 0.984849 1.048753 0.048383
v 0.981287 1.097389 0.048208
v 0.975365 1.145791 0.047917
v 0.981287 1.048753 0.096649
v 0.977738 1.097389 0.096299
v 0.971837 1.145791 0.095718
v 0.975365 1.048753 0.144682
v 0.971837 1.097389 0.144159
v 0.965971 1.145791 0.143289
v 0.769184 1.591882 0.192671
v 0.740265 1.630328 0.185427
v 0.709565 1.667256 0.177737
v 0.758802 1.591882 0.230180
v 0.730273 1.630328 0.221526
v 0.699988 1.667256 0.212339
v 0.746595 1.591882 0.267136
v 0.718525 1.630328 0.257093
v 0.688727 1.667256 0.246431
v 0.570466 0.201938 0.142894
v 0.607520 0.231943 0.152176
v 0.643112 0.263796 0.161091
v 0.562766 0.201938 0.170713
v 0.599320 0.231944 0.181802
v 0.634432 0.263796 0.192453
v 0.553712 0.201938 0.198122
v 0.589678 0.231944 0.210991
v 0.624226 0.263796 0.223352
v 0.865697 1.424816 0.216846
v 0.844562 1.468376 0.211552
v 0.821396 1.510809 0.205749
v 0.854013 1.424816 0.259062
v 0.833163 1.468376 0.252737
v 0.810309 1.510809 0.245805
v 0.840274 1.424816 0.300655
v 0.819759 1.468376 0.293315
v 0.797273 1.510809 0.285269
v 0.409444 0.101803 0.102560
v 0.451428 0.123731 0.113077
v 0.492326 0.147767 0.123321
v 0.403917 0.101803 0.122527
v 0.445335 0.123731 0.135091
v 0.485681 0.147767 0.147330
v 0.397420 0.101803 0.142199
v 0.438170 0.123731 0.156780
v 0.477867 0.147767 0.170984
v 0.928941 1.241423 0.232688
v 0.916403 1.288424 0.229547
v 0.901661 1.334732 0.225854
v 0.916403 1.241423 0.277988
v 0.904034 1.288424 0.274236
v 0.889491 1.334732 0.269824
v 0.901661 1.241423 0.322620
v 0.889491 1.288424 0.318265
v 0.875181 1.334732 0.313145
v 0.235976 0.036521 0.059157
v 0.278962 0.049293 0.069891
v 0.322741 0.064501 0.080844
v 0.233169 0.036559 0.070731
v 0.275309 0.049304 0.083514
v 0.318399 0.064502 0.096585
v 0.229073 0.036521 0.081914
v 0.270778 0.049293 0.096871
v 0.313264 0.064501 0.112086
v 0.956487 1.048753 0.239588
v 0.953027 1.097389 0.238721
v 0.947275 1.145791 0.237280
v 0.943577 1.048753 0.286231
v 0.940164 1.097389 0.285196
v 0.934490 1.145791 0.283475
v 0.928397 1.048753 0.332186
v 0.925039 1.097389 0.330985
v 0.919456 1.145791 0.328987
v 0.130136 1.985270 0.039476
v 0.155795 1.981343 0.039368
v 0.120361 1.986701 0.031617
v 0.088877 1.990311 0.026961
v 0.117642 1.986701 0.040580
v 0.151410 1.981343 0.053822
v 0.156226 1.981055 0.047391
v 0.130135 0.014730 0.039476
v 0.088877 0.009689 0.026961
v 0.120361 0.013298 0.031617
v 0.155795 0.018658 0.039368
v 0.156226 0.018945 0.047391
v 0.151410 0.018658 0.053822
v 0.117642 0.013299 0.040580
v 0.947275 0.854209 0.237280
v 0.953027 0.902611 0.238721
v 0.956487 0.951247 0.239588
v 0.934490 0.854209 0.283475
v 0.940164 0.902611 0.285196
v 0.943577 0.951247 0.286231
v 0.919456 0.854209 0.328987
v 0.925039 0.902611 0.330985
v 0.928397 0.951247 0.332186
v 0.322741 1.935499 0.080844
v 0.278962 1.950707 0.069891
v 0.235976 1.963479 0.059157
v 0.318399 1.935498 0.096585
v 0.275309 1.950696 0.083514
v 0.233169 1.963441 0.070731
v 0.313264 1.935499 0.112086
v 0.270778 1.950707 0.096871
v 0.229073 1.963478 0.081914
v 0.901661 0.665268 0.225854
v 0.916403 0.711576 0.229547
v 0.928941 0.758577 0.232688
v 0.889491 0.665268 0.269824
v 0.904034 0.711576 0.274236
v 0.916403 0.758577 0.277988
v 0.875181 0.665268 0.313145
v 0.889491 0.711576 0.318265
v 0.901661 0.758577 0.322620
v 0.492326 1.852233 0.123321
v 0.451428 1.876269 0.113077
v 0.409444 1.898197 0.102560
v 0.485681 1.852233 0.147330
v 0.445335 1.876269 0.135091
v 0.403917 1.898198 0.122527
v 0.477867 1.852233 0.170984
v 0.438170 1.876269 0.156780
v 0.397420 1.898197 0.142199
v 0.821396 0.489191 0.205749
v 0.844562 0.531624 0.211552
v 0.865697 0.575184 0.216846
v 0.810309 0.489191 0.245805
v 0.833163 0.531624 0.252737
v 0.854012 0.575184 0.259062
v 0.797273 0.489191 0.285269
v 0.819759 0.531624 0.293315
v 0.840274 0.575184 0.300655
v 0.643112 1.736204 0.161091
v 0.607520 1.768056 0.152176
v 0.570466 1.798062 0.142894
v 0.634432 1.736204 0.192453
v 0.599320 1.768056 0.181802
v 0.562766 1.798062 0.170713
v 0.624226 1.736204 0.223352
v 0.589678 1.768057 0.210991
v 0.553712 1.798061 0.198122
v 0.709565 0.332744 0.177737
v 0.740265 0.369672 0.185427
v 0.769184 0.408117 0.192671
v 0.699988 0.332744 0.212339
v 0.730273 0.369672 0.221526
v 0.758802 0.408117 0.230180
v 0.688727 0.332744 0.246431
v 0.718525 0.369672 0.257093
v 0.746595 0.408118 0.267136
v 0.882783 0.854209 0.417525
v 0.888143 0.902611 0.420061
v 0.891367 0.951247 0.421585
v 0.861231 0.854209 0.460338
v 0.866460 0.902611 0.463133
v 0.869605 0.951247 0.464814
v 0.837607 0.854209 0.502043
v 0.842693 0.902611 0.505091
v 0.845752 0.951247 0.506925
v 0.300768 1.935499 0.142255
v 0.259967 1.950707 0.122971
v 0.219901 1.963479 0.104057
v 0.293438 1.935498 0.156846
v 0.253726 1.950696 0.135619
v 0.214889 1.963441 0.114861
v 0.285378 1.935499 0.171047
v 0.246676 1.950707 0.147836
v 0.208691 1.963478 0.125030
v 0.840273 0.665268 0.397420
v 0.854012 0.711576 0.403918
v 0.865697 0.758577 0.409444
v 0.819759 0.665268 0.438171
v 0.833163 0.711576 0.445335
v 0.844562 0.758577 0.451428
v 0.797273 0.665268 0.477868
v 0.810309 0.711576 0.485681
v 0.821395 0.758577 0.492326
v 0.458807 1.852233 0.217000
v 0.420693 1.876269 0.198973
v 0.381568 1.898197 0.180468
v 0.447606 1.852233 0.239250
v 0.410423 1.876269 0.219376
v 0.372252 1.898198 0.198973
v 0.435328 1.852233 0.260926
v 0.399165 1.876269 0.239250
v 0.362041 1.898197 0.217000
v 0.765473 0.489191 0.362042
v 0.787062 0.531624 0.372253
v 0.806758 0.575184 0.381568
v 0.746785 0.489191 0.399165
v 0.767847 0.531624 0.410423
v 0.787062 0.575184 0.420694
v 0.726300 0.489191 0.435328
v 0.746785 0.531624 0.447606
v 0.765473 0.575184 0.458807
v 0.599328 1.736204 0.283461
v 0.566158 1.768056 0.267773
v 0.531627 1.798062 0.251441
v 0.584696 1.736204 0.312527
v 0.552336 1.768056 0.295230
v 0.518648 1.798062 0.277223
v 0.568658 1.736204 0.340841
v 0.537186 1.768057 0.321977
v 0.504421 1.798061 0.302339
v 0.661256 0.332744 0.312751
v 0.689866 0.369672 0.326282
v 0.716816 0.408117 0.339029
v 0.645112 0.332744 0.344820
v 0.673024 0.369672 0.359739
v 0.699316 0.408117 0.373792
v 0.627417 0.332744 0.376059
v 0.654563 0.369672 0.392330
v 0.680134 0.408118 0.407657
v 0.716816 1.591882 0.339029
v 0.689866 1.630328 0.326282
v 0.661256 1.667256 0.312751
v 0.699316 1.591882 0.373793
v 0.673024 1.630328 0.359739
v 0.645112 1.667256 0.344820
v 0.680134 1.591882 0.407657
v 0.654563 1.630328 0.392330
v 0.627417 1.667256 0.376059
v 0.531627 0.201938 0.251441
v 0.566158 0.231943 0.267773
v 0.599328 0.263796 0.283461
v 0.518648 0.201938 0.277223
v 0.552336 0.231944 0.295230
v 0.584696 0.263796 0.312527
v 0.504421 0.201938 0.302339
v 0.537186 0.231944 0.321977
v 0.568658 0.263796 0.340841
v 0.806758 1.424816 0.381568
v 0.787062 1.468376 0.372253
v 0.765473 1.510809 0.362042
v 0.787062 1.424816 0.420694
v 0.767847 1.468376 0.410423
v 0.746785 1.510809 0.399165
v 0.765473 1.424816 0.458807
v 0.746785 1.468376 0.447606
v 0.726301 1.510809 0.435328
v 0.381568 0.101803 0.180468
v 0.420693 0.123731 0.198973
v 0.458807 0.147767 0.217000
v 0.372252 0.101803 0.198973
v 0.410423 0.123731 0.219376
v 0.447606 0.147767 0.239250
v 0.362041 0.101803 0.217000
v 0.399165 0.123731 0.239250
v 0.435328 0.147767 0.260926
v 0.865697 1.241423 0.409444
v 0.854012 1.288424 0.403918
v 0.840274 1.334732 0.397420
v 0.844562 1.241423 0.451428
v 0.833163 1.288424 0.445335
v 0.819759 1.334732 0.438171
v 0.821395 1.241423 0.492326
v 0.810309 1.288424 0.485681
v 0.797273 1.334732 0.477868
v 0.219901 0.036521 0.104057
v 0.259967 0.049293 0.122971
v 0.300768 0.064501 0.142255
v 0.214889 0.036559 0.114861
v 0.253726 0.049304 0.135620
v 0.293438 0.064502 0.156846
v 0.208691 0.036521 0.125030
v 0.246676 0.049293 0.147836
v 0.285378 0.064501 0.171047
v 0.891367 1.048753 0.421585
v 0.888143 1.097389 0.420060
v 0.882783 1.145791 0.417525
v 0.869605 1.048753 0.464814
v 0.866460 1.097389 0.463133
v 0.861231 1.145791 0.460338
v 0.845752 1.048753 0.506925
v 0.842693 1.097389 0.505091
v 0.837607 1.145791 0.502043
v 0.119934 1.985270 0.064106
v 0.145121 1.981343 0.069005
v 0.111880 1.986701 0.054491
v 0.081910 1.990311 0.043782
v 0.107465 1.986701 0.062751
v 0.138001 1.981343 0.082326
v 0.143979 1.981055 0.076958
v 0.119934 0.014730 0.064106
v 0.081910 0.009689 0.043782
v 0.111880 0.013298 0.054491
v 0.145121 0.018658 0.069005
v 0.143979 0.018945 0.076958
v 0.138001 0.018658 0.082326
v 0.107465 0.013298 0.062751
v 0.472358 0.201938 0.350325
v 0.503040 0.231943 0.373080
v 0.532511 0.263796 0.394937
v 0.454599 0.201938 0.373080
v 0.484127 0.231944 0.397313
v 0.512490 0.263796 0.420590
v 0.435746 0.201938 0.394937
v 0.464049 0.231944 0.420590
v 0.491236 0.263796 0.445231
v 0.716816 1.424816 0.531627
v 0.699316 1.468376 0.518648
v 0.680134 1.510809 0.504422
v 0.689866 1.424816 0.566158
v 0.673024 1.468376 0.552336
v 0.654563 1.510809 0.537186
v 0.661256 1.424816 0.599328
v 0.645112 1.468376 0.584696
v 0.627417 1.510809 0.568658
v 0.339029 0.101803 0.251441
v 0.373792 0.123731 0.277223
v 0.407657 0.147767 0.302339
v 0.326282 0.101803 0.267773
v 0.359739 0.123731 0.295230
v 0.392330 0.147767 0.321977
v 0.312750 0.101803 0.283461
v 0.344819 0.123731 0.312527
v 0.376059 0.147767 0.340841
v 0.769184 1.241423 0.570466
v 0.758802 1.288424 0.562766
v 0.746595 1.334732 0.553713
v 0.740265 1.241423 0.607520
v 0.730273 1.288424 0.599320
v 0.718525 1.334732 0.589679
v 0.709565 1.241423 0.643112
v 0.699988 1.288424 0.634432
v 0.688727 1.334732 0.624226
v 0.195375 0.036521 0.144958
v 0.230982 0.049293 0.171325
v 0.267236 0.064501 0.198198
v 0.188352 0.036559 0.154577
v 0.222393 0.049304 0.182513
v 0.257201 0.064502 0.211079
v 0.180288 0.036521 0.163341
v 0.213095 0.049293 0.193119
v 0.246525 0.064501 0.223435
v 0.791992 1.048753 0.587382
v 0.789128 1.097389 0.585257
v 0.784365 1.145791 0.581725
v 0.762215 1.048753 0.625535
v 0.759459 1.097389 0.623272
v 0.754875 1.145791 0.619510
v 0.730605 1.048753 0.662182
v 0.727962 1.097389 0.659787
v 0.723569 1.145791 0.655805
v 0.105123 1.985270 0.086272
v 0.128870 1.981343 0.095991
v 0.099099 1.986701 0.075271
v 0.071795 1.990311 0.058920
v 0.093158 1.986701 0.082511
v 0.119288 1.981343 0.107667
v 0.126199 1.981055 0.103569
v 0.105123 0.014730 0.086272
v 0.071795 0.009689 0.058920
v 0.099099 0.013298 0.075271
v 0.128870 0.018658 0.095991
v 0.126199 0.018945 0.103569
v 0.119288 0.018658 0.107667
v 0.093158 0.013298 0.082511
v 0.784365 0.854209 0.581725
v 0.789128 0.902611 0.585257
v 0.791992 0.951247 0.587382
v 0.754875 0.854209 0.619510
v 0.759459 0.902611 0.623272
v 0.762215 0.951247 0.625534
v 0.723569 0.854209 0.655805
v 0.727962 0.902611 0.659787
v 0.730605 0.951247 0.662182
v 0.267236 1.935499 0.198198
v 0.230981 1.950707 0.171325
v 0.195375 1.963479 0.144958
v 0.257201 1.935498 0.211079
v 0.222393 1.950696 0.182513
v 0.188352 1.963441 0.154577
v 0.246525 1.935499 0.223435
v 0.213095 1.950707 0.193120
v 0.180288 1.963478 0.163341
v 0.746595 0.665268 0.553713
v 0.758802 0.711576 0.562766
v 0.769184 0.758577 0.570466
v 0.718525 0.665268 0.589678
v 0.730273 0.711576 0.599320
v 0.740265 0.758577 0.607520
v 0.688727 0.665268 0.624226
v 0.699988 0.711576 0.634432
v 0.709565 0.758577 0.643112
v 0.407657 1.852233 0.302339
v 0.373792 1.876269 0.277223
v 0.339029 1.898197 0.251441
v 0.392330 1.852233 0.321977
v 0.359739 1.876269 0.295230
v 0.326282 1.898198 0.267773
v 0.376059 1.852233 0.340840
v 0.344820 1.876269 0.312526
v 0.312750 1.898197 0.283461
v 0.680134 0.489191 0.504422
v 0.699316 0.531624 0.518648
v 0.716816 0.575184 0.531627
v 0.654563 0.489191 0.537186
v 0.673024 0.531624 0.552336
v 0.689866 0.575184 0.566158
v 0.627416 0.489191 0.568658
v 0.645112 0.531624 0.584696
v 0.661256 0.575184 0.599328
v 0.532511 1.736204 0.394937
v 0.503040 1.768056 0.373080
v 0.472358 1.798062 0.350325
v 0.512490 1.736204 0.420590
v 0.484127 1.768056 0.397313
v 0.454599 1.798062 0.373080
v 0.491236 1.736204 0.445231
v 0.464049 1.768057 0.420590
v 0.435746 1.798061 0.394937
v 0.587536 0.332744 0.435746
v 0.612956 0.369672 0.454599
v 0.636902 0.408117 0.472358
v 0.565446 0.332744 0.464049
v 0.589910 0.369672 0.484127
v 0.612956 0.408117 0.503040
v 0.541995 0.332744 0.491236
v 0.565446 0.369672 0.512490
v 0.587535 0.408118 0.532511
v 0.636902 1.591882 0.472358
v 0.612956 1.630328 0.454599
v 0.587535 1.667256 0.435746
v 0.612956 1.591882 0.503040
v 0.589910 1.630328 0.484127
v 0.565446 1.667256 0.464049
v 0.587535 1.591882 0.532511
v 0.565446 1.630328 0.512490
v 0.541995 1.667256 0.491236
v 0.624226 0.665268 0.688727
v 0.634432 0.711576 0.699988
v 0.643112 0.758577 0.709565
v 0.589678 0.665268 0.718525
v 0.599320 0.711576 0.730274
v 0.607520 0.758577 0.740265
v 0.553712 0.665268 0.746595
v 0.562766 0.711576 0.758803
v 0.570465 0.758577 0.769184
v 0.340840 1.852233 0.376059
v 0.312526 1.876269 0.344820
v 0.283461 1.898197 0.312751
v 0.321977 1.852233 0.392330
v 0.295230 1.876269 0.359739
v 0.267773 1.898198 0.326282
v 0.302339 1.852233 0.407657
v 0.277223 1.876269 0.373792
v 0.251441 1.898197 0.339029
v 0.568658 0.489191 0.627417
v 0.584696 0.531624 0.645112
v 0.599328 0.575184 0.661256
v 0.537185 0.489191 0.654563
v 0.552336 0.531624 0.673024
v 0.566158 0.575184 0.689866
v 0.504421 0.489191 0.680134
v 0.518648 0.531624 0.699316
v 0.531627 0.575184 0.716817
v 0.445231 1.736204 0.491236
v 0.420590 1.768056 0.464049
v 0.394937 1.798062 0.435746
v 0.420590 1.736204 0.512490
v 0.397313 1.768056 0.484127
v 0.373079 1.798062 0.454599
v 0.394937 1.736204 0.532511
v 0.373079 1.768057 0.503040
v 0.350324 1.798061 0.472358
v 0.491236 0.332744 0.541996
v 0.512490 0.369672 0.565446
v 0.532511 0.408117 0.587536
v 0.464049 0.332744 0.565446
v 0.484127 0.369672 0.589910
v 0.503040 0.408117 0.612956
v 0.435746 0.332744 0.587536
v 0.454599 0.369672 0.612956
v 0.472358 0.408118 0.636902
v 0.532511 1.591882 0.587536
v 0.512490 1.630328 0.565446
v 0.491236 1.667256 0.541996
v 0.503040 1.591882 0.612956
v 0.484127 1.630328 0.589910
v 0.464049 1.667256 0.565446
v 0.472358 1.591882 0.636902
v 0.454599 1.630328 0.612956
v 0.435746 1.667256 0.587536
v 0.394937 0.201938 0.435746
v 0.420590 0.231943 0.464049
v 0.445231 0.263796 0.491236
v 0.373079 0.201938 0.454599
v 0.397313 0.231944 0.484127
v 0.420590 0.263796 0.512490
v 0.350324 0.201938 0.472358
v 0.373080 0.231944 0.503040
v 0.394937 0.263796 0.532511
v 0.599328 1.424816 0.661256
v 0.584696 1.468376 0.645112
v 0.568657 1.510809 0.627417
v 0.566158 1.424816 0.689866
v 0.552336 1.468376 0.673024
v 0.537186 1.510809 0.654563
v 0.531627 1.424816 0.716816
v 0.518648 1.468376 0.699316
v 0.504421 1.510809 0.680134
v 0.283461 0.101803 0.312751
v 0.312526 0.123731 0.344820
v 0.340840 0.147767 0.376059
v 0.267773 0.101803 0.326282
v 0.295230 0.123731 0.359739
v 0.321977 0.147767 0.392330
v 0.251441 0.101803 0.339029
v 0.277223 0.123731 0.373792
v 0.302339 0.147767 0.407657
v 0.643112 1.241423 0.709565
v 0.634432 1.288424 0.699988
v 0.624226 1.334732 0.688727
v 0.607520 1.241423 0.740265
v 0.599320 1.288424 0.730273
v 0.589678 1.334732 0.718525
v 0.570465 1.241423 0.769184
v 0.562766 1.288424 0.758802
v 0.553712 1.334732 0.746595
v 0.163341 0.036521 0.180289
v 0.193119 0.049293 0.213095
v 0.223435 0.064501 0.246525
v 0.154577 0.036559 0.188352
v 0.182513 0.049304 0.222393
v 0.211079 0.064502 0.257201
v 0.144958 0.036521 0.195375
v 0.171325 0.049293 0.230982
v 0.198198 0.064501 0.267236
v 0.662182 1.048753 0.730605
v 0.659787 1.097389 0.727963
v 0.655805 1.145791 0.723569
v 0.625534 1.048753 0.762216
v 0.623272 1.097389 0.759459
v 0.619510 1.145791 0.754875
v 0.587381 1.048753 0.791993
v 0.585257 1.097389 0.789128
v 0.581724 1.145791 0.784365
v 0.086272 1.985270 0.105123
v 0.107667 1.981343 0.119288
v 0.082511 1.986701 0.093158
v 0.058920 1.990311 0.071795
v 0.075271 1.986701 0.099099
v 0.095991 1.981343 0.128870
v 0.103569 1.981055 0.126199
v 0.086272 0.014730 0.105123
v 0.058920 0.009689 0.071795
v 0.082511 0.013298 0.093158
v 0.107667 0.018658 0.119288
v 0.103569 0.018945 0.126199
v 0.095991 0.018658 0.128870
v 0.075271 0.013298 0.099099
v 0.655805 0.854209 0.723569
v 0.659787 0.902611 0.727963
v 0.662182 0.951247 0.730605
v 0.619510 0.854209 0.754875
v 0.623271 0.902611 0.759459
v 0.625534 0.951247 0.762216
v 0.581724 0.854209 0.784365
v 0.585257 0.902611 0.789128
v 0.587381 0.951247 0.791993
v 0.223435 1.935499 0.246525
v 0.193119 1.950707 0.213095
v 0.163341 1.963479 0.180289
v 0.211079 1.935498 0.257201
v 0.182513 1.950696 0.222393
v 0.154577 1.963441 0.188352
v 0.198198 1.935499 0.267236
v 0.171325 1.950707 0.230982
v 0.144958 1.963478 0.195375
v 0.216999 0.101803 0.362042
v 0.239250 0.123731 0.399165
v 0.260926 0.147767 0.435328
v 0.198973 0.101803 0.372253
v 0.219375 0.123731 0.410423
v 0.239250 0.147767 0.447606
v 0.180468 0.101803 0.381568
v 0.198973 0.123731 0.420694
v 0.216999 0.147767 0.458807
v 0.492326 1.241423 0.821396
v 0.485681 1.288424 0.810309
v 0.477867 1.334732 0.797273
v 0.451428 1.241423 0.844562
v 0.445335 1.288424 0.833163
v 0.438170 1.334732 0.819760
v 0.409444 1.241423 0.865697
v 0.403917 1.288424 0.854013
v 0.397419 1.334732 0.840274
v 0.125030 0.036521 0.208691
v 0.147836 0.049293 0.246676
v 0.171047 0.064501 0.285378
v 0.114861 0.036559 0.214889
v 0.135619 0.049304 0.253726
v 0.156846 0.064502 0.293438
v 0.104057 0.036521 0.219901
v 0.122970 0.049293 0.259967
v 0.142254 0.064501 0.300768
v 0.506924 1.048753 0.845752
v 0.505091 1.097389 0.842693
v 0.502042 1.145791 0.837607
v 0.464813 1.048753 0.869606
v 0.463132 1.097389 0.866460
v 0.460337 1.145791 0.861231
v 0.421584 1.048753 0.891367
v 0.420060 1.097389 0.888143
v 0.417525 1.145791 0.882783
v 0.064106 1.985270 0.119934
v 0.082326 1.981343 0.138001
v 0.062751 1.986701 0.107465
v 0.043782 1.990311 0.081910
v 0.054491 1.986701 0.111880
v 0.069005 1.981343 0.145121
v 0.076958 1.981055 0.143979
v 0.064106 0.014730 0.119934
v 0.043782 0.009689 0.081910
v 0.062751 0.013298 0.107465
v 0.082326 0.018658 0.138001
v 0.076958 0.018945 0.143979
v 0.069005 0.018658 0.145121
v 0.054491 0.013298 0.111880
v 0.502042 0.854209 0.837607
v 0.505091 0.902611 0.842693
v 0.506924 0.951247 0.845752
v 0.460337 0.854209 0.861231
v 0.463132 0.902611 0.866461
v 0.464813 0.951247 0.869606
v 0.417525 0.854209 0.882783
v 0.420060 0.902611 0.888143
v 0.421584 0.951247 0.891367
v 0.171047 1.935499 0.285378
v 0.147836 1.950707 0.246676
v 0.125030 1.963479 0.208691
v 0.156846 1.935498 0.293438
v 0.135619 1.950696 0.253726
v 0.114861 1.963441 0.214889
v 0.142254 1.935499 0.300768
v 0.122970 1.950707 0.259967
v 0.104057 1.963479 0.219901
v 0.477867 0.665268 0.797273
v 0.485681 0.711576 0.810309
v 0.492326 0.758577 0.821396
v 0.438170 0.665268 0.819760
v 0.445335 0.711576 0.833163
v 0.451428 0.758577 0.844562
v 0.397419 0.665268 0.840274
v 0.403917 0.711576 0.854013
v 0.409444 0.758577 0.865697
v 0.260926 1.852233 0.435328
v 0.239250 1.876269 0.399165
v 0.216999 1.898197 0.362042
v 0.239250 1.852233 0.447606
v 0.219375 1.876269 0.410423
v 0.198973 1.898198 0.372253
v 0.216999 1.852233 0.458807
v 0.198973 1.876269 0.420694
v 0.180468 1.898197 0.381568
v 0.435328 0.489191 0.726301
v 0.447606 0.531624 0.746785
v 0.458807 0.575184 0.765473
v 0.399165 0.489191 0.746785
v 0.410423 0.531624 0.767847
v 0.420693 0.575184 0.787062
v 0.362041 0.489191 0.765473
v 0.372252 0.531624 0.787062
v 0.381568 0.575184 0.806758
v 0.340840 1.736204 0.568658
v 0.321977 1.768056 0.537186
v 0.302339 1.798062 0.504421
v 0.312526 1.736204 0.584696
v 0.295230 1.768056 0.552336
v 0.277223 1.798062 0.518648
v 0.283461 1.736204 0.599328
v 0.267773 1.768057 0.566158
v 0.251441 1.798061 0.531627
v 0.376059 0.332744 0.627417
v 0.392330 0.369672 0.654563
v 0.407657 0.408117 0.680134
v 0.344820 0.332744 0.645112
v 0.359739 0.369672 0.673024
v 0.373792 0.408117 0.699316
v 0.312750 0.332744 0.661256
v 0.326282 0.369672 0.689866
v 0.339029 0.408118 0.716816
v 0.407657 1.591882 0.680134
v 0.392330 1.630328 0.654563
v 0.376059 1.667256 0.627417
v 0.373792 1.591882 0.699316
v 0.359739 1.630328 0.673024
v 0.344820 1.667256 0.645112
v 0.339029 1.591882 0.716816
v 0.326282 1.630328 0.689866
v 0.312750 1.667256 0.661256
v 0.302339 0.201938 0.504421
v 0.321977 0.231943 0.537186
v 0.340840 0.263796 0.568658
v 0.277223 0.201938 0.518648
v 0.295230 0.231944 0.552336
v 0.312526 0.263796 0.584696
v 0.251441 0.201938 0.531627
v 0.267773 0.231944 0.566158
v 0.283461 0.263796 0.599328
v 0.458807 1.424816 0.765473
v 0.447606 1.468376 0.746785
v 0.435328 1.510809 0.726301
v 0.420694 1.424816 0.787062
v 0.410423 1.468376 0.767847
v 0.399165 1.510809 0.746785
v 0.381568 1.424816 0.806758
v 0.372252 1.468376 0.787062
v 0.362041 1.510809 0.765473
v 0.170984 1.852233 0.477867
v 0.156780 1.876269 0.438170
v 0.142199 1.898197 0.397420
v 0.147329 1.852233 0.485681
v 0.135091 1.876269 0.445335
v 0.122527 1.898198 0.403918
v 0.123321 1.852233 0.492326
v 0.113077 1.876269 0.451428
v 0.102560 1.898197 0.409444
v 0.285269 0.489191 0.797273
v 0.293315 0.531624 0.819760
v 0.300655 0.575184 0.840273
v 0.245804 0.489191 0.810309
v 0.252737 0.531624 0.833163
v 0.259062 0.575184 0.854013
v 0.205749 0.489191 0.821396
v 0.211551 0.531624 0.844562
v 0.216845 0.575184 0.865697
v 0.223352 1.736204 0.624226
v 0.210990 1.768056 0.589678
v 0.198121 1.798062 0.553713
v 0.192453 1.736204 0.634432
v 0.181802 1.768056 0.599320
v 0.170713 1.798062 0.562766
v 0.161091 1.736204 0.643112
v 0.152175 1.768057 0.607520
v 0.142894 1.798061 0.570465
v 0.246430 0.332744 0.688727
v 0.257092 0.369672 0.718525
v 0.267136 0.408117 0.746595
v 0.212339 0.332744 0.699988
v 0.221526 0.369672 0.730273
v 0.230180 0.408117 0.758802
v 0.177736 0.332744 0.709565
v 0.185426 0.369672 0.740265
v 0.192670 0.408118 0.769184
v 0.267136 1.591882 0.746595
v 0.257093 1.630328 0.718525
v 0.246430 1.667256 0.688727
v 0.230180 1.591882 0.758802
v 0.221526 1.630328 0.730273
v 0.212339 1.667256 0.699988
v 0.192670 1.591882 0.769184
v 0.185426 1.630328 0.740265
v 0.177736 1.667256 0.709565
v 0.198121 0.201938 0.553712
v 0.210990 0.231943 0.589678
v 0.223352 0.263796 0.624226
v 0.170713 0.201938 0.562766
v 0.181802 0.231944 0.599320
v 0.192453 0.263796 0.634432
v 0.142894 0.201938 0.570465
v 0.152175 0.231944 0.607520
v 0.161091 0.263796 0.643112
v 0.300655 1.424816 0.840273
v 0.293315 1.468376 0.819759
v 0.285269 1.510809 0.797273
v 0.259062 1.424816 0.854012
v 0.252737 1.468376 0.833163
v 0.245804 1.510809 0.810309
v 0.216845 1.424816 0.865697
v 0.211551 1.468376 0.844562
v 0.205748 1.510809 0.821396
v 0.142199 0.101803 0.397420
v 0.156780 0.123731 0.438170
v 0.170984 0.147767 0.477867
v 0.122527 0.101803 0.403918
v 0.135091 0.123731 0.445335
v 0.147329 0.147767 0.485681
v 0.102560 0.101803 0.409444
v 0.113077 0.123731 0.451428
v 0.123321 0.147767 0.492326
v 0.322619 1.241423 0.901661
v 0.318265 1.288424 0.889491
v 0.313145 1.334732 0.875181
v 0.277988 1.241423 0.916403
v 0.274236 1.288424 0.904034
v 0.269824 1.334732 0.889491
v 0.232687 1.241423 0.928941
v 0.229547 1.288424 0.916403
v 0.225854 1.334732 0.901661
v 0.081914 0.036521 0.229073
v 0.096871 0.049293 0.270778
v 0.112086 0.064501 0.313264
v 0.070731 0.036559 0.233169
v 0.083514 0.049304 0.275309
v 0.096585 0.064502 0.318399
v 0.059157 0.036521 0.235976
v 0.069891 0.049293 0.278962
v 0.080844 0.064501 0.322741
v 0.332186 1.048753 0.928397
v 0.330984 1.097389 0.925039
v 0.328987 1.145791 0.919456
v 0.286231 1.048753 0.943577
v 0.285195 1.097389 0.940164
v 0.283474 1.145791 0.934490
v 0.239587 1.048753 0.956487
v 0.238720 1.097389 0.953027
v 0.237280 1.145791 0.947275
v 0.039476 1.985270 0.130135
v 0.053822 1.981343 0.151410
v 0.040580 1.986701 0.117642
v 0.026961 1.990311 0.088877
v 0.031617 1.986701 0.120361
v 0.039368 1.981343 0.155795
v 0.047391 1.981055 0.156226
v 0.039476 0.014730 0.130135
v 0.026961 0.009689 0.088877
v 0.040580 0.013298 0.117642
v 0.053822 0.018658 0.151410
v 0.047391 0.018945 0.156226
v 0.039368 0.018658 0.155795
v 0.031617 0.013299 0.120361
v 0.328987 0.854209 0.919456
v 0.330984 0.902611 0.925039
v 0.332186 0.951247 0.928397
v 0.283474 0.854209 0.934490
v 0.285195 0.902611 0.940164
v 0.286231 0.951247 0.943577
v 0.237280 0.854209 0.947275
v 0.238720 0.902611 0.953027
v 0.239587 0.951247 0.956487
v 0.112086 1.935499 0.313264
v 0.096871 1.950707 0.270778
v 0.081914 1.963479 0.229073
v 0.096585 1.935498 0.318399
v 0.083514 1.950696 0.275309
v 0.070731 1.963441 0.233169
v 0.080844 1.935499 0.322741
v 0.069891 1.950707 0.278962
v 0.059157 1.963478 0.235976
v 0.313145 0.665268 0.875181
v 0.318265 0.711576 0.889491
v 0.322619 0.758577 0.901661
v 0.269824 0.665268 0.889491
v 0.274236 0.711576 0.904035
v 0.277988 0.758577 0.916403
v 0.225854 0.665268 0.901661
v 0.229547 0.711576 0.916403
v 0.232687 0.758577 0.928941
v 0.140515 1.241423 0.947276
v 0.138619 1.288424 0.934490
v 0.136389 1.334732 0.919456
v 0.093865 1.241423 0.953028
v 0.092598 1.288424 0.940165
v 0.091108 1.334732 0.925040
v 0.046989 1.241423 0.956487
v 0.046355 1.288424 0.943577
v 0.045609 1.334732 0.928398
v 0.035650 0.036521 0.240652
v 0.042184 0.049293 0.284473
v 0.048817 0.064501 0.329112
v 0.023883 0.036559 0.242487
v 0.028199 0.049304 0.286312
v 0.032613 0.064502 0.331124
v 0.011984 0.036521 0.242983
v 0.014125 0.049293 0.287237
v 0.016327 0.064501 0.332312
v 0.144682 1.048753 0.975365
v 0.144158 1.097389 0.971837
v 0.143288 1.145791 0.965972
v 0.096648 1.048753 0.981288
v 0.096299 1.097389 0.977739
v 0.095717 1.145791 0.971837
v 0.048382 1.048753 0.984850
v 0.048207 1.097389 0.981288
v 0.047916 1.145791 0.975365
v 0.013329 1.985270 0.135336
v 0.023249 1.981343 0.159001
v 0.016849 1.986701 0.123298
v 0.009103 1.990311 0.092429
v 0.007529 1.986701 0.124216
v 0.008217 1.981343 0.160481
v 0.016002 1.981055 0.162470
v 0.013329 0.014730 0.135336
v 0.009103 0.009689 0.092429
v 0.016849 0.013299 0.123298
v 0.023249 0.018658 0.159001
v 0.016002 0.018945 0.162470
v 0.008217 0.018658 0.160481
v 0.007529 0.013299 0.124216
v 0.143288 0.854209 0.965972
v 0.144158 0.902611 0.971837
v 0.144682 0.951247 0.975365
v 0.095717 0.854209 0.971837
v 0.096299 0.902611 0.977739
v 0.096648 0.951247 0.981288
v 0.047916 0.854209 0.975365
v 0.048207 0.902611 0.981288
v 0.048382 0.951247 0.984850
v 0.048817 1.935499 0.329112
v 0.042184 1.950707 0.284473
v 0.035650 1.963479 0.240652
v 0.032613 1.935498 0.331124
v 0.028199 1.950696 0.286312
v 0.023883 1.963441 0.242487
v 0.016327 1.935499 0.332312
v 0.014125 1.950707 0.287237
v 0.011984 1.963479 0.242983
v 0.136389 0.665268 0.919456
v 0.138619 0.711576 0.934490
v 0.140515 0.758577 0.947276
v 0.091108 0.665268 0.925040
v 0.092598 0.711576 0.940165
v 0.093865 0.758577 0.953028
v 0.045609 0.665268 0.928398
v 0.046355 0.711576 0.943577
v 0.046989 0.758577 0.956487
v 0.074471 1.852233 0.502043
v 0.068285 1.876269 0.460337
v 0.061934 1.898197 0.417525
v 0.049747 1.852233 0.505091
v 0.045615 1.876269 0.463133
v 0.041372 1.898198 0.420060
v 0.024903 1.852233 0.506925
v 0.022835 1.876269 0.464814
v 0.020711 1.898197 0.421585
v 0.124247 0.489191 0.837607
v 0.127752 0.531624 0.861231
v 0.130949 0.575184 0.882783
v 0.082998 0.489191 0.842694
v 0.085339 0.531624 0.866461
v 0.087474 0.575184 0.888143
v 0.041549 0.489191 0.845752
v 0.042721 0.531624 0.869606
v 0.043790 0.575184 0.891367
v 0.097280 1.736204 0.655805
v 0.091896 1.768056 0.619510
v 0.086291 1.798062 0.581725
v 0.064983 1.736204 0.659788
v 0.061387 1.768056 0.623272
v 0.057643 1.798062 0.585257
v 0.032531 1.736204 0.662183
v 0.030730 1.768057 0.625535
v 0.028856 1.798061 0.587382
v 0.107331 0.332744 0.723569
v 0.111975 0.369672 0.754875
v 0.116350 0.408117 0.784365
v 0.071698 0.332744 0.727963
v 0.074800 0.369672 0.759459
v 0.077722 0.408117 0.789128
v 0.035892 0.332744 0.730606
v 0.037445 0.369672 0.762216
v 0.038908 0.408118 0.791993
v 0.116350 1.591882 0.784365
v 0.111975 1.630328 0.754875
v 0.107331 1.667256 0.723569
v 0.077722 1.591882 0.789128
v 0.074800 1.630328 0.759459
v 0.071698 1.667256 0.727963
v 0.038908 1.591882 0.791993
v 0.037445 1.630328 0.762216
v 0.035892 1.667256 0.730606
v 0.086291 0.201938 0.581725
v 0.091896 0.231943 0.619510
v 0.097280 0.263796 0.655805
v 0.057643 0.201938 0.585257
v 0.061387 0.231944 0.623272
v 0.064983 0.263796 0.659787
v 0.028856 0.201938 0.587381
v 0.030730 0.231944 0.625534
v 0.032531 0.263796 0.662182
v 0.130949 1.424816 0.882783
v 0.127752 1.468376 0.861231
v 0.124247 1.510809 0.837607
v 0.087474 1.424816 0.888143
v 0.085339 1.468376 0.866461
v 0.082998 1.510809 0.842694
v 0.043790 1.424816 0.891367
v 0.042721 1.468376 0.869606
v 0.041549 1.510809 0.845752
v 0.061934 0.101803 0.417525
v 0.068285 0.123731 0.460337
v 0.074471 0.147767 0.502042
v 0.041372 0.101803 0.420060
v 0.045614 0.123731 0.463133
v 0.049747 0.147767 0.505091
v 0.020711 0.101803 0.421585
v 0.022835 0.123731 0.464814
v 0.024903 0.147767 0.506925
s 0
f 3459 3463 3462
f 3460 3464 3463
f 3463 3465 3462
f 3464 3466 3463
f 481 3459 3242
f 3173 3460 3459
f 3172 3461 3460
f 3171 3243 3461
f 3461 3244 3464
f 3244 3467 3464
f 3245 525 3467
f 3467 526 3466
f 3466 527 3465
f 3465 20 3240
f 3462 3240 3241
f 3242 3462 3241
f 3469 3471 3468
f 3470 3472 3469
f 3471 3475 3474
f 3472 3476 3475
f 3221 533 3
f 3220 3468 3221
f 3219 3469 3220
f 477 3470 3219
f 3246 3473 3470
f 3473 3248 3476
f 3476 12 504
f 3475 504 505
f 3474 505 506
f 531 506 13
f 532 3474 531
f 3468 532 533
f 3478 3480 3477
f 3479 3481 3478
f 3480 3484 3483
f 3481 3485 3484
f 3176 3251 482
f 3175 3477 3176
f 3174 3478 3175
f 481 3479 3174
f 3242 3482 3479
f 3482 3240 3485
f 3485 20 528
f 3484 528 529
f 3483 529 530
f 3249 530 21
f 3250 3483 3249
f 3477 3250 3251
f 3487 3489 3486
f 3488 3490 3487
f 3489 3493 3492
f 3490 3494 3493
f 485 536 4
f 484 3486 485
f 483 3487 484
f 3 3488 483
f 533 3491 3488
f 3491 531 3494
f 3494 13 507
f 3493 507 508
f 3492 508 509
f 534 509 14
f 535 3492 534
f 3486 535 536
f 3496 3495 3501
f 3499 3497 3498
f 3500 3495 3499
f 474 3496 3254
f 3206 3497 3496
f 3254 3501 3253
f 3234 3204 82
f 3235 3498 3234
f 3498 3205 3204
f 7 3500 3236
f 3252 3501 3500
f 3236 3499 3235
f 3504 3508 3503
f 3505 3502 3504
f 3507 3502 3506
f 3233 3239 308
f 3232 3503 3233
f 3503 3238 3239
f 482 3505 3231
f 3251 3506 3505
f 3231 3504 3232
f 21 3507 3249
f 3237 3508 3507
f 3249 3506 3250
f 3509 3513 3512
f 3510 3514 3513
f 3513 3515 3512
f 3514 3516 3513
f 5 3509 539
f 488 3510 3509
f 487 3511 3510
f 486 536 3511
f 3511 535 3514
f 535 3517 3514
f 534 510 3517
f 3517 511 3516
f 3516 512 3515
f 3515 15 537
f 3512 537 538
f 539 3512 538
f 3518 3522 3521
f 3519 3523 3522
f 3522 3524 3521
f 3523 3525 3522
f 475 3518 3257
f 3167 3519 3518
f 3166 3520 3519
f 3165 3254 3520
f 3520 3253 3523
f 3253 3526 3523
f 3252 489 3526
f 3526 490 3525
f 3525 491 3524
f 3524 8 3255
f 3521 3255 3256
f 3257 3521 3256
f 3527 3531 3530
f 3528 3532 3531
f 3531 3533 3530
f 3532 3534 3531
f 478 3527 3260
f 3224 3528 3527
f 3223 3529 3528
f 3222 539 3529
f 3529 538 3532
f 538 3535 3532
f 537 513 3535
f 3535 514 3534
f 3534 515 3533
f 3533 16 3258
f 3530 3258 3259
f 3260 3530 3259
f 3537 3539 3536
f 3538 3540 3537
f 3539 3543 3542
f 3540 3544 3543
f 3209 542 1
f 3208 3536 3209
f 3207 3537 3208
f 475 3538 3207
f 3257 3541 3538
f 3541 3255 3544
f 3544 8 492
f 3543 492 493
f 3542 493 494
f 540 494 9
f 541 3542 540
f 3536 541 542
f 3545 3549 3548
f 3546 3550 3549
f 3549 3551 3548
f 3550 3552 3549
f 6 3545 545
f 3227 3546 3545
f 3226 3547 3546
f 3225 3260 3547
f 3547 3259 3550
f 3259 3553 3550
f 3258 516 3553
f 3553 517 3552
f 3552 518 3551
f 3551 17 543
f 3548 543 544
f 545 3548 544
f 3555 3557 3554
f 3556 3558 3555
f 3557 3561 3560
f 3558 3562 3561
f 3212 3263 476
f 3211 3554 3212
f 3210 3555 3211
f 1 3556 3210
f 542 3559 3556
f 3559 540 3562
f 3562 9 495
f 3561 495 496
f 3560 496 497
f 3261 497 10
f 3262 3560 3261
f 3554 3262 3263
f 3563 3567 3566
f 3564 3568 3567
f 3567 3569 3566
f 3568 3570 3567
f 479 3563 3266
f 3230 3564 3563
f 3229 3565 3564
f 3228 545 3565
f 3565 544 3568
f 544 3571 3568
f 543 519 3571
f 3571 520 3570
f 3570 521 3569
f 3569 18 3264
f 3566 3264 3265
f 3266 3566 3265
f 3573 3575 3572
f 3574 3576 3573
f 3575 3579 3578
f 3576 3580 3579
f 3215 548 2
f 3214 3572 3215
f 3213 3573 3214
f 476 3574 3213
f 3263 3577 3574
f 3577 3261 3580
f 3580 10 498
f 3579 498 499
f 3578 499 500
f 546 500 11
f 547 3578 546
f 3572 547 548
f 3581 3585 3584
f 3582 3586 3585
f 3585 3587 3584
f 3586 3588 3585
f 480 3581 3243
f 3170 3582 3581
f 3169 3583 3582
f 3168 3266 3583
f 3583 3265 3586
f 3265 3589 3586
f 3264 522 3589
f 3589 523 3588
f 3588 524 3587
f 3587 19 3245
f 3584 3245 3244
f 3243 3584 3244
f 3591 3593 3590
f 3592 3594 3591
f 3593 3597 3596
f 3594 3598 3597
f 3218 3246 477
f 3217 3590 3218
f 3216 3591 3217
f 2 3592 3216
f 548 3595 3592
f 3595 546 3598
f 3598 11 501
f 3597 501 502
f 3596 502 503
f 3248 503 12
f 3247 3596 3248
f 3590 3247 3246
f 3599 3603 3602
f 3600 3604 3603
f 3603 3605 3602
f 3604 3606 3603
f 19 3599 593
f 524 3600 3599
f 523 3601 3600
f 522 594 3601
f 3601 595 3604
f 595 3607 3604
f 596 582 3607
f 3607 583 3606
f 3606 584 3605
f 3605 34 591
f 3602 591 592
f 593 3602 592
f 3609 3611 3608
f 3610 3612 3609
f 3611 3615 3614
f 3612 3616 3615
f 503 599 12
f 502 3608 503
f 501 3609 502
f 11 3610 501
f 600 3613 3610
f 3613 602 3616
f 3616 26 561
f 3615 561 562
f 3614 562 563
f 597 563 27
f 598 3614 597
f 3608 598 599
f 3617 3621 3620
f 3618 3622 3621
f 3621 3623 3620
f 3622 3624 3621
f 20 3617 605
f 527 3618 3617
f 526 3619 3618
f 525 593 3619
f 3619 592 3622
f 592 3625 3622
f 591 585 3625
f 3625 586 3624
f 3624 587 3623
f 3623 35 603
f 3620 603 604
f 605 3620 604
f 3627 3629 3626
f 3628 3630 3627
f 3629 3633 3632
f 3630 3634 3633
f 506 608 13
f 505 3626 506
f 504 3627 505
f 12 3628 504
f 599 3631 3628
f 3631 597 3634
f 3634 27 564
f 3633 564 565
f 3632 565 566
f 606 566 28
f 607 3632 606
f 3626 607 608
f 3636 3638 3635
f 3637 3639 3636
f 3638 3642 3641
f 3639 3643 3642
f 530 611 21
f 529 3635 530
f 528 3636 529
f 20 3637 528
f 605 3640 3637
f 3640 603 3643
f 3643 35 588
f 3642 588 589
f 3641 589 590
f 609 590 36
f 610 3641 609
f 3635 610 611
f 3645 3647 3644
f 3646 3648 3645
f 3647 3651 3650
f 3648 3652 3651
f 509 614 14
f 508 3644 509
f 507 3645 508
f 13 3646 507
f 608 3649 3646
f 3649 606 3652
f 3652 28 567
f 3651 567 568
f 3650 568 569
f 612 569 29
f 613 3650 612
f 3644 613 614
f 3654 3653 3659
f 3657 3655 3656
f 3658 3653 3657
f 7 3654 617
f 3236 3655 3654
f 617 3659 616
f 3267 3234 82
f 3268 3656 3267
f 3656 3235 3234
f 22 3658 3269
f 615 3659 3658
f 3269 3657 3268
f 3662 3666 3661
f 3663 3660 3662
f 3665 3660 3664
f 3239 3272 308
f 3238 3661 3239
f 3661 3271 3272
f 21 3663 3237
f 611 3664 3663
f 3237 3662 3238
f 36 3665 609
f 3270 3666 3665
f 609 3664 610
f 3667 3671 3670
f 3668 3672 3671
f 3671 3673 3670
f 3672 3674 3671
f 15 3667 620
f 512 3668 3667
f 511 3669 3668
f 510 614 3669
f 614 3672 3669
f 613 3675 3672
f 612 570 3675
f 3675 571 3674
f 3674 572 3673
f 3673 30 618
f 3670 618 619
f 620 3670 619
f 3676 3680 3679
f 3677 3681 3680
f 3680 3682 3679
f 3681 3683 3680
f 8 3676 623
f 491 3677 3676
f 490 3678 3677
f 489 617 3678
f 3678 616 3681
f 616 3684 3681
f 615 549 3684
f 3684 550 3683
f 3683 551 3682
f 3682 23 621
f 3679 621 622
f 623 3679 622
f 3685 3689 3688
f 3686 3690 3689
f 3689 3691 3688
f 3690 3692 3689
f 16 3685 626
f 515 3686 3685
f 514 3687 3686
f 513 620 3687
f 3687 619 3690
f 619 3693 3690
f 618 573 3693
f 3693 574 3692
f 3692 575 3691
f 3691 31 624
f 3688 624 625
f 626 3688 625
f 3695 3697 3694
f 3696 3698 3695
f 3697 3701 3700
f 3698 3702 3701
f 494 629 9
f 493 3694 494
f 492 3695 493
f 8 3696 492
f 623 3699 3696
f 3699 621 3702
f 3702 23 552
f 3701 552 553
f 3700 553 554
f 627 554 24
f 628 3700 627
f 3694 628 629
f 3703 3707 3706
f 3704 3708 3707
f 3707 3709 3706
f 3708 3710 3707
f 17 3703 632
f 518 3704 3703
f 517 3705 3704
f 516 626 3705
f 3705 625 3708
f 625 3711 3708
f 624 576 3711
f 3711 577 3710
f 3710 578 3709
f 3709 32 630
f 3706 630 631
f 632 3706 631
f 3713 3715 3712
f 3714 3716 3713
f 3715 3719 3718
f 3716 3720 3719
f 497 635 10
f 496 3712 497
f 495 3713 496
f 9 3714 495
f 629 3717 3714
f 3717 627 3720
f 3720 24 555
f 3719 555 556
f 3718 556 557
f 633 557 25
f 634 3718 633
f 3712 634 635
f 3721 3725 3724
f 3722 3726 3725
f 3725 3727 3724
f 3726 3728 3725
f 18 3721 594
f 521 3722 3721
f 520 3723 3722
f 519 632 3723
f 3723 631 3726
f 631 3729 3726
f 630 579 3729
f 3729 580 3728
f 3728 581 3727
f 3727 33 596
f 3724 596 595
f 594 3724 595
f 3731 3733 3730
f 3732 3734 3731
f 3733 3737 3736
f 3734 3738 3737
f 500 600 11
f 499 3730 500
f 498 3731 499
f 10 3732 498
f 635 3735 3732
f 3735 633 3738
f 3738 25 558
f 3737 558 559
f 3736 559 560
f 602 560 26
f 601 3736 602
f 3730 601 600
f 3739 3743 3742
f 3740 3744 3743
f 3743 3745 3742
f 3744 3746 3743
f 23 3739 680
f 551 3740 3739
f 550 3741 3740
f 549 681 3741
f 3741 682 3744
f 682 3747 3744
f 683 636 3747
f 3747 637 3746
f 3746 638 3745
f 3745 38 678
f 3742 678 679
f 680 3742 679
f 3748 3752 3751
f 3749 3753 3752
f 3752 3754 3751
f 3753 3755 3752
f 31 3748 686
f 575 3749 3748
f 574 3750 3749
f 573 687 3750
f 3750 688 3753
f 688 3756 3753
f 689 660 3756
f 3756 661 3755
f 3755 662 3754
f 3754 46 684
f 3751 684 685
f 686 3751 685
f 3758 3760 3757
f 3759 3761 3758
f 3760 3764 3763
f 3761 3765 3764
f 554 692 24
f 553 3757 554
f 552 3758 553
f 23 3759 552
f 680 3762 3759
f 3762 678 3765
f 3765 38 639
f 3764 639 640
f 3763 640 641
f 690 641 39
f 691 3763 690
f 3757 691 692
f 3766 3770 3769
f 3767 3771 3770
f 3770 3772 3769
f 3771 3773 3770
f 32 3766 695
f 578 3767 3766
f 577 3768 3767
f 576 686 3768
f 3768 685 3771
f 685 3774 3771
f 684 663 3774
f 3774 664 3773
f 3773 665 3772
f 3772 47 693
f 3769 693 694
f 695 3769 694
f 3776 3778 3775
f 3777 3779 3776
f 3778 3782 3781
f 3779 3783 3782
f 557 698 25
f 556 3775 557
f 555 3776 556
f 24 3777 555
f 692 3780 3777
f 3780 690 3783
f 3783 39 642
f 3782 642 643
f 3781 643 644
f 696 644 40
f 697 3781 696
f 3775 697 698
f 3784 3788 3787
f 3785 3789 3788
f 3788 3790 3787
f 3789 3791 3788
f 33 3784 701
f 581 3785 3784
f 580 3786 3785
f 579 695 3786
f 3786 694 3789
f 694 3792 3789
f 693 666 3792
f 3792 667 3791
f 3791 668 3790
f 3790 48 699
f 3787 699 700
f 701 3787 700
f 3794 3796 3793
f 3795 3797 3794
f 3796 3800 3799
f 3797 3801 3800
f 560 704 26
f 559 3793 560
f 558 3794 559
f 25 3795 558
f 698 3798 3795
f 3798 696 3801
f 3801 40 645
f 3800 645 646
f 3799 646 647
f 702 647 41
f 703 3799 702
f 3793 703 704
f 3802 3806 3805
f 3803 3807 3806
f 3806 3808 3805
f 3807 3809 3806
f 34 3802 707
f 584 3803 3802
f 583 3804 3803
f 582 701 3804
f 3804 700 3807
f 700 3810 3807
f 699 669 3810
f 3810 670 3809
f 3809 671 3808
f 3808 49 705
f 3805 705 706
f 707 3805 706
f 3812 3814 3811
f 3813 3815 3812
f 3814 3818 3817
f 3815 3819 3818
f 563 710 27
f 562 3811 563
f 561 3812 562
f 26 3813 561
f 704 3816 3813
f 3816 702 3819
f 3819 41 648
f 3818 648 649
f 3817 649 650
f 708 650 42
f 709 3817 708
f 3811 709 710
f 3820 3824 3823
f 3821 3825 3824
f 3824 3826 3823
f 3825 3827 3824
f 35 3820 713
f 587 3821 3820
f 586 3822 3821
f 585 707 3822
f 3822 706 3825
f 706 3828 3825
f 705 672 3828
f 3828 673 3827
f 3827 674 3826
f 3826 50 711
f 3823 711 712
f 713 3823 712
f 3830 3832 3829
f 3831 3833 3830
f 3832 3836 3835
f 3833 3837 3836
f 566 716 28
f 565 3829 566
f 564 3830 565
f 27 3831 564
f 710 3834 3831
f 3834 708 3837
f 3837 42 651
f 3836 651 652
f 3835 652 653
f 714 653 43
f 715 3835 714
f 3829 715 716
f 3839 3841 3838
f 3840 3842 3839
f 3841 3845 3844
f 3842 3846 3845
f 590 719 36
f 589 3838 590
f 588 3839 589
f 35 3840 588
f 713 3843 3840
f 3843 711 3846
f 3846 50 675
f 3845 675 676
f 3844 676 677
f 717 677 51
f 718 3844 717
f 3838 718 719
f 3848 3850 3847
f 3849 3851 3848
f 3850 3854 3853
f 3851 3855 3854
f 569 722 29
f 568 3847 569
f 567 3848 568
f 28 3849 567
f 716 3852 3849
f 3852 714 3855
f 3855 43 654
f 3854 654 655
f 3853 655 656
f 3853 44 720
f 721 3853 720
f 3847 721 722
f 3857 3856 3862
f 3860 3858 3859
f 3861 3856 3860
f 22 3857 681
f 3269 3858 3857
f 681 3862 682
f 3273 3267 82
f 3274 3859 3273
f 3859 3268 3267
f 37 3861 3275
f 683 3862 3861
f 3275 3860 3274
f 3865 3869 3864
f 3866 3863 3865
f 3868 3863 3867
f 3272 3278 308
f 3271 3864 3272
f 3864 3277 3278
f 36 3866 3270
f 719 3867 3866
f 3270 3865 3271
f 51 3868 717
f 3276 3869 3868
f 717 3867 718
f 3870 3874 3873
f 3871 3875 3874
f 3874 3876 3873
f 3875 3877 3874
f 30 3870 687
f 572 3871 3870
f 571 3872 3871
f 570 722 3872
f 722 3875 3872
f 721 3878 3875
f 720 657 3878
f 3878 658 3877
f 3877 659 3876
f 3876 45 689
f 3873 689 688
f 687 3873 688
f 3880 3882 3879
f 3881 3883 3880
f 3882 3886 3885
f 3883 3887 3886
f 650 767 42
f 649 3879 650
f 648 3880 649
f 41 3881 648
f 768 3884 3881
f 3884 770 3887
f 3887 56 735
f 3886 735 736
f 3885 736 737
f 765 737 57
f 766 3885 765
f 3879 766 767
f 3888 3892 3891
f 3889 3893 3892
f 3892 3894 3891
f 3893 3895 3892
f 50 3888 773
f 674 3889 3888
f 673 3890 3889
f 672 774 3890
f 3890 775 3893
f 775 3896 3893
f 776 759 3896
f 3896 760 3895
f 3895 761 3894
f 3894 65 771
f 3891 771 772
f 773 3891 772
f 3898 3900 3897
f 3899 3901 3898
f 3900 3904 3903
f 3901 3905 3904
f 653 779 43
f 652 3897 653
f 651 3898 652
f 42 3899 651
f 767 3902 3899
f 3902 765 3905
f 3905 57 738
f 3904 738 739
f 3903 739 740
f 777 740 58
f 778 3903 777
f 3897 778 779
f 3907 3909 3906
f 3908 3910 3907
f 3909 3913 3912
f 3910 3914 3913
f 677 782 51
f 676 3906 677
f 675 3907 676
f 50 3908 675
f 773 3911 3908
f 3911 771 3914
f 3914 65 762
f 3913 762 763
f 3912 763 764
f 780 764 66
f 781 3912 780
f 3906 781 782
f 3916 3918 3915
f 3917 3919 3916
f 3918 3922 3921
f 3919 3923 3922
f 656 785 44
f 655 3915 656
f 654 3916 655
f 43 3917 654
f 779 3920 3917
f 3920 777 3923
f 3923 58 741
f 3922 741 742
f 3921 742 743
f 783 743 59
f 784 3921 783
f 3915 784 785
f 3925 3924 3930
f 3928 3926 3927
f 3929 3924 3928
f 37 3925 788
f 3275 3926 3925
f 788 3930 787
f 3279 3273 82
f 3280 3927 3279
f 3927 3274 3273
f 52 3929 3281
f 786 3930 3929
f 3281 3928 3280
f 3933 3937 3932
f 3934 3931 3933
f 3936 3931 3935
f 3278 3284 308
f 3277 3932 3278
f 3932 3283 3284
f 51 3934 3276
f 782 3935 3934
f 3276 3933 3277
f 66 3936 780
f 3282 3937 3936
f 780 3935 781
f 3938 3942 3941
f 3939 3943 3942
f 3942 3944 3941
f 3943 3945 3942
f 45 3938 791
f 659 3939 3938
f 658 3940 3939
f 657 785 3940
f 3940 784 3943
f 784 3946 3943
f 783 744 3946
f 3946 745 3945
f 3945 746 3944
f 3944 60 789
f 3941 789 790
f 791 3941 790
f 3947 3951 3950
f 3948 3952 3951
f 3951 3953 3950
f 3952 3954 3951
f 38 3947 794
f 638 3948 3947
f 637 3949 3948
f 636 788 3949
f 3949 787 3952
f 787 3955 3952
f 786 723 3955
f 3955 724 3954
f 3954 725 3953
f 3953 53 792
f 3950 792 793
f 794 3950 793
f 3956 3960 3959
f 3957 3961 3960
f 3960 3962 3959
f 3961 3963 3960
f 46 3956 797
f 662 3957 3956
f 661 3958 3957
f 660 791 3958
f 3958 790 3961
f 790 3964 3961
f 789 747 3964
f 3964 748 3963
f 3963 749 3962
f 3962 61 795
f 3959 795 796
f 797 3959 796
f 3966 3968 3965
f 3967 3969 3966
f 3968 3972 3971
f 3969 3973 3972
f 641 800 39
f 640 3965 641
f 639 3966 640
f 38 3967 639
f 794 3970 3967
f 3970 792 3973
f 3973 53 726
f 3972 726 727
f 3971 727 728
f 798 728 54
f 799 3971 798
f 3965 799 800
f 3974 3978 3977
f 3975 3979 3978
f 3978 3980 3977
f 3979 3981 3978
f 47 3974 803
f 665 3975 3974
f 664 3976 3975
f 663 797 3976
f 3976 796 3979
f 796 3982 3979
f 795 750 3982
f 3982 751 3981
f 3981 752 3980
f 3980 62 801
f 3977 801 802
f 803 3977 802
f 3984 3986 3983
f 3985 3987 3984
f 3986 3990 3989
f 3987 3991 3990
f 644 806 40
f 643 3983 644
f 642 3984 643
f 39 3985 642
f 800 3988 3985
f 3988 798 3991
f 3991 54 729
f 3990 729 730
f 3989 730 731
f 804 731 55
f 805 3989 804
f 3983 805 806
f 3992 3996 3995
f 3993 3997 3996
f 3996 3998 3995
f 3997 3999 3996
f 48 3992 809
f 668 3993 3992
f 667 3994 3993
f 666 803 3994
f 3994 802 3997
f 802 4000 3997
f 801 753 4000
f 4000 754 3999
f 3999 755 3998
f 3998 63 807
f 3995 807 808
f 809 3995 808
f 4002 4004 4001
f 4003 4005 4002
f 4004 4008 4007
f 4005 4009 4008
f 647 768 41
f 646 4001 647
f 645 4002 646
f 40 4003 645
f 806 4006 4003
f 4006 804 4009
f 4009 55 732
f 4008 732 733
f 4007 733 734
f 770 734 56
f 769 4007 770
f 4001 769 768
f 4010 4014 4013
f 4011 4015 4014
f 4014 4016 4013
f 4015 4017 4014
f 49 4010 774
f 671 4011 4010
f 670 4012 4011
f 669 809 4012
f 4012 808 4015
f 808 4018 4015
f 807 756 4018
f 4018 757 4017
f 4017 758 4016
f 4016 64 776
f 4013 776 775
f 774 4013 775
f 4019 4023 4022
f 4020 4024 4023
f 4023 4025 4022
f 4024 4026 4023
f 61 4019 854
f 749 4020 4019
f 748 4021 4020
f 747 855 4021
f 4021 856 4024
f 856 4027 4024
f 857 834 4027
f 4027 835 4026
f 4026 836 4025
f 4025 76 852
f 4022 852 853
f 854 4022 853
f 4029 4031 4028
f 4030 4032 4029
f 4031 4035 4034
f 4032 4036 4035
f 728 860 54
f 727 4028 728
f 726 4029 727
f 53 4030 726
f 861 4033 4030
f 4033 863 4036
f 4036 68 813
f 4035 813 814
f 4034 814 815
f 858 815 69
f 859 4034 858
f 4028 859 860
f 4037 4041 4040
f 4038 4042 4041
f 4041 4043 4040
f 4042 4044 4041
f 62 4037 866
f 752 4038 4037
f 751 4039 4038
f 750 854 4039
f 4039 853 4042
f 853 4045 4042
f 852 837 4045
f 4045 838 4044
f 4044 839 4043
f 4043 77 864
f 4040 864 865
f 866 4040 865
f 4047 4049 4046
f 4048 4050 4047
f 4049 4053 4052
f 4050 4054 4053
f 731 869 55
f 730 4046 731
f 729 4047 730
f 54 4048 729
f 860 4051 4048
f 4051 858 4054
f 4054 69 816
f 4053 816 817
f 4052 817 818
f 867 818 70
f 868 4052 867
f 4046 868 869
f 4055 4059 4058
f 4056 4060 4059
f 4059 4061 4058
f 4060 4062 4059
f 63 4055 872
f 755 4056 4055
f 754 4057 4056
f 753 866 4057
f 4057 865 4060
f 865 4063 4060
f 864 840 4063
f 4063 841 4062
f 4062 842 4061
f 4061 78 870
f 4058 870 871
f 872 4058 871
f 4065 4067 4064
f 4066 4068 4065
f 4067 4071 4070
f 4068 4072 4071
f 734 875 56
f 733 4064 734
f 732 4065 733
f 55 4066 732
f 869 4069 4066
f 4069 867 4072
f 4072 70 819
f 4071 819 820
f 4070 820 821
f 873 821 71
f 874 4070 873
f 4064 874 875
f 4073 4077 4076
f 4074 4078 4077
f 4077 4079 4076
f 4078 4080 4077
f 64 4073 878
f 758 4074 4073
f 757 4075 4074
f 756 872 4075
f 4075 871 4078
f 871 4081 4078
f 870 843 4081
f 4081 844 4080
f 4080 845 4079
f 4079 79 876
f 4076 876 877
f 878 4076 877
f 4083 4085 4082
f 4084 4086 4083
f 4085 4089 4088
f 4086 4090 4089
f 737 881 57
f 736 4082 737
f 735 4083 736
f 56 4084 735
f 875 4087 4084
f 4087 873 4090
f 4090 71 822
f 4089 822 823
f 4088 823 824
f 879 824 72
f 880 4088 879
f 4082 880 881
f 4091 4095 4094
f 4092 4096 4095
f 4095 4097 4094
f 4096 4098 4095
f 65 4091 884
f 761 4092 4091
f 760 4093 4092
f 759 878 4093
f 4093 877 4096
f 877 4099 4096
f 876 846 4099
f 4099 847 4098
f 4098 848 4097
f 4097 80 882
f 4094 882 883
f 884 4094 883
f 4101 4103 4100
f 4102 4104 4101
f 4103 4107 4106
f 4104 4108 4107
f 740 887 58
f 739 4100 740
f 738 4101 739
f 57 4102 738
f 881 4105 4102
f 4105 879 4108
f 4108 72 825
f 4107 825 826
f 4106 826 827
f 885 827 73
f 886 4106 885
f 4100 886 887
f 4110 4112 4109
f 4111 4113 4110
f 4112 4116 4115
f 4113 4117 4116
f 764 890 66
f 763 4109 764
f 762 4110 763
f 65 4111 762
f 884 4114 4111
f 4114 882 4117
f 4117 80 849
f 4116 849 850
f 4115 850 851
f 888 851 81
f 889 4115 888
f 4109 889 890
f 4119 4121 4118
f 4120 4122 4119
f 4121 4125 4124
f 4122 4126 4125
f 743 893 59
f 742 4118 743
f 741 4119 742
f 58 4120 741
f 887 4123 4120
f 4123 885 4126
f 4126 73 828
f 4125 828 829
f 4124 829 830
f 891 830 74
f 892 4124 891
f 4118 892 893
f 4128 4127 4133
f 4131 4129 4130
f 4132 4127 4131
f 52 4128 896
f 3281 4129 4128
f 896 4133 895
f 3285 3279 82
f 3286 4130 3285
f 4130 3280 3279
f 67 4132 3287
f 894 4133 4132
f 3287 4131 3286
f 4136 4140 4135
f 4137 4134 4136
f 4139 4134 4138
f 3284 3290 308
f 3283 4135 3284
f 4135 3289 3290
f 66 4137 3282
f 890 4138 4137
f 3282 4136 3283
f 81 4139 888
f 3288 4140 4139
f 888 4138 889
f 4141 4145 4144
f 4142 4146 4145
f 4145 4147 4144
f 4146 4148 4145
f 60 4141 855
f 746 4142 4141
f 745 4143 4142
f 744 893 4143
f 4143 892 4146
f 892 4149 4146
f 891 831 4149
f 4149 832 4148
f 4148 833 4147
f 4147 75 857
f 4144 857 856
f 855 4144 856
f 4150 4154 4153
f 4151 4155 4154
f 4154 4156 4153
f 4155 4157 4154
f 53 4150 861
f 725 4151 4150
f 724 4152 4151
f 723 896 4152
f 4152 895 4155
f 895 4158 4155
f 894 810 4158
f 4158 811 4157
f 4157 812 4156
f 4156 68 863
f 4153 863 862
f 861 4153 862
f 4159 4163 4162
f 4160 4164 4163
f 4163 4165 4162
f 4164 4166 4163
f 80 4159 944
f 848 4160 4159
f 847 4161 4160
f 846 945 4161
f 4161 946 4164
f 946 4167 4164
f 947 936 4167
f 4167 937 4166
f 4166 938 4165
f 4165 96 942
f 4162 942 943
f 944 4162 943
f 4169 4171 4168
f 4170 4172 4169
f 4171 4175 4174
f 4172 4176 4175
f 827 950 73
f 826 4168 827
f 825 4169 826
f 72 4170 825
f 951 4173 4170
f 4173 953 4176
f 4176 88 915
f 4175 915 916
f 4174 916 917
f 948 917 89
f 949 4174 948
f 4168 949 950
f 4178 4180 4177
f 4179 4181 4178
f 4180 4184 4183
f 4181 4185 4184
f 851 956 81
f 850 4177 851
f 849 4178 850
f 80 4179 849
f 944 4182 4179
f 4182 942 4185
f 4185 96 939
f 4184 939 940
f 4183 940 941
f 954 941 97
f 955 4183 954
f 4177 955 956
f 4187 4189 4186
f 4188 4190 4187
f 4189 4193 4192
f 4190 4194 4193
f 830 959 74
f 829 4186 830
f 828 4187 829
f 73 4188 828
f 950 4191 4188
f 4191 948 4194
f 4194 89 918
f 4193 918 919
f 4192 919 920
f 957 920 90
f 4189 957 958
f 4186 958 959
f 4196 4195 4201
f 4199 4197 4198
f 4200 4195 4199
f 67 4196 962
f 3287 4197 4196
f 962 4201 961
f 897 3285 82
f 898 4198 897
f 4198 3286 3285
f 83 4200 899
f 960 4201 4200
f 899 4199 898
f 4204 4208 4203
f 4205 4202 4204
f 4207 4202 4206
f 3290 3293 308
f 3289 4203 3290
f 4203 3292 3293
f 81 4205 3288
f 956 4206 4205
f 3288 4204 3289
f 97 4207 954
f 3291 4208 4207
f 954 4206 955
f 4209 4213 4212
f 4210 4214 4213
f 4213 4215 4212
f 4214 4216 4213
f 75 4209 965
f 833 4210 4209
f 832 4211 4210
f 831 959 4211
f 4211 958 4214
f 958 4217 4214
f 957 921 4217
f 4217 922 4216
f 4216 923 4215
f 4215 91 963
f 4212 963 964
f 965 4212 964
f 4218 4222 4221
f 4219 4223 4222
f 4222 4224 4221
f 4223 4225 4222
f 68 4218 968
f 812 4219 4218
f 811 4220 4219
f 810 962 4220
f 4220 961 4223
f 961 4226 4223
f 960 900 4226
f 4226 901 4225
f 4225 902 4224
f 4224 84 966
f 4221 966 967
f 968 4221 967
f 4227 4231 4230
f 4228 4232 4231
f 4231 4233 4230
f 4232 4234 4231
f 76 4227 971
f 836 4228 4227
f 835 4229 4228
f 834 965 4229
f 4229 964 4232
f 964 4235 4232
f 963 924 4235
f 4235 925 4234
f 4234 926 4233
f 4233 92 969
f 4230 969 970
f 971 4230 970
f 4237 4239 4236
f 4238 4240 4237
f 4239 4243 4242
f 4240 4244 4243
f 815 974 69
f 814 4236 815
f 813 4237 814
f 68 4238 813
f 968 4241 4238
f 4241 966 4244
f 4244 84 903
f 4243 903 904
f 4242 904 905
f 972 905 85
f 973 4242 972
f 4236 973 974
f 4245 4249 4248
f 4246 4250 4249
f 4249 4251 4248
f 4250 4252 4249
f 77 4245 977
f 839 4246 4245
f 838 4247 4246
f 837 971 4247
f 4247 970 4250
f 970 4253 4250
f 969 927 4253
f 4253 928 4252
f 4252 929 4251
f 4251 93 975
f 4248 975 976
f 977 4248 976
f 4255 4257 4254
f 4256 4258 4255
f 4257 4261 4260
f 4258 4262 4261
f 818 980 70
f 817 4254 818
f 816 4255 817
f 69 4256 816
f 974 4259 4256
f 4259 972 4262
f 4262 85 906
f 4261 906 907
f 4260 907 908
f 978 908 86
f 979 4260 978
f 4254 979 980
f 4263 4267 4266
f 4264 4268 4267
f 4267 4269 4266
f 4268 4270 4267
f 78 4263 983
f 842 4264 4263
f 841 4265 4264
f 840 977 4265
f 4265 976 4268
f 976 4271 4268
f 975 930 4271
f 4271 931 4270
f 4270 932 4269
f 4269 94 981
f 4266 981 982
f 983 4266 982
f 4273 4275 4272
f 4274 4276 4273
f 4275 4279 4278
f 4276 4280 4279
f 821 986 71
f 820 4272 821
f 819 4273 820
f 70 4274 819
f 980 4277 4274
f 4277 978 4280
f 4280 86 909
f 4279 909 910
f 4278 910 911
f 984 911 87
f 985 4278 984
f 4272 985 986
f 4281 4285 4284
f 4282 4286 4285
f 4285 4287 4284
f 4286 4288 4285
f 79 4281 945
f 845 4282 4281
f 844 4283 4282
f 843 983 4283
f 4283 982 4286
f 982 4289 4286
f 981 933 4289
f 4289 934 4288
f 4288 935 4287
f 4287 95 947
f 4284 947 946
f 945 4284 946
f 4291 4293 4290
f 4292 4294 4291
f 4293 4297 4296
f 4294 4298 4297
f 824 951 72
f 823 4290 824
f 822 4291 823
f 71 4292 822
f 986 4295 4292
f 4295 984 4298
f 4298 87 912
f 4297 912 913
f 4296 913 914
f 953 914 88
f 952 4296 953
f 4290 952 951
f 4300 4302 4299
f 4301 4303 4300
f 4302 4306 4305
f 4303 4307 4306
f 905 1031 85
f 904 4299 905
f 903 4300 904
f 84 4301 903
f 1032 4304 4301
f 4304 1034 4307
f 4307 99 990
f 4306 990 991
f 4305 991 992
f 1029 992 100
f 1030 4305 1029
f 4299 1030 1031
f 4308 4312 4311
f 4309 4313 4312
f 4312 4314 4311
f 4313 4315 4312
f 93 4308 1037
f 929 4309 4308
f 928 4310 4309
f 927 1038 4310
f 4310 1039 4313
f 1039 4316 4313
f 1040 1014 4316
f 4316 1015 4315
f 4315 1016 4314
f 4314 108 1035
f 4311 1035 1036
f 1037 4311 1036
f 4318 4320 4317
f 4319 4321 4318
f 4320 4324 4323
f 4321 4325 4324
f 908 1043 86
f 907 4317 908
f 906 4318 907
f 85 4319 906
f 1031 4322 4319
f 4322 1029 4325
f 4325 100 993
f 4324 993 994
f 4323 994 995
f 1041 995 101
f 1042 4323 1041
f 4317 1042 1043
f 4326 4330 4329
f 4327 4331 4330
f 4330 4332 4329
f 4331 4333 4330
f 94 4326 1046
f 932 4327 4326
f 931 4328 4327
f 930 1037 4328
f 4328 1036 4331
f 1036 4334 4331
f 1035 1017 4334
f 4334 1018 4333
f 4333 1019 4332
f 4332 109 1044
f 4329 1044 1045
f 1046 4329 1045
f 4336 4338 4335
f 4337 4339 4336
f 4338 4342 4341
f 4339 4343 4342
f 911 1049 87
f 910 4335 911
f 909 4336 910
f 86 4337 909
f 1043 4340 4337
f 4340 1041 4343
f 4343 101 996
f 4342 996 997
f 4341 997 998
f 1047 998 102
f 1048 4341 1047
f 4335 1048 1049
f 4344 4348 4347
f 4345 4349 4348
f 4348 4350 4347
f 4349 4351 4348
f 95 4344 1052
f 935 4345 4344
f 934 4346 4345
f 933 1046 4346
f 4346 1045 4349
f 1045 4352 4349
f 1044 1020 4352
f 4352 1021 4351
f 4351 1022 4350
f 4350 110 1050
f 4347 1050 1051
f 1052 4347 1051
f 4354 4356 4353
f 4355 4357 4354
f 4356 4360 4359
f 4357 4361 4360
f 914 1055 88
f 913 4353 914
f 912 4354 913
f 87 4355 912
f 1049 4358 4355
f 4358 1047 4361
f 4361 102 999
f 4360 999 1000
f 4359 1000 1001
f 1053 1001 103
f 1054 4359 1053
f 4353 1054 1055
f 4362 4366 4365
f 4363 4367 4366
f 4366 4368 4365
f 4367 4369 4366
f 96 4362 1058
f 938 4363 4362
f 937 4364 4363
f 936 1052 4364
f 4364 1051 4367
f 1051 4370 4367
f 1050 1023 4370
f 4370 1024 4369
f 4369 1025 4368
f 4368 111 1056
f 4365 1056 1057
f 1058 4365 1057
f 4372 4374 4371
f 4373 4375 4372
f 4374 4378 4377
f 4375 4379 4378
f 917 1061 89
f 916 4371 917
f 915 4372 916
f 88 4373 915
f 1055 4376 4373
f 4376 1053 4379
f 4379 103 1002
f 4378 1002 1003
f 4377 1003 1004
f 1059 1004 104
f 1060 4377 1059
f 4371 1060 1061
f 4381 4383 4380
f 4382 4384 4381
f 4383 4387 4386
f 4384 4388 4387
f 941 1064 97
f 940 4380 941
f 939 4381 940
f 96 4382 939
f 1058 4385 4382
f 4385 1056 4388
f 4388 111 1026
f 4387 1026 1027
f 4386 1027 1028
f 1062 1028 112
f 1063 4386 1062
f 4380 1063 1064
f 4390 4392 4389
f 4391 4393 4390
f 4392 4396 4395
f 4393 4397 4396
f 920 1067 90
f 919 4389 920
f 918 4390 919
f 89 4391 918
f 1061 4394 4391
f 4394 1059 4397
f 4397 104 1005
f 4396 1005 1006
f 4395 1006 1007
f 1065 1007 105
f 1066 4395 1065
f 4389 1066 1067
f 4399 4398 4404
f 4402 4400 4401
f 4403 4398 4402
f 83 4399 1070
f 899 4400 4399
f 1070 4404 1069
f 3294 897 82
f 3295 4401 3294
f 4401 898 897
f 98 4403 3296
f 1068 4404 4403
f 3296 4402 3295
f 4407 4411 4406
f 4408 4405 4407
f 4410 4405 4409
f 3293 3299 308
f 3292 4406 3293
f 4406 3298 3299
f 97 4408 3291
f 1064 4409 4408
f 3291 4407 3292
f 112 4410 1062
f 3297 4411 4410
f 1062 4409 1063
f 4412 4416 4415
f 4413 4417 4416
f 4416 4418 4415
f 4417 4419 4416
f 91 4412 1073
f 923 4413 4412
f 922 4414 4413
f 921 1067 4414
f 4414 1066 4417
f 1066 4420 4417
f 1065 1008 4420
f 4420 1009 4419
f 4419 1010 4418
f 4418 106 1071
f 4415 1071 1072
f 1073 4415 1072
f 4421 4425 4424
f 4422 4426 4425
f 4425 4427 4424
f 4426 4428 4425
f 84 4421 1032
f 902 4422 4421
f 901 4423 4422
f 900 1070 4423
f 4423 1069 4426
f 1069 4429 4426
f 1068 987 4429
f 4429 988 4428
f 4428 989 4427
f 4427 99 1034
f 4424 1034 1033
f 1032 4424 1033
f 4430 4434 4433
f 4431 4435 4434
f 4434 4436 4433
f 4435 4437 4434
f 92 4430 1038
f 926 4431 4430
f 925 4432 4431
f 924 1073 4432
f 4432 1072 4435
f 1072 4438 4435
f 1071 1011 4438
f 4438 1012 4437
f 4437 1013 4436
f 4436 107 1040
f 4433 1040 1039
f 1038 4433 1039
f 4440 4442 4439
f 4441 4443 4440
f 4442 4446 4445
f 4443 4447 4446
f 1004 1118 104
f 1003 4439 1004
f 1002 4440 1003
f 103 4441 1002
f 1119 4444 4441
f 4444 1121 4447
f 4447 118 1089
f 4446 1089 1090
f 4445 1090 1091
f 1116 1091 119
f 1117 4445 1116
f 4439 1117 1118
f 4449 4451 4448
f 4450 4452 4449
f 4451 4455 4454
f 4452 4456 4455
f 1028 1124 112
f 1027 4448 1028
f 1026 4449 1027
f 111 4450 1026
f 1125 4453 4450
f 4453 1127 4456
f 4456 126 1113
f 4455 1113 1114
f 4454 1114 1115
f 1122 1115 127
f 1123 4454 1122
f 4448 1123 1124
f 4458 4460 4457
f 4459 4461 4458
f 4460 4464 4463
f 4461 4465 4464
f 1007 1130 105
f 1006 4457 1007
f 1005 4458 1006
f 104 4459 1005
f 1118 4462 4459
f 4462 1116 4465
f 4465 119 1092
f 4464 1092 1093
f 4463 1093 1094
f 1128 1094 120
f 1129 4463 1128
f 4457 1129 1130
f 4467 4466 4472
f 4470 4468 4469
f 4471 4466 4470
f 98 4467 1133
f 3296 4468 4467
f 1133 4472 1132
f 3300 3294 82
f 3301 4469 3300
f 4469 3295 3294
f 113 4471 3302
f 1131 4472 4471
f 3302 4470 3301
f 4475 4479 4474
f 4476 4473 4475
f 4478 4473 4477
f 3299 3305 308
f 3298 4474 3299
f 4474 3304 3305
f 112 4476 3297
f 1124 4477 4476
f 3297 4475 3298
f 127 4478 1122
f 3303 4479 4478
f 1122 4477 1123
f 4480 4484 4483
f 4481 4485 4484
f 4484 4486 4483
f 4485 4487 4484
f 106 4480 1136
f 1010 4481 4480
f 1009 4482 4481
f 1008 1130 4482
f 4482 1129 4485
f 1129 4488 4485
f 1128 1095 4488
f 4488 1096 4487
f 4487 1097 4486
f 4486 121 1134
f 4483 1134 1135
f 1136 4483 1135
f 4489 4493 4492
f 4490 4494 4493
f 4493 4495 4492
f 4494 4496 4493
f 99 4489 1139
f 989 4490 4489
f 988 4491 4490
f 987 1133 4491
f 4491 1132 4494
f 1132 4497 4494
f 1131 1074 4497
f 4497 1075 4496
f 4496 1076 4495
f 4495 114 1137
f 4492 1137 1138
f 1139 4492 1138
f 4498 4502 4501
f 4499 4503 4502
f 4502 4504 4501
f 4503 4505 4502
f 107 4498 1142
f 1013 4499 4498
f 1012 4500 4499
f 1011 1136 4500
f 4500 1135 4503
f 1135 4506 4503
f 1134 1098 4506
f 4506 1099 4505
f 4505 1100 4504
f 4504 122 1140
f 4501 1140 1141
f 1142 4501 1141
f 4508 4510 4507
f 4509 4511 4508
f 4510 4514 4513
f 4511 4515 4514
f 992 1145 100
f 991 4507 992
f 990 4508 991
f 99 4509 990
f 1139 4512 4509
f 4512 1137 4515
f 4515 114 1077
f 4514 1077 1078
f 4513 1078 1079
f 1143 1079 115
f 1144 4513 1143
f 4507 1144 1145
f 4516 4520 4519
f 4517 4521 4520
f 4520 4522 4519
f 4521 4523 4520
f 108 4516 1148
f 1016 4517 4516
f 1015 4518 4517
f 1014 1142 4518
f 4518 1141 4521
f 1141 4524 4521
f 1140 1101 4524
f 4524 1102 4523
f 4523 1103 4522
f 4522 123 1146
f 4519 1146 1147
f 1148 4519 1147
f 4526 4528 4525
f 4527 4529 4526
f 4528 4532 4531
f 4529 4533 4532
f 995 1151 101
f 994 4525 995
f 993 4526 994
f 100 4527 993
f 1145 4530 4527
f 4530 1143 4533
f 4533 115 1080
f 4532 1080 1081
f 4531 1081 1082
f 1149 1082 116
f 1150 4531 1149
f 4525 1150 1151
f 4534 4538 4537
f 4535 4539 4538
f 4538 4540 4537
f 4539 4541 4538
f 109 4534 1154
f 1019 4535 4534
f 1018 4536 4535
f 1017 1148 4536
f 4536 1147 4539
f 1147 4542 4539
f 1146 1104 4542
f 4542 1105 4541
f 4541 1106 4540
f 4540 124 1152
f 4537 1152 1153
f 1154 4537 1153
f 4544 4546 4543
f 4545 4547 4544
f 4546 4550 4549
f 4547 4551 4550
f 998 1157 102
f 997 4543 998
f 996 4544 997
f 101 4545 996
f 1151 4548 4545
f 4548 1149 4551
f 4551 116 1083
f 4550 1083 1084
f 4549 1084 1085
f 1155 1085 117
f 1156 4549 1155
f 4543 1156 1157
f 4552 4556 4555
f 4553 4557 4556
f 4556 4558 4555
f 4557 4559 4556
f 110 4552 1160
f 1022 4553 4552
f 1021 4554 4553
f 1020 1154 4554
f 4554 1153 4557
f 1153 4560 4557
f 1152 1107 4560
f 4560 1108 4559
f 4559 1109 4558
f 4558 125 1158
f 4555 1158 1159
f 1160 4555 1159
f 4562 4564 4561
f 4563 4565 4562
f 4564 4568 4567
f 4565 4569 4568
f 1001 1119 103
f 1000 4561 1001
f 999 4562 1000
f 102 4563 999
f 1157 4566 4563
f 4566 1155 4569
f 4569 117 1086
f 4568 1086 1087
f 4567 1087 1088
f 1121 1088 118
f 1120 4567 1121
f 4561 1120 1119
f 4570 4574 4573
f 4571 4575 4574
f 4574 4576 4573
f 4575 4577 4574
f 111 4570 1125
f 1025 4571 4570
f 1024 4572 4571
f 1023 1160 4572
f 4572 1159 4575
f 1159 4578 4575
f 1158 1110 4578
f 4578 1111 4577
f 4577 1112 4576
f 4576 126 1127
f 4573 1127 1126
f 1125 4573 1126
f 4579 4583 4582
f 4580 4584 4583
f 4583 4585 4582
f 4584 4586 4583
f 123 4579 1205
f 1103 4580 4579
f 1102 4581 4580
f 1101 1206 4581
f 4581 1207 4584
f 1207 4587 4584
f 1208 1188 4587
f 4587 1189 4586
f 4586 1190 4585
f 4585 138 1203
f 4582 1203 1204
f 1205 4582 1204
f 4589 4591 4588
f 4590 4592 4589
f 4591 4595 4594
f 4592 4596 4595
f 1082 1211 116
f 1081 4588 1082
f 1080 4589 1081
f 115 4590 1080
f 1212 4593 4590
f 4593 1214 4596
f 4596 130 1167
f 4595 1167 1168
f 4594 1168 1169
f 1209 1169 131
f 1210 4594 1209
f 4588 1210 1211
f 4597 4601 4600
f 4598 4602 4601
f 4601 4603 4600
f 4602 4604 4601
f 124 4597 1217
f 1106 4598 4597
f 1105 4599 4598
f 1104 1205 4599
f 4599 1204 4602
f 1204 4605 4602
f 1203 1191 4605
f 4605 1192 4604
f 4604 1193 4603
f 4603 139 1215
f 4600 1215 1216
f 1217 4600 1216
f 4607 4609 4606
f 4608 4610 4607
f 4609 4613 4612
f 4610 4614 4613
f 1085 1220 117
f 1084 4606 1085
f 1083 4607 1084
f 116 4608 1083
f 1211 4611 4608
f 4611 1209 4614
f 4614 131 1170
f 4613 1170 1171
f 4612 1171 1172
f 1218 1172 132
f 1219 4612 1218
f 4606 1219 1220
f 4615 4619 4618
f 4616 4620 4619
f 4619 4621 4618
f 4620 4622 4619
f 125 4615 1223
f 1109 4616 4615
f 1108 4617 4616
f 1107 1217 4617
f 4617 1216 4620
f 1216 4623 4620
f 1215 1194 4623
f 4623 1195 4622
f 4622 1196 4621
f 4621 140 1221
f 4618 1221 1222
f 1223 4618 1222
f 4625 4627 4624
f 4626 4628 4625
f 4627 4631 4630
f 4628 4632 4631
f 1088 1226 118
f 1087 4624 1088
f 1086 4625 1087
f 117 4626 1086
f 1220 4629 4626
f 4629 1218 4632
f 4632 132 1173
f 4631 1173 1174
f 4630 1174 1175
f 1224 1175 133
f 1225 4630 1224
f 4624 1225 1226
f 4633 4637 4636
f 4634 4638 4637
f 4637 4639 4636
f 4638 4640 4637
f 126 4633 1229
f 1112 4634 4633
f 1111 4635 4634
f 1110 1223 4635
f 4635 1222 4638
f 1222 4641 4638
f 1221 1197 4641
f 4641 1198 4640
f 4640 1199 4639
f 4639 141 1227
f 4636 1227 1228
f 1229 4636 1228
f 4643 4645 4642
f 4644 4646 4643
f 4645 4649 4648
f 4646 4650 4649
f 1091 1232 119
f 1090 4642 1091
f 1089 4643 1090
f 118 4644 1089
f 1226 4647 4644
f 4647 1224 4650
f 4650 133 1176
f 4649 1176 1177
f 4648 1177 1178
f 1230 1178 134
f 1231 4648 1230
f 4642 1231 1232
f 4652 4654 4651
f 4653 4655 4652
f 4654 4658 4657
f 4655 4659 4658
f 1115 1235 127
f 1114 4651 1115
f 1113 4652 1114
f 126 4653 1113
f 1229 4656 4653
f 4656 1227 4659
f 4659 141 1200
f 4658 1200 1201
f 4657 1201 1202
f 1233 1202 142
f 1234 4657 1233
f 4651 1234 1235
f 4661 4663 4660
f 4662 4664 4661
f 4663 4667 4666
f 4664 4668 4667
f 1094 1238 120
f 1093 4660 1094
f 1092 4661 1093
f 119 4662 1092
f 1232 4665 4662
f 4665 1230 4668
f 4668 134 1179
f 4667 1179 1180
f 4666 1180 1181
f 1236 1181 135
f 1237 4666 1236
f 4660 1237 1238
f 4670 4669 4675
f 4673 4671 4672
f 4674 4669 4673
f 113 4670 1241
f 3302 4671 4670
f 1241 4675 1240
f 3306 3300 82
f 3307 4672 3306
f 4672 3301 3300
f 128 4674 3308
f 1239 4675 4674
f 3308 4673 3307
f 4678 4682 4677
f 4679 4676 4678
f 4681 4676 4680
f 3305 3311 308
f 3304 4677 3305
f 4677 3310 3311
f 127 4679 3303
f 1235 4680 4679
f 3303 4678 3304
f 142 4681 1233
f 3309 4682 4681
f 1233 4680 1234
f 4683 4687 4686
f 4684 4688 4687
f 4687 4689 4686
f 4688 4690 4687
f 121 4683 1244
f 1097 4684 4683
f 1096 4685 4684
f 1095 1238 4685
f 4685 1237 4688
f 1237 4691 4688
f 1236 1182 4691
f 4691 1183 4690
f 4690 1184 4689
f 4689 136 1242
f 4686 1242 1243
f 1244 4686 1243
f 4692 4696 4695
f 4693 4697 4696
f 4696 4698 4695
f 4697 4699 4696
f 114 4692 1247
f 1076 4693 4692
f 1075 4694 4693
f 1074 1241 4694
f 4694 1240 4697
f 1240 4700 4697
f 1239 1161 4700
f 4700 1162 4699
f 4699 1163 4698
f 4698 129 1245
f 4695 1245 1246
f 1247 4695 1246
f 4701 4705 4704
f 4702 4706 4705
f 4705 4707 4704
f 4706 4708 4705
f 122 4701 1206
f 1100 4702 4701
f 1099 4703 4702
f 1098 1244 4703
f 4703 1243 4706
f 1243 4709 4706
f 1242 1185 4709
f 4709 1186 4708
f 4708 1187 4707
f 4707 137 1208
f 4704 1208 1207
f 1206 4704 1207
f 4711 4713 4710
f 4712 4714 4711
f 4713 4717 4716
f 4714 4718 4717
f 1079 1212 115
f 1078 4710 1079
f 1077 4711 1078
f 114 4712 1077
f 1247 4715 4712
f 4715 1245 4718
f 4718 129 1164
f 4717 1164 1165
f 4716 1165 1166
f 1214 1166 130
f 1213 4716 1214
f 4710 1213 1212
f 4720 4722 4719
f 4721 4723 4720
f 4722 4726 4725
f 4723 4727 4726
f 1202 1292 142
f 1201 4719 1202
f 1200 4720 1201
f 141 4721 1200
f 1293 4724 4721
f 4724 1295 4727
f 4727 156 1287
f 4726 1287 1288
f 4725 1288 1289
f 1290 1289 157
f 1291 4725 1290
f 4719 1291 1292
f 4729 4731 4728
f 4730 4732 4729
f 4731 4735 4734
f 4732 4736 4735
f 1181 1298 135
f 1180 4728 1181
f 1179 4729 1180
f 134 4730 1179
f 1299 4733 4730
f 4733 1301 4736
f 4736 149 1266
f 4735 1266 1267
f 4734 1267 1268
f 1296 1268 150
f 1297 4734 1296
f 4728 1297 1298
f 4738 4737 4743
f 4741 4739 4740
f 4742 4737 4741
f 128 4738 1304
f 3308 4739 4738
f 1304 4743 1303
f 3312 3306 82
f 3313 4740 3312
f 4740 3307 3306
f 143 4742 3314
f 1302 4743 4742
f 3314 4741 3313
f 4746 4750 4745
f 4747 4744 4746
f 4749 4744 4748
f 3311 3317 308
f 3310 4745 3311
f 4745 3316 3317
f 142 4747 3309
f 1292 4748 4747
f 3309 4746 3310
f 157 4749 1290
f 3315 4750 4749
f 1290 4748 1291
f 4751 4755 4754
f 4752 4756 4755
f 4755 4757 4754
f 4756 4758 4755
f 136 4751 1307
f 1184 4752 4751
f 1183 4753 4752
f 1182 1298 4753
f 4753 1297 4756
f 1297 4759 4756
f 1296 1269 4759
f 4759 1270 4758
f 4758 1271 4757
f 4757 151 1305
f 4754 1305 1306
f 1307 4754 1306
f 4760 4764 4763
f 4761 4765 4764
f 4764 4766 4763
f 4765 4767 4764
f 129 4760 1310
f 1163 4761 4760
f 1162 4762 4761
f 1161 1304 4762
f 4762 1303 4765
f 1303 4768 4765
f 1302 1248 4768
f 4768 1249 4767
f 4767 1250 4766
f 4766 144 1308
f 4763 1308 1309
f 1310 4763 1309
f 4769 4773 4772
f 4770 4774 4773
f 4773 4775 4772
f 4774 4776 4773
f 137 4769 1313
f 1187 4770 4769
f 1186 4771 4770
f 1185 1307 4771
f 4771 1306 4774
f 1306 4777 4774
f 1305 1272 4777
f 4777 1273 4776
f 4776 1274 4775
f 4775 152 1311
f 4772 1311 1312
f 1313 4772 1312
f 4779 4781 4778
f 4780 4782 4779
f 4781 4785 4784
f 4782 4786 4785
f 1166 1316 130
f 1165 4778 1166
f 1164 4779 1165
f 129 4780 1164
f 1310 4783 4780
f 4783 1308 4786
f 4786 144 1251
f 4785 1251 1252
f 4784 1252 1253
f 1314 1253 145
f 1315 4784 1314
f 4778 1315 1316
f 4787 4791 4790
f 4788 4792 4791
f 4791 4793 4790
f 4792 4794 4791
f 138 4787 1319
f 1190 4788 4787
f 1189 4789 4788
f 1188 1313 4789
f 4789 1312 4792
f 1312 4795 4792
f 1311 1275 4795
f 4795 1276 4794
f 4794 1277 4793
f 4793 153 1317
f 4790 1317 1318
f 1319 4790 1318
f 4797 4799 4796
f 4798 4800 4797
f 4799 4803 4802
f 4800 4804 4803
f 1169 1322 131
f 1168 4796 1169
f 1167 4797 1168
f 130 4798 1167
f 1316 4801 4798
f 4801 1314 4804
f 4804 145 1254
f 4803 1254 1255
f 4802 1255 1256
f 1320 1256 146
f 1321 4802 1320
f 4796 1321 1322
f 4805 4809 4808
f 4806 4810 4809
f 4809 4811 4808
f 4810 4812 4809
f 139 4805 1325
f 1193 4806 4805
f 1192 4807 4806
f 1191 1319 4807
f 4807 1318 4810
f 1318 4813 4810
f 1317 1278 4813
f 4813 1279 4812
f 4812 1280 4811
f 4811 154 1323
f 4808 1323 1324
f 1325 4808 1324
f 4815 4817 4814
f 4816 4818 4815
f 4817 4821 4820
f 4818 4822 4821
f 1172 1328 132
f 1171 4814 1172
f 1170 4815 1171
f 131 4816 1170
f 1322 4819 4816
f 4819 1320 4822
f 4822 146 1257
f 4821 1257 1258
f 4820 1258 1259
f 1326 1259 147
f 1327 4820 1326
f 4814 1327 1328
f 4823 4827 4826
f 4824 4828 4827
f 4827 4829 4826
f 4828 4830 4827
f 140 4823 1331
f 1196 4824 4823
f 1195 4825 4824
f 1194 1325 4825
f 4825 1324 4828
f 1324 4831 4828
f 1323 1281 4831
f 4831 1282 4830
f 4830 1283 4829
f 4829 155 1329
f 4826 1329 1330
f 1331 4826 1330
f 4833 4835 4832
f 4834 4836 4833
f 4835 4839 4838
f 4836 4840 4839
f 1175 1334 133
f 1174 4832 1175
f 1173 4833 1174
f 132 4834 1173
f 1328 4837 4834
f 4837 1326 4840
f 4840 147 1260
f 4839 1260 1261
f 4838 1261 1262
f 1332 1262 148
f 1333 4838 1332
f 4832 1333 1334
f 4841 4845 4844
f 4842 4846 4845
f 4845 4847 4844
f 4846 4848 4845
f 141 4841 1293
f 1199 4842 4841
f 1198 4843 4842
f 1197 1331 4843
f 4843 1330 4846
f 1330 4849 4846
f 1329 1284 4849
f 4849 1285 4848
f 4848 1286 4847
f 4847 156 1295
f 4844 1295 1294
f 1293 4844 1294
f 4851 4853 4850
f 4852 4854 4851
f 4853 4857 4856
f 4854 4858 4857
f 1178 1299 134
f 1177 4850 1178
f 1176 4851 1177
f 133 4852 1176
f 1334 4855 4852
f 4855 1332 4858
f 4858 148 1263
f 4857 1263 1264
f 4856 1264 1265
f 1301 1265 149
f 1300 4856 1301
f 4850 1300 1299
f 4859 4863 4862
f 4860 4864 4863
f 4863 4865 4862
f 4864 4866 4863
f 154 4859 1379
f 1280 4860 4859
f 1279 4861 4860
f 1278 1380 4861
f 4861 1381 4864
f 1381 4867 4864
f 1382 1365 4867
f 4867 1366 4866
f 4866 1367 4865
f 4865 169 1377
f 4862 1377 1378
f 1379 4862 1378
f 4869 4871 4868
f 4870 4872 4869
f 4871 4875 4874
f 4872 4876 4875
f 1259 1385 147
f 1258 4868 1259
f 1257 4869 1258
f 146 4870 1257
f 1386 4873 4870
f 4873 1388 4876
f 4876 161 1344
f 4875 1344 1345
f 4874 1345 1346
f 1383 1346 162
f 1384 4874 1383
f 4868 1384 1385
f 4877 4881 4880
f 4878 4882 4881
f 4881 4883 4880
f 4882 4884 4881
f 155 4877 1391
f 1283 4878 4877
f 1282 4879 4878
f 1281 1379 4879
f 4879 1378 4882
f 1378 4885 4882
f 1377 1368 4885
f 4885 1369 4884
f 4884 1370 4883
f 4883 170 1389
f 4880 1389 1390
f 1391 4880 1390
f 4887 4889 4886
f 4888 4890 4887
f 4889 4893 4892
f 4890 4894 4893
f 1262 1394 148
f 1261 4886 1262
f 1260 4887 1261
f 147 4888 1260
f 1385 4891 4888
f 4891 1383 4894
f 4894 162 1347
f 4893 1347 1348
f 4892 1348 1349
f 1392 1349 163
f 1393 4892 1392
f 4886 1393 1394
f 4895 4899 4898
f 4896 4900 4899
f 4899 4901 4898
f 4900 4902 4899
f 156 4895 1397
f 1286 4896 4895
f 1285 4897 4896
f 1284 1391 4897
f 4897 1390 4900
f 1390 4903 4900
f 1389 1371 4903
f 4903 1372 4902
f 4902 1373 4901
f 4901 171 1395
f 4898 1395 1396
f 1397 4898 1396
f 4905 4907 4904
f 4906 4908 4905
f 4907 4911 4910
f 4908 4912 4911
f 1265 1400 149
f 1264 4904 1265
f 1263 4905 1264
f 148 4906 1263
f 1394 4909 4906
f 4909 1392 4912
f 4912 163 1350
f 4911 1350 1351
f 4910 1351 1352
f 1398 1352 164
f 1399 4910 1398
f 4904 1399 1400
f 4914 4916 4913
f 4915 4917 4914
f 4916 4920 4919
f 4917 4921 4920
f 1289 1403 157
f 1288 4913 1289
f 1287 4914 1288
f 156 4915 1287
f 1397 4918 4915
f 4918 1395 4921
f 4921 171 1374
f 4920 1374 1375
f 4919 1375 1376
f 1401 1376 172
f 1402 4919 1401
f 4913 1402 1403
f 4923 4925 4922
f 4924 4926 4923
f 4925 4929 4928
f 4926 4930 4929
f 1268 1406 150
f 1267 4922 1268
f 1266 4923 1267
f 149 4924 1266
f 1400 4927 4924
f 4927 1398 4930
f 4930 164 1353
f 4929 1353 1354
f 4928 1354 1355
f 1404 1355 165
f 1405 4928 1404
f 4922 1405 1406
f 4932 4931 4937
f 4935 4933 4934
f 4936 4931 4935
f 143 4932 1409
f 3314 4933 4932
f 1409 4937 1408
f 3318 3312 82
f 3319 4934 3318
f 4934 3313 3312
f 158 4936 3320
f 1407 4937 4936
f 3320 4935 3319
f 4940 4944 4939
f 4941 4938 4940
f 4943 4938 4942
f 3317 3323 308
f 3316 4939 3317
f 4939 3322 3323
f 157 4941 3315
f 1403 4942 4941
f 3315 4940 3316
f 172 4943 1401
f 3321 4944 4943
f 1401 4942 1402
f 4945 4949 4948
f 4946 4950 4949
f 4949 4951 4948
f 4950 4952 4949
f 151 4945 1412
f 1271 4946 4945
f 1270 4947 4946
f 1269 1406 4947
f 4947 1405 4950
f 1405 4953 4950
f 1404 1356 4953
f 4953 1357 4952
f 4952 1358 4951
f 4951 166 1410
f 4948 1410 1411
f 1412 4948 1411
f 4954 4958 4957
f 4955 4959 4958
f 4958 4960 4957
f 4959 4961 4958
f 144 4954 1415
f 1250 4955 4954
f 1249 4956 4955
f 1248 1409 4956
f 4956 1408 4959
f 1408 4962 4959
f 1407 1335 4962
f 4962 1336 4961
f 4961 1337 4960
f 4960 159 1413
f 4957 1413 1414
f 1415 4957 1414
f 4963 4967 4966
f 4964 4968 4967
f 4967 4969 4966
f 4968 4970 4967
f 152 4963 1418
f 1274 4964 4963
f 1273 4965 4964
f 1272 1412 4965
f 4965 1411 4968
f 1411 4971 4968
f 1410 1359 4971
f 4971 1360 4970
f 4970 1361 4969
f 4969 167 1416
f 4966 1416 1417
f 1418 4966 1417
f 4973 4975 4972
f 4974 4976 4973
f 4975 4979 4978
f 4976 4980 4979
f 1253 1421 145
f 1252 4972 1253
f 1251 4973 1252
f 144 4974 1251
f 1415 4977 4974
f 4977 1413 4980
f 4980 159 1338
f 4979 1338 1339
f 4978 1339 1340
f 1419 1340 160
f 1420 4978 1419
f 4972 1420 1421
f 4981 4985 4984
f 4982 4986 4985
f 4985 4987 4984
f 4986 4988 4985
f 153 4981 1380
f 1277 4982 4981
f 1276 4983 4982
f 1275 1418 4983
f 4983 1417 4986
f 1417 4989 4986
f 1416 1362 4989
f 4989 1363 4988
f 4988 1364 4987
f 4987 168 1382
f 4984 1382 1381
f 1380 4984 1381
f 4991 4993 4990
f 4992 4994 4991
f 4993 4997 4996
f 4994 4998 4997
f 1256 1386 146
f 1255 4990 1256
f 1254 4991 1255
f 145 4992 1254
f 1421 4995 4992
f 4995 1419 4998
f 4998 160 1341
f 4997 1341 1342
f 4996 1342 1343
f 1388 1343 161
f 1387 4996 1388
f 4990 1387 1386
f 5000 4999 5005
f 5003 5001 5002
f 5004 4999 5003
f 158 5000 1466
f 3320 5001 5000
f 1466 5005 1465
f 3324 3318 82
f 3325 5002 3324
f 5002 3319 3318
f 173 5004 3326
f 1464 5005 5004
f 3326 5003 3325
f 5008 5012 5007
f 5009 5006 5008
f 5011 5006 5010
f 3323 3329 308
f 3322 5007 3323
f 5007 3328 3329
f 172 5009 3321
f 1467 5010 5009
f 3321 5008 3322
f 187 5011 1469
f 3327 5012 5011
f 1469 5010 1468
f 5013 5017 5016
f 5014 5018 5017
f 5017 5019 5016
f 5018 5020 5017
f 166 5013 1472
f 1358 5014 5013
f 1357 5015 5014
f 1356 1473 5015
f 5015 1474 5018
f 1474 5021 5018
f 1475 1443 5021
f 5021 1444 5020
f 5020 1445 5019
f 5019 181 1470
f 5016 1470 1471
f 1472 5016 1471
f 5022 5026 5025
f 5023 5027 5026
f 5026 5028 5025
f 5027 5029 5026
f 159 5022 1478
f 1337 5023 5022
f 1336 5024 5023
f 1335 1466 5024
f 5024 1465 5027
f 1465 5030 5027
f 1464 1422 5030
f 5030 1423 5029
f 5029 1424 5028
f 5028 174 1476
f 5025 1476 1477
f 1478 5025 1477
f 5031 5035 5034
f 5032 5036 5035
f 5035 5037 5034
f 5036 5038 5035
f 167 5031 1481
f 1361 5032 5031
f 1360 5033 5032
f 1359 1472 5033
f 5033 1471 5036
f 1471 5039 5036
f 1470 1446 5039
f 5039 1447 5038
f 5038 1448 5037
f 5037 182 1479
f 5034 1479 1480
f 1481 5034 1480
f 5041 5043 5040
f 5042 5044 5041
f 5043 5047 5046
f 5044 5048 5047
f 1340 1484 160
f 1339 5040 1340
f 1338 5041 1339
f 159 5042 1338
f 1478 5045 5042
f 5045 1476 5048
f 5048 174 1425
f 5047 1425 1426
f 5046 1426 1427
f 1482 1427 175
f 1483 5046 1482
f 5040 1483 1484
f 5049 5053 5052
f 5050 5054 5053
f 5053 5055 5052
f 5054 5056 5053
f 168 5049 1487
f 1364 5050 5049
f 1363 5051 5050
f 1362 1481 5051
f 5051 1480 5054
f 1480 5057 5054
f 1479 1449 5057
f 5057 1450 5056
f 5056 1451 5055
f 5055 183 1485
f 5052 1485 1486
f 1487 5052 1486
f 5059 5061 5058
f 5060 5062 5059
f 5061 5065 5064
f 5062 5066 5065
f 1343 1490 161
f 1342 5058 1343
f 1341 5059 1342
f 160 5060 1341
f 1484 5063 5060
f 5063 1482 5066
f 5066 175 1428
f 5065 1428 1429
f 5064 1429 1430
f 1488 1430 176
f 1489 5064 1488
f 5058 1489 1490
f 5067 5071 5070
f 5068 5072 5071
f 5071 5073 5070
f 5072 5074 5071
f 169 5067 1493
f 1367 5068 5067
f 1366 5069 5068
f 1365 1487 5069
f 5069 1486 5072
f 1486 5075 5072
f 1485 1452 5075
f 5075 1453 5074
f 5074 1454 5073
f 5073 184 1491
f 5070 1491 1492
f 1493 5070 1492
f 5077 5079 5076
f 5078 5080 5077
f 5079 5083 5082
f 5080 5084 5083
f 1346 1496 162
f 1345 5076 1346
f 1344 5077 1345
f 161 5078 1344
f 1490 5081 5078
f 5081 1488 5084
f 5084 176 1431
f 5083 1431 1432
f 5082 1432 1433
f 1494 1433 177
f 1495 5082 1494
f 5076 1495 1496
f 5085 5089 5088
f 5086 5090 5089
f 5089 5091 5088
f 5090 5092 5089
f 170 5085 1499
f 1370 5086 5085
f 1369 5087 5086
f 1368 1493 5087
f 5087 1492 5090
f 1492 5093 5090
f 1491 1455 5093
f 5093 1456 5092
f 5092 1457 5091
f 5091 185 1497
f 5088 1497 1498
f 1499 5088 1498
f 5095 5097 5094
f 5096 5098 5095
f 5097 5101 5100
f 5098 5102 5101
f 1349 1502 163
f 1348 5094 1349
f 1347 5095 1348
f 162 5096 1347
f 1496 5099 5096
f 5099 1494 5102
f 5102 177 1434
f 5101 1434 1435
f 5100 1435 1436
f 1500 1436 178
f 1501 5100 1500
f 5094 1501 1502
f 5103 5107 5106
f 5104 5108 5107
f 5107 5109 5106
f 5108 5110 5107
f 171 5103 1505
f 1373 5104 5103
f 1372 5105 5104
f 1371 1499 5105
f 5105 1498 5108
f 1498 5111 5108
f 1497 1458 5111
f 5111 1459 5110
f 5110 1460 5109
f 5109 186 1503
f 5106 1503 1504
f 1505 5106 1504
f 5113 5115 5112
f 5114 5116 5113
f 5115 5119 5118
f 5116 5120 5119
f 1352 1508 164
f 1351 5112 1352
f 1350 5113 1351
f 163 5114 1350
f 1502 5117 5114
f 5117 1500 5120
f 5120 178 1437
f 5119 1437 1438
f 5118 1438 1439
f 1506 1439 179
f 1507 5118 1506
f 5112 1507 1508
f 5122 5124 5121
f 5123 5125 5122
f 5124 5128 5127
f 5125 5129 5128
f 1376 1467 172
f 1375 5121 1376
f 1374 5122 1375
f 171 5123 1374
f 1505 5126 5123
f 5126 1503 5129
f 5129 186 1461
f 5128 1461 1462
f 5127 1462 1463
f 1469 1463 187
f 1468 5127 1469
f 5121 1468 1467
f 5131 5133 5130
f 5132 5134 5131
f 5133 5137 5136
f 5134 5138 5137
f 1355 1473 165
f 1354 5130 1355
f 1353 5131 1354
f 164 5132 1353
f 1508 5135 5132
f 5135 1506 5138
f 5138 179 1440
f 5137 1440 1441
f 5136 1441 1442
f 1475 1442 180
f 1474 5136 1475
f 5130 1474 1473
f 5140 5142 5139
f 5141 5143 5140
f 5142 5146 5145
f 5143 5147 5146
f 1433 1553 177
f 1432 5139 1433
f 1431 5140 1432
f 176 5141 1431
f 1554 5144 5141
f 5144 1556 5147
f 5147 191 1518
f 5146 1518 1519
f 5145 1519 1520
f 1551 1520 192
f 1552 5145 1551
f 5139 1552 1553
f 5148 5152 5151
f 5149 5153 5152
f 5152 5154 5151
f 5153 5155 5152
f 185 5148 1559
f 1457 5149 5148
f 1456 5150 5149
f 1455 1560 5150
f 5150 1561 5153
f 1561 5156 5153
f 1562 1542 5156
f 5156 1543 5155
f 5155 1544 5154
f 5154 200 1557
f 5151 1557 1558
f 1559 5151 1558
f 5158 5160 5157
f 5159 5161 5158
f 5160 5164 5163
f 5161 5165 5164
f 1436 1565 178
f 1435 5157 1436
f 1434 5158 1435
f 177 5159 1434
f 1553 5162 5159
f 5162 1551 5165
f 5165 192 1521
f 5164 1521 1522
f 5163 1522 1523
f 1563 1523 193
f 1564 5163 1563
f 5157 1564 1565
f 5166 5170 5169
f 5167 5171 5170
f 5170 5172 5169
f 5171 5173 5170
f 186 5166 1568
f 1460 5167 5166
f 1459 5168 5167
f 1458 1559 5168
f 5168 1558 5171
f 1558 5174 5171
f 1557 1545 5174
f 5174 1546 5173
f 5173 1547 5172
f 5172 201 1566
f 5169 1566 1567
f 1568 5169 1567
f 5176 5178 5175
f 5177 5179 5176
f 5178 5182 5181
f 5179 5183 5182
f 1439 1571 179
f 1438 5175 1439
f 1437 5176 1438
f 178 5177 1437
f 1565 5180 5177
f 5180 1563 5183
f 5183 193 1524
f 5182 1524 1525
f 5181 1525 1526
f 1569 1526 194
f 1570 5181 1569
f 5175 1570 1571
f 5185 5187 5184
f 5186 5188 5185
f 5187 5191 5190
f 5188 5192 5191
f 1463 1574 187
f 1462 5184 1463
f 1461 5185 1462
f 186 5186 1461
f 1568 5189 5186
f 5189 1566 5192
f 5192 201 1548
f 5191 1548 1549
f 5190 1549 1550
f 1572 1550 202
f 1573 5190 1572
f 5184 1573 1574
f 5194 5196 5193
f 5195 5197 5194
f 5196 5200 5199
f 5197 5201 5200
f 1442 1577 180
f 1441 5193 1442
f 1440 5194 1441
f 179 5195 1440
f 1571 5198 5195
f 5198 1569 5201
f 5201 194 1527
f 5200 1527 1528
f 5199 1528 1529
f 1575 1529 195
f 1576 5199 1575
f 5193 1576 1577
f 5203 5202 5208
f 5206 5204 5205
f 5207 5202 5206
f 173 5203 1580
f 3326 5204 5203
f 1580 5208 1579
f 3330 3324 82
f 3331 5205 3330
f 5205 3325 3324
f 188 5207 3332
f 1578 5208 5207
f 3332 5206 3331
f 5211 5215 5210
f 5212 5209 5211
f 5214 5209 5213
f 3329 3335 308
f 3328 5210 3329
f 5210 3334 3335
f 187 5212 3327
f 1574 5213 5212
f 3327 5211 3328
f 202 5214 1572
f 3333 5215 5214
f 1572 5213 1573
f 5216 5220 5219
f 5217 5221 5220
f 5220 5222 5219
f 5221 5223 5220
f 181 5216 1583
f 1445 5217 5216
f 1444 5218 5217
f 180 5218 1443
f 5218 1576 5221
f 5221 1575 5224
f 1575 1530 5224
f 5224 1531 5223
f 5223 1532 5222
f 5222 196 1581
f 5219 1581 1582
f 1583 5219 1582
f 5225 5229 5228
f 5226 5230 5229
f 5229 5231 5228
f 5230 5232 5229
f 174 5225 1586
f 1424 5226 5225
f 1423 5227 5226
f 1422 1580 5227
f 5227 1579 5230
f 1579 5233 5230
f 1578 1509 5233
f 5233 1510 5232
f 5232 1511 5231
f 5231 189 1584
f 5228 1584 1585
f 1586 5228 1585
f 5234 5238 5237
f 5235 5239 5238
f 5238 5240 5237
f 5239 5241 5238
f 182 5234 1589
f 1448 5235 5234
f 1447 5236 5235
f 1446 1583 5236
f 5236 1582 5239
f 1582 5242 5239
f 1581 1533 5242
f 5242 1534 5241
f 5241 1535 5240
f 5240 197 1587
f 5237 1587 1588
f 1589 5237 1588
f 5244 5246 5243
f 5245 5247 5244
f 5246 5250 5249
f 5247 5251 5250
f 1427 1592 175
f 1426 5243 1427
f 1425 5244 1426
f 174 5245 1425
f 1586 5248 5245
f 5248 1584 5251
f 5251 189 1512
f 5250 1512 1513
f 5249 1513 1514
f 1590 1514 190
f 1591 5249 1590
f 5243 1591 1592
f 5252 5256 5255
f 5253 5257 5256
f 5256 5258 5255
f 5257 5259 5256
f 183 5252 1595
f 1451 5253 5252
f 1450 5254 5253
f 1449 1589 5254
f 5254 1588 5257
f 1588 5260 5257
f 1587 1536 5260
f 5260 1537 5259
f 5259 1538 5258
f 5258 198 1593
f 5255 1593 1594
f 1595 5255 1594
f 5262 5264 5261
f 5263 5265 5262
f 5264 5268 5267
f 5265 5269 5268
f 1430 1554 176
f 1429 5261 1430
f 1428 5262 1429
f 175 5263 1428
f 1592 5266 5263
f 5266 1590 5269
f 5269 190 1515
f 5268 1515 1516
f 5267 1516 1517
f 1556 1517 191
f 1555 5267 1556
f 5261 1555 1554
f 5270 5274 5273
f 5271 5275 5274
f 5274 5276 5273
f 5275 5277 5274
f 184 5270 1560
f 1454 5271 5270
f 1453 5272 5271
f 1452 1595 5272
f 5272 1594 5275
f 1594 5278 5275
f 1593 1539 5278
f 5278 1540 5277
f 5277 1541 5276
f 5276 199 1562
f 5273 1562 1561
f 1560 5273 1561
f 5279 5283 5282
f 5280 5284 5283
f 5283 5285 5282
f 5284 5286 5283
f 196 5279 1640
f 1532 5280 5279
f 1531 5281 5280
f 195 5281 1530
f 5281 1642 5284
f 1642 5287 5284
f 1643 1617 5287
f 5287 1618 5286
f 5286 1619 5285
f 5285 211 1638
f 5282 1638 1639
f 1640 5282 1639
f 5288 5292 5291
f 5289 5293 5292
f 5292 5294 5291
f 5293 5295 5292
f 189 5288 1646
f 1511 5289 5288
f 1510 5290 5289
f 1509 1647 5290
f 5290 1648 5293
f 1648 5296 5293
f 1649 1596 5296
f 5296 1597 5295
f 5295 1598 5294
f 5294 204 1644
f 5291 1644 1645
f 1646 5291 1645
f 5297 5301 5300
f 5298 5302 5301
f 5301 5303 5300
f 5302 5304 5301
f 197 5297 1652
f 1535 5298 5297
f 1534 5299 5298
f 1533 1640 5299
f 5299 1639 5302
f 1639 5305 5302
f 1638 1620 5305
f 5305 1621 5304
f 5304 1622 5303
f 5303 212 1650
f 5300 1650 1651
f 1652 5300 1651
f 5307 5309 5306
f 5308 5310 5307
f 5309 5313 5312
f 5310 5314 5313
f 1514 1655 190
f 1513 5306 1514
f 1512 5307 1513
f 189 5308 1512
f 1646 5311 5308
f 5311 1644 5314
f 5314 204 1599
f 5313 1599 1600
f 5312 1600 1601
f 1653 1601 205
f 1654 5312 1653
f 5306 1654 1655
f 5315 5319 5318
f 5316 5320 5319
f 5319 5321 5318
f 5320 5322 5319
f 198 5315 1658
f 1538 5316 5315
f 1537 5317 5316
f 1536 1652 5317
f 5317 1651 5320
f 1651 5323 5320
f 1650 1623 5323
f 5323 1624 5322
f 5322 1625 5321
f 5321 213 1656
f 5318 1656 1657
f 1658 5318 1657
f 5325 5327 5324
f 5326 5328 5325
f 5327 5331 5330
f 5328 5332 5331
f 1517 1661 191
f 1516 5324 1517
f 1515 5325 1516
f 190 5326 1515
f 1655 5329 5326
f 5329 1653 5332
f 5332 205 1602
f 5331 1602 1603
f 5330 1603 1604
f 1659 1604 206
f 1660 5330 1659
f 5324 1660 1661
f 5333 5337 5336
f 5334 5338 5337
f 5337 5339 5336
f 5338 5340 5337
f 199 5333 1664
f 1541 5334 5333
f 1540 5335 5334
f 1539 1658 5335
f 5335 1657 5338
f 1657 5341 5338
f 1656 1626 5341
f 5341 1627 5340
f 5340 1628 5339
f 5339 214 1662
f 5336 1662 1663
f 1664 5336 1663
f 5343 5345 5342
f 5344 5346 5343
f 5345 5349 5348
f 5346 5350 5349
f 1520 1667 192
f 1519 5342 1520
f 1518 5343 1519
f 191 5344 1518
f 1661 5347 5344
f 5347 1659 5350
f 5350 206 1605
f 5349 1605 1606
f 5348 1606 1607
f 1665 1607 207
f 1666 5348 1665
f 5342 1666 1667
f 5351 5355 5354
f 5352 5356 5355
f 5355 5357 5354
f 5356 5358 5355
f 200 5351 1670
f 1544 5352 5351
f 1543 5353 5352
f 1542 1664 5353
f 5353 1663 5356
f 1663 5359 5356
f 1662 1629 5359
f 5359 1630 5358
f 5358 1631 5357
f 5357 215 1668
f 5354 1668 1669
f 1670 5354 1669
f 5361 5363 5360
f 5362 5364 5361
f 5363 5367 5366
f 5364 5368 5367
f 1523 1673 193
f 1522 5360 1523
f 1521 5361 1522
f 192 5362 1521
f 1667 5365 5362
f 5365 1665 5368
f 5368 207 1608
f 5367 1608 1609
f 5366 1609 1610
f 1671 1610 208
f 1672 5366 1671
f 5360 1672 1673
f 5369 5373 5372
f 5370 5374 5373
f 5373 5375 5372
f 5374 5376 5373
f 201 5369 1676
f 1547 5370 5369
f 1546 5371 5370
f 1545 1670 5371
f 5371 1669 5374
f 1669 5377 5374
f 1668 1632 5377
f 5377 1633 5376
f 5376 1634 5375
f 5375 216 1674
f 5372 1674 1675
f 1676 5372 1675
f 5379 5381 5378
f 5380 5382 5379
f 5381 5385 5384
f 5382 5386 5385
f 1526 1679 194
f 1525 5378 1526
f 1524 5379 1525
f 193 5380 1524
f 1673 5383 5380
f 5383 1671 5386
f 5386 208 1611
f 5385 1611 1612
f 5384 1612 1613
f 1677 1613 209
f 1678 5384 1677
f 5378 1678 1679
f 5388 5390 5387
f 5389 5391 5388
f 5390 5394 5393
f 5391 5395 5394
f 1550 1682 202
f 1549 5387 1550
f 1548 5388 1549
f 201 5389 1548
f 1676 5392 5389
f 5392 1674 5395
f 5395 216 1635
f 5394 1635 1636
f 5393 1636 1637
f 1680 1637 217
f 1681 5393 1680
f 5387 1681 1682
f 5397 5399 5396
f 5398 5400 5397
f 5399 5403 5402
f 5400 5404 5403
f 1529 1641 195
f 1528 5396 1529
f 1527 5397 1528
f 194 5398 1527
f 1679 5401 5398
f 5401 1677 5404
f 5404 209 1614
f 5403 1614 1615
f 5402 1615 1616
f 1643 1616 210
f 1642 5402 1643
f 1641 5399 1642
f 5406 5405 5411
f 5409 5407 5408
f 5410 5405 5409
f 188 5406 1647
f 3332 5407 5406
f 1647 5411 1648
f 3336 3330 82
f 3337 5408 3336
f 5408 3331 3330
f 203 5410 3338
f 1649 5411 5410
f 3338 5409 3337
f 5414 5418 5413
f 5415 5412 5414
f 5417 5412 5416
f 3335 3341 308
f 3334 5413 3335
f 5413 3340 3341
f 202 5415 3333
f 1682 5416 5415
f 3333 5414 3334
f 217 5417 1680
f 3339 5418 5417
f 1680 5416 1681
f 5419 5423 5422
f 5420 5424 5423
f 5423 5425 5422
f 5424 5426 5423
f 215 5419 1727
f 1631 5420 5419
f 1630 5421 5420
f 1629 1728 5421
f 5421 1729 5424
f 1729 5427 5424
f 1730 1716 5427
f 5427 1717 5426
f 5426 1718 5425
f 5425 230 1725
f 5422 1725 1726
f 1727 5422 1726
f 5429 5431 5428
f 5430 5432 5429
f 5431 5435 5434
f 5432 5436 5435
f 1610 1733 208
f 1609 5428 1610
f 1608 5429 1609
f 207 5430 1608
f 1734 5433 5430
f 5433 1736 5436
f 5436 222 1695
f 5435 1695 1696
f 5434 1696 1697
f 1731 1697 223
f 1732 5434 1731
f 5428 1732 1733
f 5437 5441 5440
f 5438 5442 5441
f 5441 5443 5440
f 5442 5444 5441
f 216 5437 1739
f 1634 5438 5437
f 1633 5439 5438
f 1632 1727 5439
f 5439 1726 5442
f 1726 5445 5442
f 1725 1719 5445
f 5445 1720 5444
f 5444 1721 5443
f 5443 231 1737
f 5440 1737 1738
f 1739 5440 1738
f 5447 5449 5446
f 5448 5450 5447
f 5449 5453 5452
f 5450 5454 5453
f 1613 1742 209
f 1612 5446 1613
f 1611 5447 1612
f 208 5448 1611
f 1733 5451 5448
f 5451 1731 5454
f 5454 223 1698
f 5453 1698 1699
f 5452 1699 1700
f 1740 1700 224
f 1741 5452 1740
f 5446 1741 1742
f 5456 5458 5455
f 5457 5459 5456
f 5458 5462 5461
f 5459 5463 5462
f 1637 1745 217
f 1636 5455 1637
f 1635 5456 1636
f 216 5457 1635
f 1739 5460 5457
f 5460 1737 5463
f 5463 231 1722
f 5462 1722 1723
f 5461 1723 1724
f 1743 1724 232
f 1744 5461 1743
f 5455 1744 1745
f 5465 5467 5464
f 5466 5468 5465
f 5467 5471 5470
f 5468 5472 5471
f 1616 1748 210
f 1615 5464 1616
f 1614 5465 1615
f 209 5466 1614
f 1742 5469 5466
f 5469 1740 5472
f 5472 224 1701
f 5471 1701 1702
f 5470 1702 1703
f 1746 1703 225
f 1747 5470 1746
f 5464 1747 1748
f 5474 5473 5479
f 5477 5475 5476
f 5478 5473 5477
f 203 5474 1751
f 3338 5475 5474
f 1751 5479 1750
f 3342 3336 82
f 3343 5476 3342
f 5476 3337 3336
f 218 5478 3344
f 1749 5479 5478
f 3344 5477 3343
f 5482 5486 5481
f 5483 5480 5482
f 5485 5480 5484
f 3341 3347 308
f 3340 5481 3341
f 5481 3346 3347
f 217 5483 3339
f 1745 5484 5483
f 3339 5482 3340
f 232 5485 1743
f 3345 5486 5485
f 1743 5484 1744
f 5487 5491 5490
f 5488 5492 5491
f 5491 5493 5490
f 5492 5494 5491
f 211 5487 1754
f 1619 5488 5487
f 1618 5489 5488
f 1617 1748 5489
f 5489 1747 5492
f 1747 5495 5492
f 1746 1704 5495
f 5495 1705 5494
f 5494 1706 5493
f 5493 226 1752
f 5490 1752 1753
f 1754 5490 1753
f 5496 5500 5499
f 5497 5501 5500
f 5500 5502 5499
f 5501 5503 5500
f 204 5496 1757
f 1598 5497 5496
f 1597 5498 5497
f 1596 1751 5498
f 5498 1750 5501
f 1750 5504 5501
f 1749 1683 5504
f 5504 1684 5503
f 5503 1685 5502
f 5502 219 1755
f 5499 1755 1756
f 1757 5499 1756
f 5505 5509 5508
f 5506 5510 5509
f 5509 5511 5508
f 5510 5512 5509
f 212 5505 1760
f 1622 5506 5505
f 1621 5507 5506
f 1620 1754 5507
f 5507 1753 5510
f 1753 5513 5510
f 1752 1707 5513
f 5513 1708 5512
f 5512 1709 5511
f 5511 227 1758
f 5508 1758 1759
f 1760 5508 1759
f 5515 5517 5514
f 5516 5518 5515
f 5517 5521 5520
f 5518 5522 5521
f 1601 1763 205
f 1600 5514 1601
f 1599 5515 1600
f 204 5516 1599
f 1757 5519 5516
f 5519 1755 5522
f 5522 219 1686
f 5521 1686 1687
f 5520 1687 1688
f 1761 1688 220
f 1762 5520 1761
f 5514 1762 1763
f 5523 5527 5526
f 5524 5528 5527
f 5527 5529 5526
f 5528 5530 5527
f 213 5523 1766
f 1625 5524 5523
f 1624 5525 5524
f 1623 1760 5525
f 5525 1759 5528
f 1759 5531 5528
f 1758 1710 5531
f 5531 1711 5530
f 5530 1712 5529
f 5529 228 1764
f 5526 1764 1765
f 1766 5526 1765
f 5533 5535 5532
f 5534 5536 5533
f 5535 5539 5538
f 5536 5540 5539
f 1604 1769 206
f 1603 5532 1604
f 1602 5533 1603
f 205 5534 1602
f 1763 5537 5534
f 5537 1761 5540
f 5540 220 1689
f 5539 1689 1690
f 5538 1690 1691
f 1767 1691 221
f 1768 5538 1767
f 5532 1768 1769
f 5541 5545 5544
f 5542 5546 5545
f 5545 5547 5544
f 5546 5548 5545
f 214 5541 1728
f 1628 5542 5541
f 1627 5543 5542
f 1626 1766 5543
f 5543 1765 5546
f 1765 5549 5546
f 1764 1713 5549
f 5549 1714 5548
f 5548 1715 5547
f 5547 229 1730
f 5544 1730 1729
f 1728 5544 1729
f 5551 5553 5550
f 5552 5554 5551
f 5553 5557 5556
f 5554 5558 5557
f 1607 1734 207
f 1606 5550 1607
f 1605 5551 1606
f 206 5552 1605
f 1769 5555 5552
f 5555 1767 5558
f 5558 221 1692
f 5557 1692 1693
f 5556 1693 1694
f 1736 1694 222
f 1735 5556 1736
f 5550 1735 1734
f 5559 5563 5562
f 5560 5564 5563
f 5563 5565 5562
f 5564 5566 5563
f 219 5559 1814
f 1685 5560 5559
f 1684 5561 5560
f 1683 1815 5561
f 5561 1816 5564
f 1816 5567 5564
f 1817 1770 5567
f 5567 1771 5566
f 5566 1772 5565
f 5565 234 1812
f 5562 1812 1813
f 1814 5562 1813
f 5568 5572 5571
f 5569 5573 5572
f 5572 5574 5571
f 5573 5575 5572
f 227 5568 1820
f 1709 5569 5568
f 1708 5570 5569
f 1707 1821 5570
f 5570 1822 5573
f 1822 5576 5573
f 1823 1794 5576
f 5576 1795 5575
f 5575 1796 5574
f 5574 242 1818
f 5571 1818 1819
f 1820 5571 1819
f 5578 5580 5577
f 5579 5581 5578
f 5580 5584 5583
f 5581 5585 5584
f 1688 1826 220
f 1687 5577 1688
f 1686 5578 1687
f 219 5579 1686
f 1814 5582 5579
f 5582 1812 5585
f 5585 234 1773
f 5584 1773 1774
f 5583 1774 1775
f 1824 1775 235
f 1825 5583 1824
f 5577 1825 1826
f 5586 5590 5589
f 5587 5591 5590
f 5590 5592 5589
f 5591 5593 5590
f 228 5586 1829
f 1712 5587 5586
f 1711 5588 5587
f 1710 1820 5588
f 5588 1819 5591
f 1819 5594 5591
f 1818 1797 5594
f 5594 1798 5593
f 5593 1799 5592
f 5592 243 1827
f 5589 1827 1828
f 1829 5589 1828
f 5596 5598 5595
f 5597 5599 5596
f 5598 5602 5601
f 5599 5603 5602
f 1691 1832 221
f 1690 5595 1691
f 1689 5596 1690
f 220 5597 1689
f 1826 5600 5597
f 5600 1824 5603
f 5603 235 1776
f 5602 1776 1777
f 5601 1777 1778
f 1830 1778 236
f 1831 5601 1830
f 5595 1831 1832
f 5604 5608 5607
f 5605 5609 5608
f 5608 5610 5607
f 5609 5611 5608
f 229 5604 1835
f 1715 5605 5604
f 1714 5606 5605
f 1713 1829 5606
f 5606 1828 5609
f 1828 5612 5609
f 1827 1800 5612
f 5612 1801 5611
f 5611 1802 5610
f 5610 244 1833
f 5607 1833 1834
f 1835 5607 1834
f 5614 5616 5613
f 5615 5617 5614
f 5616 5620 5619
f 5617 5621 5620
f 1694 1838 222
f 1693 5613 1694
f 1692 5614 1693
f 221 5615 1692
f 1832 5618 5615
f 5618 1830 5621
f 5621 236 1779
f 5620 1779 1780
f 5619 1780 1781
f 1836 1781 237
f 1837 5619 1836
f 5613 1837 1838
f 5622 5626 5625
f 5623 5627 5626
f 5626 5628 5625
f 5627 5629 5626
f 230 5622 1841
f 1718 5623 5622
f 1717 5624 5623
f 1716 1835 5624
f 5624 1834 5627
f 1834 5630 5627
f 1833 1803 5630
f 5630 1804 5629
f 5629 1805 5628
f 5628 245 1839
f 5625 1839 1840
f 1841 5625 1840
f 5632 5634 5631
f 5633 5635 5632
f 5634 5638 5637
f 5635 5639 5638
f 1697 1844 223
f 1696 5631 1697
f 1695 5632 1696
f 222 5633 1695
f 1838 5636 5633
f 5636 1836 5639
f 5639 237 1782
f 5638 1782 1783
f 5637 1783 1784
f 1842 1784 238
f 1843 5637 1842
f 5631 1843 1844
f 5640 5644 5643
f 5641 5645 5644
f 5644 5646 5643
f 5645 5647 5644
f 231 5640 1847
f 1721 5641 5640
f 1720 5642 5641
f 1719 1841 5642
f 5642 1840 5645
f 1840 5648 5645
f 1839 1806 5648
f 5648 1807 5647
f 5647 1808 5646
f 5646 246 1845
f 5643 1845 1846
f 1847 5643 1846
f 5650 5652 5649
f 5651 5653 5650
f 5652 5656 5655
f 5653 5657 5656
f 1700 1850 224
f 1699 5649 1700
f 1698 5650 1699
f 223 5651 1698
f 1844 5654 5651
f 5654 1842 5657
f 5657 238 1785
f 5656 1785 1786
f 5655 1786 1787
f 1848 1787 239
f 1849 5655 1848
f 5649 1849 1850
f 5659 5661 5658
f 5660 5662 5659
f 5661 5665 5664
f 5662 5666 5665
f 1724 1853 232
f 1723 5658 1724
f 1722 5659 1723
f 231 5660 1722
f 1847 5663 5660
f 5663 1845 5666
f 5666 246 1809
f 5665 1809 1810
f 5664 1810 1811
f 1851 1811 247
f 1852 5664 1851
f 5658 1852 1853
f 5668 5670 5667
f 5669 5671 5668
f 5670 5674 5673
f 5671 5675 5674
f 1703 1856 225
f 1702 5667 1703
f 1701 5668 1702
f 224 5669 1701
f 1850 5672 5669
f 5672 1848 5675
f 5675 239 1788
f 5674 1788 1789
f 5673 1789 1790
f 1854 1790 240
f 1855 5673 1854
f 5667 1855 1856
f 5677 5676 5682
f 5680 5678 5679
f 5681 5676 5680
f 218 5677 1815
f 3344 5678 5677
f 1815 5682 1816
f 3348 3342 82
f 3349 5679 3348
f 5679 3343 3342
f 233 5681 3350
f 1817 5682 5681
f 3350 5680 3349
f 5685 5689 5684
f 5686 5683 5685
f 5688 5683 5687
f 3347 3353 308
f 3346 5684 3347
f 5684 3352 3353
f 232 5686 3345
f 1853 5687 5686
f 3345 5685 3346
f 247 5688 1851
f 3351 5689 5688
f 1851 5687 1852
f 5690 5694 5693
f 5691 5695 5694
f 5694 5696 5693
f 5695 5697 5694
f 226 5690 1821
f 1706 5691 5690
f 1705 5692 5691
f 1704 1856 5692
f 5692 1855 5695
f 1855 5698 5695
f 1854 1791 5698
f 5698 1792 5697
f 5697 1793 5696
f 5696 241 1823
f 5693 1823 1822
f 1821 5693 1822
f 5700 5702 5699
f 5701 5703 5700
f 5702 5706 5705
f 5703 5707 5706
f 1784 1901 238
f 1783 5699 1784
f 1782 5700 1783
f 237 5701 1782
f 1902 5704 5701
f 5704 1904 5707
f 5707 252 1869
f 5706 1869 1870
f 5705 1870 1871
f 1899 1871 253
f 1900 5705 1899
f 5699 1900 1901
f 5708 5712 5711
f 5709 5713 5712
f 5712 5714 5711
f 5713 5715 5712
f 246 5708 1907
f 1808 5709 5708
f 1807 5710 5709
f 1806 1908 5710
f 5710 1909 5713
f 1909 5716 5713
f 1910 1893 5716
f 5716 1894 5715
f 5715 1895 5714
f 5714 261 1905
f 5711 1905 1906
f 1907 5711 1906
f 5718 5720 5717
f 5719 5721 5718
f 5720 5724 5723
f 5721 5725 5724
f 1787 1913 239
f 1786 5717 1787
f 1785 5718 1786
f 238 5719 1785
f 1901 5722 5719
f 5722 1899 5725
f 5725 253 1872
f 5724 1872 1873
f 5723 1873 1874
f 1911 1874 254
f 1912 5723 1911
f 5717 1912 1913
f 5727 5729 5726
f 5728 5730 5727
f 5729 5733 5732
f 5730 5734 5733
f 1811 1916 247
f 1810 5726 1811
f 1809 5727 1810
f 246 5728 1809
f 1907 5731 5728
f 5731 1905 5734
f 5734 261 1896
f 5733 1896 1897
f 5732 1897 1898
f 1914 1898 262
f 1915 5732 1914
f 5726 1915 1916
f 5736 5738 5735
f 5737 5739 5736
f 5738 5742 5741
f 5739 5743 5742
f 1790 1919 240
f 1789 5735 1790
f 1788 5736 1789
f 239 5737 1788
f 1913 5740 5737
f 5740 1911 5743
f 5743 254 1875
f 5742 1875 1876
f 5741 1876 1877
f 1917 1877 255
f 1918 5741 1917
f 5735 1918 1919
f 5745 5744 5750
f 5748 5746 5747
f 5749 5744 5748
f 233 5745 1922
f 3350 5746 5745
f 1922 5750 1921
f 3354 3348 82
f 3355 5747 3354
f 5747 3349 3348
f 248 5749 3356
f 1920 5750 5749
f 3356 5748 3355
f 5753 5757 5752
f 5754 5751 5753
f 5756 5751 5755
f 3353 3359 308
f 3352 5752 3353
f 5752 3358 3359
f 247 5754 3351
f 1916 5755 5754
f 3351 5753 3352
f 262 5756 1914
f 3357 5757 5756
f 1914 5755 1915
f 5758 5762 5761
f 5759 5763 5762
f 5762 5764 5761
f 5763 5765 5762
f 241 5758 1925
f 1793 5759 5758
f 1792 5760 5759
f 1791 1919 5760
f 5760 1918 5763
f 1918 5766 5763
f 1917 1878 5766
f 5766 1879 5765
f 5765 1880 5764
f 5764 256 1923
f 5761 1923 1924
f 1925 5761 1924
f 5767 5771 5770
f 5768 5772 5771
f 5771 5773 5770
f 5772 5774 5771
f 234 5767 1928
f 1772 5768 5767
f 1771 5769 5768
f 1770 1922 5769
f 5769 1921 5772
f 1921 5775 5772
f 1920 1857 5775
f 5775 1858 5774
f 5774 1859 5773
f 5773 249 1926
f 5770 1926 1927
f 1928 5770 1927
f 5776 5780 5779
f 5777 5781 5780
f 5780 5782 5779
f 5781 5783 5780
f 242 5776 1931
f 1796 5777 5776
f 1795 5778 5777
f 1794 1925 5778
f 5778 1924 5781
f 1924 5784 5781
f 1923 1881 5784
f 5784 1882 5783
f 5783 1883 5782
f 5782 257 1929
f 5779 1929 1930
f 1931 5779 1930
f 5786 5788 5785
f 5787 5789 5786
f 5788 5792 5791
f 5789 5793 5792
f 1775 1934 235
f 1774 5785 1775
f 1773 5786 1774
f 234 5787 1773
f 1928 5790 5787
f 5790 1926 5793
f 5793 249 1860
f 5792 1860 1861
f 5791 1861 1862
f 1932 1862 250
f 1933 5791 1932
f 5785 1933 1934
f 5794 5798 5797
f 5795 5799 5798
f 5798 5800 5797
f 5799 5801 5798
f 243 5794 1937
f 1799 5795 5794
f 1798 5796 5795
f 1797 1931 5796
f 5796 1930 5799
f 1930 5802 5799
f 1929 1884 5802
f 5802 1885 5801
f 5801 1886 5800
f 5800 258 1935
f 5797 1935 1936
f 1937 5797 1936
f 5804 5806 5803
f 5805 5807 5804
f 5806 5810 5809
f 5807 5811 5810
f 1778 1940 236
f 1777 5803 1778
f 1776 5804 1777
f 235 5805 1776
f 1934 5808 5805
f 5808 1932 5811
f 5811 250 1863
f 5810 1863 1864
f 5809 1864 1865
f 1938 1865 251
f 1939 5809 1938
f 5803 1939 1940
f 5812 5816 5815
f 5813 5817 5816
f 5816 5818 5815
f 5817 5819 5816
f 244 5812 1943
f 1802 5813 5812
f 1801 5814 5813
f 1800 1937 5814
f 5814 1936 5817
f 1936 5820 5817
f 1935 1887 5820
f 5820 1888 5819
f 5819 1889 5818
f 5818 259 1941
f 5815 1941 1942
f 1943 5815 1942
f 5822 5824 5821
f 5823 5825 5822
f 5824 5828 5827
f 5825 5829 5828
f 1781 1902 237
f 1780 5821 1781
f 1779 5822 1780
f 236 5823 1779
f 1940 5826 5823
f 5826 1938 5829
f 5829 251 1866
f 5828 1866 1867
f 5827 1867 1868
f 1904 1868 252
f 1903 5827 1904
f 5821 1903 1902
f 5830 5834 5833
f 5831 5835 5834
f 5834 5836 5833
f 5835 5837 5834
f 245 5830 1908
f 1805 5831 5830
f 1804 5832 5831
f 1803 1943 5832
f 5832 1942 5835
f 1942 5838 5835
f 1941 1890 5838
f 5838 1891 5837
f 5837 1892 5836
f 5836 260 1910
f 5833 1910 1909
f 1908 5833 1909
f 5839 5843 5842
f 5840 5844 5843
f 5843 5845 5842
f 5844 5846 5843
f 257 5839 1988
f 1883 5840 5839
f 1882 5841 5840
f 1881 1989 5841
f 5841 1990 5844
f 1990 5847 5844
f 1991 1968 5847
f 5847 1969 5846
f 5846 1970 5845
f 5845 272 1986
f 5842 1986 1987
f 1988 5842 1987
f 5849 5851 5848
f 5850 5852 5849
f 5851 5855 5854
f 5852 5856 5855
f 1862 1994 250
f 1861 5848 1862
f 1860 5849 1861
f 249 5850 1860
f 1995 5853 5850
f 5853 1997 5856
f 5856 264 1947
f 5855 1947 1948
f 5854 1948 1949
f 1992 1949 265
f 1993 5854 1992
f 5848 1993 1994
f 5857 5861 5860
f 5858 5862 5861
f 5861 5863 5860
f 5862 5864 5861
f 258 5857 2000
f 1886 5858 5857
f 1885 5859 5858
f 1884 1988 5859
f 5859 1987 5862
f 1987 5865 5862
f 1986 1971 5865
f 5865 1972 5864
f 5864 1973 5863
f 5863 273 1998
f 5860 1998 1999
f 2000 5860 1999
f 5867 5869 5866
f 5868 5870 5867
f 5869 5873 5872
f 5870 5874 5873
f 1865 2003 251
f 1864 5866 1865
f 1863 5867 1864
f 250 5868 1863
f 1994 5871 5868
f 5871 1992 5874
f 5874 265 1950
f 5873 1950 1951
f 5872 1951 1952
f 2001 1952 266
f 2002 5872 2001
f 5866 2002 2003
f 5875 5879 5878
f 5876 5880 5879
f 5879 5881 5878
f 5880 5882 5879
f 259 5875 2006
f 1889 5876 5875
f 1888 5877 5876
f 1887 2000 5877
f 5877 1999 5880
f 1999 5883 5880
f 1998 1974 5883
f 5883 1975 5882
f 5882 1976 5881
f 5881 274 2004
f 5878 2004 2005
f 2006 5878 2005
f 5885 5887 5884
f 5886 5888 5885
f 5887 5891 5890
f 5888 5892 5891
f 1868 2009 252
f 1867 5884 1868
f 1866 5885 1867
f 251 5886 1866
f 2003 5889 5886
f 5889 2001 5892
f 5892 266 1953
f 5891 1953 1954
f 5890 1954 1955
f 2007 1955 267
f 2008 5890 2007
f 5884 2008 2009
f 5893 5897 5896
f 5894 5898 5897
f 5897 5899 5896
f 5898 5900 5897
f 260 5893 2012
f 1892 5894 5893
f 1891 5895 5894
f 1890 2006 5895
f 5895 2005 5898
f 2005 5901 5898
f 2004 1977 5901
f 5901 1978 5900
f 5900 1979 5899
f 5899 275 2010
f 5896 2010 2011
f 2012 5896 2011
f 5903 5905 5902
f 5904 5906 5903
f 5905 5909 5908
f 5906 5910 5909
f 1871 2015 253
f 1870 5902 1871
f 1869 5903 1870
f 252 5904 1869
f 2009 5907 5904
f 5907 2007 5910
f 5910 267 1956
f 5909 1956 1957
f 5908 1957 1958
f 2013 1958 268
f 2014 5908 2013
f 5902 2014 2015
f 5911 5915 5914
f 5912 5916 5915
f 5915 5917 5914
f 5916 5918 5915
f 261 5911 2018
f 1895 5912 5911
f 1894 5913 5912
f 1893 2012 5913
f 5913 2011 5916
f 2011 5919 5916
f 2010 1980 5919
f 5919 1981 5918
f 5918 1982 5917
f 5917 276 2016
f 5914 2016 2017
f 2018 5914 2017
f 5921 5923 5920
f 5922 5924 5921
f 5923 5927 5926
f 5924 5928 5927
f 1874 2021 254
f 1873 5920 1874
f 1872 5921 1873
f 253 5922 1872
f 2015 5925 5922
f 5925 2013 5928
f 5928 268 1959
f 5927 1959 1960
f 5926 1960 1961
f 2019 1961 269
f 2020 5926 2019
f 5920 2020 2021
f 5930 5932 5929
f 5931 5933 5930
f 5932 5936 5935
f 5933 5937 5936
f 1898 2024 262
f 1897 5929 1898
f 1896 5930 1897
f 261 5931 1896
f 2018 5934 5931
f 5934 2016 5937
f 5937 276 1983
f 5936 1983 1984
f 5935 1984 1985
f 2022 1985 277
f 2023 5935 2022
f 5929 2023 2024
f 5939 5941 5938
f 5940 5942 5939
f 5941 5945 5944
f 5942 5946 5945
f 1877 2027 255
f 1876 5938 1877
f 1875 5939 1876
f 254 5940 1875
f 2021 5943 5940
f 5943 2019 5946
f 5946 269 1962
f 5945 1962 1963
f 5944 1963 1964
f 2025 1964 270
f 2026 5944 2025
f 5938 2026 2027
f 5948 5947 5953
f 5951 5949 5950
f 5952 5947 5951
f 248 5948 2030
f 3356 5949 5948
f 2030 5953 2029
f 3360 3354 82
f 3361 5950 3360
f 5950 3355 3354
f 263 5952 3362
f 2028 5953 5952
f 3362 5951 3361
f 5956 5960 5955
f 5957 5954 5956
f 5959 5954 5958
f 3359 3365 308
f 3358 5955 3359
f 5955 3364 3365
f 262 5957 3357
f 2024 5958 5957
f 3357 5956 3358
f 277 5959 2022
f 3363 5960 5959
f 2022 5958 2023
f 5961 5965 5964
f 5962 5966 5965
f 5965 5967 5964
f 5966 5968 5965
f 256 5961 1989
f 1880 5962 5961
f 1879 5963 5962
f 1878 2027 5963
f 5963 2026 5966
f 2026 5969 5966
f 2025 1965 5969
f 5969 1966 5968
f 5968 1967 5967
f 5967 271 1991
f 5964 1991 1990
f 1989 5964 1990
f 5970 5974 5973
f 5971 5975 5974
f 5974 5976 5973
f 5975 5977 5974
f 249 5970 1995
f 1859 5971 5970
f 1858 5972 5971
f 1857 2030 5972
f 5972 2029 5975
f 2029 5978 5975
f 2028 1944 5978
f 5978 1945 5977
f 5977 1946 5976
f 5976 264 1997
f 5973 1997 1996
f 1995 5973 1996
f 5979 5983 5982
f 5980 5984 5983
f 5983 5985 5982
f 5984 5986 5983
f 276 5979 2075
f 1982 5980 5979
f 1981 5981 5980
f 1980 2076 5981
f 5981 2077 5984
f 2077 5987 5984
f 2078 2067 5987
f 5987 2068 5986
f 5986 2069 5985
f 5985 291 2073
f 5982 2073 2074
f 2075 5982 2074
f 5989 5991 5988
f 5990 5992 5989
f 5991 5995 5994
f 5992 5996 5995
f 1961 2081 269
f 1960 5988 1961
f 1959 5989 1960
f 268 5990 1959
f 2082 5993 5990
f 5993 2084 5996
f 5996 283 2046
f 5995 2046 2047
f 5994 2047 2048
f 2079 2048 284
f 2080 5994 2079
f 5988 2080 2081
f 5998 6000 5997
f 5999 6001 5998
f 6000 6004 6003
f 6001 6005 6004
f 1985 2087 277
f 1984 5997 1985
f 1983 5998 1984
f 276 5999 1983
f 2075 6002 5999
f 6002 2073 6005
f 6005 291 2070
f 6004 2070 2071
f 6003 2071 2072
f 2085 2072 292
f 2086 6003 2085
f 5997 2086 2087
f 6007 6009 6006
f 6008 6010 6007
f 6009 6013 6012
f 6010 6014 6013
f 1964 2090 270
f 1963 6006 1964
f 1962 6007 1963
f 269 6008 1962
f 2081 6011 6008
f 6011 2079 6014
f 6014 284 2049
f 6013 2049 2050
f 6012 2050 2051
f 2088 2051 285
f 2089 6012 2088
f 6006 2089 2090
f 6016 6015 6021
f 6019 6017 6018
f 6020 6015 6019
f 263 6016 2093
f 3362 6017 6016
f 2093 6021 2092
f 3366 3360 82
f 3367 6018 3366
f 6018 3361 3360
f 278 6020 3368
f 2091 6021 6020
f 3368 6019 3367
f 6024 6028 6023
f 6025 6022 6024
f 6027 6022 6026
f 3365 3371 308
f 3364 6023 3365
f 6023 3370 3371
f 277 6025 3363
f 2087 6026 6025
f 3363 6024 3364
f 292 6027 2085
f 3369 6028 6027
f 2085 6026 2086
f 6029 6033 6032
f 6030 6034 6033
f 6033 6035 6032
f 6034 6036 6033
f 271 6029 2096
f 1967 6030 6029
f 1966 6031 6030
f 1965 2090 6031
f 6031 2089 6034
f 2089 6037 6034
f 2088 2052 6037
f 6037 2053 6036
f 6036 2054 6035
f 6035 286 2094
f 6032 2094 2095
f 2096 6032 2095
f 6038 6042 6041
f 6039 6043 6042
f 6042 6044 6041
f 6043 6045 6042
f 264 6038 2099
f 1946 6039 6038
f 1945 6040 6039
f 1944 2093 6040
f 6040 2092 6043
f 2092 6046 6043
f 2091 2031 6046
f 6046 2032 6045
f 6045 2033 6044
f 6044 279 2097
f 6041 2097 2098
f 2099 6041 2098
f 6047 6051 6050
f 6048 6052 6051
f 6051 6053 6050
f 6052 6054 6051
f 272 6047 2102
f 1970 6048 6047
f 1969 6049 6048
f 1968 2096 6049
f 6049 2095 6052
f 2095 6055 6052
f 2094 2055 6055
f 6055 2056 6054
f 6054 2057 6053
f 6053 287 2100
f 6050 2100 2101
f 2102 6050 2101
f 6057 6059 6056
f 6058 6060 6057
f 6059 6063 6062
f 6060 6064 6063
f 1949 2105 265
f 1948 6056 1949
f 1947 6057 1948
f 264 6058 1947
f 2099 6061 6058
f 6061 2097 6064
f 6064 279 2034
f 6063 2034 2035
f 6062 2035 2036
f 2103 2036 280
f 2104 6062 2103
f 6056 2104 2105
f 6065 6069 6068
f 6066 6070 6069
f 6069 6071 6068
f 6070 6072 6069
f 273 6065 2108
f 1973 6066 6065
f 1972 6067 6066
f 1971 2102 6067
f 6067 2101 6070
f 2101 6073 6070
f 2100 2058 6073
f 6073 2059 6072
f 6072 2060 6071
f 6071 288 2106
f 6068 2106 2107
f 2108 6068 2107
f 6075 6077 6074
f 6076 6078 6075
f 6077 6081 6080
f 6078 6082 6081
f 1952 2111 266
f 1951 6074 1952
f 1950 6075 1951
f 265 6076 1950
f 2105 6079 6076
f 6079 2103 6082
f 6082 280 2037
f 6081 2037 2038
f 6080 2038 2039
f 2109 2039 281
f 2110 6080 2109
f 6074 2110 2111
f 6083 6087 6086
f 6084 6088 6087
f 6087 6089 6086
f 6088 6090 6087
f 274 6083 2114
f 1976 6084 6083
f 1975 6085 6084
f 1974 2108 6085
f 6085 2107 6088
f 2107 6091 6088
f 2106 2061 6091
f 6091 2062 6090
f 6090 2063 6089
f 6089 289 2112
f 6086 2112 2113
f 2114 6086 2113
f 6093 6095 6092
f 6094 6096 6093
f 6095 6099 6098
f 6096 6100 6099
f 1955 2117 267
f 1954 6092 1955
f 1953 6093 1954
f 266 6094 1953
f 2111 6097 6094
f 6097 2109 6100
f 6100 281 2040
f 6099 2040 2041
f 6098 2041 2042
f 2115 2042 282
f 2116 6098 2115
f 6092 2116 2117
f 6101 6105 6104
f 6102 6106 6105
f 6105 6107 6104
f 6106 6108 6105
f 275 6101 2076
f 1979 6102 6101
f 1978 6103 6102
f 1977 2114 6103
f 6103 2113 6106
f 2113 6109 6106
f 2112 2064 6109
f 6109 2065 6108
f 6108 2066 6107
f 6107 290 2078
f 6104 2078 2077
f 2076 6104 2077
f 6111 6113 6110
f 6112 6114 6111
f 6113 6117 6116
f 6114 6118 6117
f 1958 2082 268
f 1957 6110 1958
f 1956 6111 1957
f 267 6112 1956
f 2117 6115 6112
f 6115 2115 6118
f 6118 282 2043
f 6117 2043 2044
f 6116 2044 2045
f 2084 2045 283
f 2083 6116 2084
f 6110 2083 2082
f 6119 6123 6122
f 6120 6124 6123
f 6123 6125 6122
f 6124 6126 6123
f 288 6119 2165
f 2060 6120 6119
f 2059 6121 6120
f 2058 2166 6121
f 6121 2167 6124
f 2167 6127 6124
f 2168 2145 6127
f 6127 2146 6126
f 6126 2147 6125
f 6125 303 2163
f 6122 2163 2164
f 2165 6122 2164
f 6129 6131 6128
f 6130 6132 6129
f 6131 6135 6134
f 6132 6136 6135
f 2039 2171 281
f 2038 6128 2039
f 2037 6129 2038
f 280 6130 2037
f 2172 6133 6130
f 6133 2174 6136
f 6136 295 2124
f 6135 2124 2125
f 6134 2125 2126
f 2169 2126 296
f 2170 6134 2169
f 6128 2170 2171
f 6137 6141 6140
f 6138 6142 6141
f 6141 6143 6140
f 6142 6144 6141
f 289 6137 2177
f 2063 6138 6137
f 2062 6139 6138
f 2061 2165 6139
f 6139 2164 6142
f 2164 6145 6142
f 2163 2148 6145
f 6145 2149 6144
f 6144 2150 6143
f 6143 304 2175
f 6140 2175 2176
f 2177 6140 2176
f 6147 6149 6146
f 6148 6150 6147
f 6149 6153 6152
f 6150 6154 6153
f 2042 2180 282
f 2041 6146 2042
f 2040 6147 2041
f 281 6148 2040
f 2171 6151 6148
f 6151 2169 6154
f 6154 296 2127
f 6153 2127 2128
f 6152 2128 2129
f 2178 2129 297
f 2179 6152 2178
f 6146 2179 2180
f 6155 6159 6158
f 6156 6160 6159
f 6159 6161 6158
f 6160 6162 6159
f 290 6155 2183
f 2066 6156 6155
f 2065 6157 6156
f 2064 2177 6157
f 6157 2176 6160
f 2176 6163 6160
f 2175 2151 6163
f 6163 2152 6162
f 6162 2153 6161
f 6161 305 2181
f 6158 2181 2182
f 2183 6158 2182
f 6165 6167 6164
f 6166 6168 6165
f 6167 6171 6170
f 6168 6172 6171
f 2045 2186 283
f 2044 6164 2045
f 2043 6165 2044
f 282 6166 2043
f 2180 6169 6166
f 6169 2178 6172
f 6172 297 2130
f 6171 2130 2131
f 6170 2131 2132
f 2184 2132 298
f 2185 6170 2184
f 6164 2185 2186
f 6173 6177 6176
f 6174 6178 6177
f 6177 6179 6176
f 6178 6180 6177
f 291 6173 2189
f 2069 6174 6173
f 2068 6175 6174
f 2067 2183 6175
f 6175 2182 6178
f 2182 6181 6178
f 2181 2154 6181
f 6181 2155 6180
f 6180 2156 6179
f 6179 306 2187
f 6176 2187 2188
f 2189 6176 2188
f 6183 6185 6182
f 6184 6186 6183
f 6185 6189 6188
f 6186 6190 6189
f 2048 2192 284
f 2047 6182 2048
f 2046 6183 2047
f 283 6184 2046
f 2186 6187 6184
f 6187 2184 6190
f 6190 298 2133
f 6189 2133 2134
f 6188 2134 2135
f 2190 2135 299
f 2191 6188 2190
f 6182 2191 2192
f 6192 6194 6191
f 6193 6195 6192
f 6194 6198 6197
f 6195 6199 6198
f 2072 2195 292
f 2071 6191 2072
f 2070 6192 2071
f 291 6193 2070
f 2189 6196 6193
f 6196 2187 6199
f 6199 306 2157
f 6198 2157 2158
f 6197 2158 2159
f 2193 2159 307
f 2194 6197 2193
f 6191 2194 2195
f 6201 6203 6200
f 6202 6204 6201
f 6203 6207 6206
f 6204 6208 6207
f 2051 2198 285
f 2050 6200 2051
f 2049 6201 2050
f 284 6202 2049
f 2192 6205 6202
f 6205 2190 6208
f 6208 299 2136
f 6207 2136 2137
f 6206 2137 2138
f 2196 2138 300
f 2197 6206 2196
f 6200 2197 2198
f 6210 6209 6215
f 6213 6211 6212
f 6214 6209 6213
f 278 6210 2201
f 3368 6211 6210
f 2201 6215 2200
f 3372 3366 82
f 3373 6212 3372
f 6212 3367 3366
f 293 6214 3374
f 2199 6215 6214
f 3374 6213 3373
f 6218 6222 6217
f 6219 6216 6218
f 6221 6216 6220
f 3371 2162 308
f 3370 6217 3371
f 6217 2161 2162
f 292 6219 3369
f 2195 6220 6219
f 3369 6218 3370
f 307 6221 2193
f 2160 6222 6221
f 2193 6220 2194
f 6223 6227 6226
f 6224 6228 6227
f 6227 6229 6226
f 6228 6230 6227
f 286 6223 2204
f 2054 6224 6223
f 2053 6225 6224
f 2052 2198 6225
f 6225 2197 6228
f 2197 6231 6228
f 2196 2139 6231
f 6231 2140 6230
f 6230 2141 6229
f 6229 301 2202
f 6226 2202 2203
f 2204 6226 2203
f 6232 6236 6235
f 6233 6237 6236
f 6236 6238 6235
f 6237 6239 6236
f 279 6232 2207
f 2033 6233 6232
f 2032 6234 6233
f 2031 2201 6234
f 6234 2200 6237
f 2200 6240 6237
f 2199 2118 6240
f 6240 2119 6239
f 6239 2120 6238
f 6238 294 2205
f 6235 2205 2206
f 2207 6235 2206
f 6241 6245 6244
f 6242 6246 6245
f 6245 6247 6244
f 6246 6248 6245
f 287 6241 2166
f 2057 6242 6241
f 2056 6243 6242
f 2055 2204 6243
f 6243 2203 6246
f 2203 6249 6246
f 2202 2142 6249
f 6249 2143 6248
f 6248 2144 6247
f 6247 302 2168
f 6244 2168 2167
f 2166 6244 2167
f 6251 6253 6250
f 6252 6254 6251
f 6253 6257 6256
f 6254 6258 6257
f 2036 2172 280
f 2035 6250 2036
f 2034 6251 2035
f 279 6252 2034
f 2207 6255 6252
f 6255 2205 6258
f 6258 294 2121
f 6257 2121 2122
f 6256 2122 2123
f 2174 2123 295
f 2173 6256 2174
f 6250 2173 2172
f 6260 6262 6259
f 6261 6263 6260
f 6262 6266 6265
f 6263 6267 6266
f 2159 2252 307
f 2158 6259 2159
f 2157 6260 2158
f 306 6261 2157
f 2253 6264 6261
f 6264 2255 6267
f 6267 322 2247
f 6266 2247 2248
f 6265 2248 2249
f 2250 2249 323
f 2251 6265 2250
f 6259 2251 2252
f 6269 6271 6268
f 6270 6272 6269
f 6271 6275 6274
f 6272 6276 6275
f 2138 2258 300
f 2137 6268 2138
f 2136 6269 2137
f 299 6270 2136
f 2259 6273 6270
f 6273 2261 6276
f 6276 315 2226
f 6275 2226 2227
f 6274 2227 2228
f 2256 2228 316
f 2257 6274 2256
f 6268 2257 2258
f 6278 6277 6283
f 6281 6279 6280
f 6282 6277 6281
f 293 6278 2264
f 3374 6279 6278
f 2264 6283 2263
f 3375 3372 82
f 3376 6280 3375
f 6280 3373 3372
f 309 6282 3377
f 2262 6283 6282
f 3377 6281 3376
f 6286 6290 6285
f 6287 6284 6286
f 6289 6284 6288
f 2162 3380 308
f 2161 6285 2162
f 6285 3379 3380
f 307 6287 2160
f 2252 6288 6287
f 2160 6286 2161
f 323 6289 2250
f 3378 6290 6289
f 2250 6288 2251
f 6291 6295 6294
f 6292 6296 6295
f 6295 6297 6294
f 6296 6298 6295
f 301 6291 2267
f 2141 6292 6291
f 2140 6293 6292
f 2139 2258 6293
f 6293 2257 6296
f 6296 2256 6299
f 2256 2229 6299
f 6299 2230 6298
f 6298 2231 6297
f 6297 317 2265
f 6294 2265 2266
f 2267 6294 2266
f 6300 6304 6303
f 6301 6305 6304
f 6304 6306 6303
f 6305 6307 6304
f 294 6300 2270
f 2120 6301 6300
f 2119 6302 6301
f 2118 2264 6302
f 6302 2263 6305
f 2263 6308 6305
f 2262 2208 6308
f 6308 2209 6307
f 6307 2210 6306
f 6306 310 2268
f 6303 2268 2269
f 2270 6303 2269
f 6309 6313 6312
f 6310 6314 6313
f 6313 6315 6312
f 6314 6316 6313
f 302 6309 2273
f 2144 6310 6309
f 2143 6311 6310
f 2142 2267 6311
f 6311 2266 6314
f 2266 6317 6314
f 2265 2232 6317
f 6317 2233 6316
f 6316 2234 6315
f 6315 318 2271
f 6312 2271 2272
f 2273 6312 2272
f 6319 6321 6318
f 6320 6322 6319
f 6321 6325 6324
f 6322 6326 6325
f 2123 2276 295
f 2122 6318 2123
f 2121 6319 2122
f 294 6320 2121
f 2270 6323 6320
f 6323 2268 6326
f 6326 310 2211
f 6325 2211 2212
f 6324 2212 2213
f 2274 2213 311
f 2275 6324 2274
f 6318 2275 2276
f 6327 6331 6330
f 6328 6332 6331
f 6331 6333 6330
f 6332 6334 6331
f 303 6327 2279
f 2147 6328 6327
f 2146 6329 6328
f 2145 2273 6329
f 6329 2272 6332
f 2272 6335 6332
f 2271 2235 6335
f 6335 2236 6334
f 6334 2237 6333
f 6333 319 2277
f 6330 2277 2278
f 2279 6330 2278
f 6337 6339 6336
f 6338 6340 6337
f 6339 6343 6342
f 6340 6344 6343
f 2126 2282 296
f 2125 6336 2126
f 2124 6337 2125
f 295 6338 2124
f 2276 6341 6338
f 6341 2274 6344
f 6344 311 2214
f 6343 2214 2215
f 6342 2215 2216
f 2280 2216 312
f 2281 6342 2280
f 6336 2281 2282
f 6345 6349 6348
f 6346 6350 6349
f 6349 6351 6348
f 6350 6352 6349
f 304 6345 2285
f 2150 6346 6345
f 2149 6347 6346
f 2148 2279 6347
f 6347 2278 6350
f 2278 6353 6350
f 2277 2238 6353
f 6353 2239 6352
f 6352 2240 6351
f 6351 320 2283
f 6348 2283 2284
f 2285 6348 2284
f 6355 6357 6354
f 6356 6358 6355
f 6357 6361 6360
f 6358 6362 6361
f 2129 2288 297
f 2128 6354 2129
f 2127 6355 2128
f 296 6356 2127
f 2282 6359 6356
f 6359 2280 6362
f 6362 312 2217
f 6361 2217 2218
f 6360 2218 2219
f 2286 2219 313
f 2287 6360 2286
f 6354 2287 2288
f 6363 6367 6366
f 6364 6368 6367
f 6367 6369 6366
f 6368 6370 6367
f 305 6363 2291
f 2153 6364 6363
f 2152 6365 6364
f 2151 2285 6365
f 6365 2284 6368
f 2284 6371 6368
f 2283 2241 6371
f 6371 2242 6370
f 6370 2243 6369
f 6369 321 2289
f 6366 2289 2290
f 2291 6366 2290
f 6373 6375 6372
f 6374 6376 6373
f 6375 6379 6378
f 6376 6380 6379
f 2132 2294 298
f 2131 6372 2132
f 2130 6373 2131
f 297 6374 2130
f 2288 6377 6374
f 6377 2286 6380
f 6380 313 2220
f 6379 2220 2221
f 6378 2221 2222
f 2292 2222 314
f 2293 6378 2292
f 6372 2293 2294
f 6381 6385 6384
f 6382 6386 6385
f 6385 6387 6384
f 6386 6388 6385
f 306 6381 2253
f 2156 6382 6381
f 2155 6383 6382
f 2154 2291 6383
f 6383 2290 6386
f 2290 6389 6386
f 2289 2244 6389
f 6389 2245 6388
f 6388 2246 6387
f 6387 322 2255
f 6384 2255 2254
f 2253 6384 2254
f 6391 6393 6390
f 6392 6394 6391
f 6393 6397 6396
f 6394 6398 6397
f 2135 2259 299
f 2134 6390 2135
f 2133 6391 2134
f 298 6392 2133
f 2294 6395 6392
f 6395 2292 6398
f 6398 314 2223
f 6397 2223 2224
f 6396 2224 2225
f 2261 2225 315
f 2260 6396 2261
f 6390 2260 2259
f 6400 6402 6399
f 6401 6403 6400
f 6402 6406 6405
f 6403 6407 6406
f 2216 2339 312
f 2215 6399 2216
f 2214 6400 2215
f 311 6401 2214
f 2340 6404 6401
f 6404 2342 6407
f 6407 326 2301
f 6406 2301 2302
f 6405 2302 2303
f 2337 2303 327
f 2338 6405 2337
f 6399 2338 2339
f 6408 6412 6411
f 6409 6413 6412
f 6412 6414 6411
f 6413 6415 6412
f 320 6408 2345
f 2240 6409 6408
f 2239 6410 6409
f 2238 2346 6410
f 6410 2347 6413
f 2347 6416 6413
f 2348 2325 6416
f 6416 2326 6415
f 6415 2327 6414
f 6414 335 2343
f 6411 2343 2344
f 2345 6411 2344
f 6418 6420 6417
f 6419 6421 6418
f 6420 6424 6423
f 6421 6425 6424
f 2219 2351 313
f 2218 6417 2219
f 2217 6418 2218
f 312 6419 2217
f 2339 6422 6419
f 6422 2337 6425
f 6425 327 2304
f 6424 2304 2305
f 6423 2305 2306
f 2349 2306 328
f 2350 6423 2349
f 6417 2350 2351
f 6426 6430 6429
f 6427 6431 6430
f 6430 6432 6429
f 6431 6433 6430
f 321 6426 2354
f 2243 6427 6426
f 2242 6428 6427
f 2241 2345 6428
f 6428 2344 6431
f 2344 6434 6431
f 2343 2328 6434
f 6434 2329 6433
f 6433 2330 6432
f 6432 336 2352
f 6429 2352 2353
f 2354 6429 2353
f 6436 6438 6435
f 6437 6439 6436
f 6438 6442 6441
f 6439 6443 6442
f 2222 2357 314
f 2221 6435 2222
f 2220 6436 2221
f 313 6437 2220
f 2351 6440 6437
f 6440 2349 6443
f 6443 328 2307
f 6442 2307 2308
f 6441 2308 2309
f 2355 2309 329
f 2356 6441 2355
f 6435 2356 2357
f 6444 6448 6447
f 6445 6449 6448
f 6448 6450 6447
f 6449 6451 6448
f 322 6444 2360
f 2246 6445 6444
f 2245 6446 6445
f 2244 2354 6446
f 6446 2353 6449
f 2353 6452 6449
f 2352 2331 6452
f 6452 2332 6451
f 6451 2333 6450
f 6450 337 2358
f 6447 2358 2359
f 2360 6447 2359
f 6454 6456 6453
f 6455 6457 6454
f 6456 6460 6459
f 6457 6461 6460
f 2225 2363 315
f 2224 6453 2225
f 2223 6454 2224
f 314 6455 2223
f 2357 6458 6455
f 6458 2355 6461
f 6461 329 2310
f 6460 2310 2311
f 6459 2311 2312
f 2361 2312 330
f 2362 6459 2361
f 6453 2362 2363
f 6463 6465 6462
f 6464 6466 6463
f 6465 6469 6468
f 6466 6470 6469
f 2249 2366 323
f 2248 6462 2249
f 2247 6463 2248
f 322 6464 2247
f 2360 6467 6464
f 6467 2358 6470
f 6470 337 2334
f 6469 2334 2335
f 6468 2335 2336
f 2364 2336 338
f 2365 6468 2364
f 6462 2365 2366
f 6472 6474 6471
f 6473 6475 6472
f 6474 6478 6477
f 6475 6479 6478
f 2228 2369 316
f 2227 6471 2228
f 2226 6472 2227
f 315 6473 2226
f 2363 6476 6473
f 6476 2361 6479
f 6479 330 2313
f 6478 2313 2314
f 6477 2314 2315
f 2367 2315 331
f 2368 6477 2367
f 6471 2368 2369
f 6481 6480 6486
f 6484 6482 6483
f 6485 6480 6484
f 309 6481 2372
f 3377 6482 6481
f 2372 6486 2371
f 3381 3375 82
f 3382 6483 3381
f 6483 3376 3375
f 324 6485 3383
f 2370 6486 6485
f 3383 6484 3382
f 6489 6493 6488
f 6490 6487 6489
f 6492 6487 6491
f 3380 3386 308
f 3379 6488 3380
f 6488 3385 3386
f 323 6490 3378
f 2366 6491 6490
f 3378 6489 3379
f 338 6492 2364
f 3384 6493 6492
f 2364 6491 2365
f 6494 6498 6497
f 6495 6499 6498
f 6498 6500 6497
f 6499 6501 6498
f 317 6494 2375
f 2231 6495 6494
f 2230 6496 6495
f 2229 2369 6496
f 6496 2368 6499
f 2368 6502 6499
f 2367 2316 6502
f 6502 2317 6501
f 6501 2318 6500
f 6500 332 2373
f 6497 2373 2374
f 2375 6497 2374
f 6503 6507 6506
f 6504 6508 6507
f 6507 6509 6506
f 6508 6510 6507
f 310 6503 2378
f 2210 6504 6503
f 2209 6505 6504
f 2208 2372 6505
f 6505 2371 6508
f 2371 6511 6508
f 2370 2295 6511
f 6511 2296 6510
f 6510 2297 6509
f 6509 325 2376
f 6506 2376 2377
f 2378 6506 2377
f 6512 6516 6515
f 6513 6517 6516
f 6516 6518 6515
f 6517 6519 6516
f 318 6512 2381
f 2234 6513 6512
f 2233 6514 6513
f 2232 2375 6514
f 6514 2374 6517
f 2374 6520 6517
f 2373 2319 6520
f 6520 2320 6519
f 6519 2321 6518
f 6518 333 2379
f 6515 2379 2380
f 2381 6515 2380
f 6522 6524 6521
f 6523 6525 6522
f 6524 6528 6527
f 6525 6529 6528
f 2213 2340 311
f 2212 6521 2213
f 2211 6522 2212
f 310 6523 2211
f 2378 6526 6523
f 6526 2376 6529
f 6529 325 2298
f 6528 2298 2299
f 6527 2299 2300
f 2342 2300 326
f 2341 6527 2342
f 6521 2341 2340
f 6530 6534 6533
f 6531 6535 6534
f 6534 6536 6533
f 6535 6537 6534
f 319 6530 2346
f 2237 6531 6530
f 2236 6532 6531
f 2235 2381 6532
f 6532 2380 6535
f 2380 6538 6535
f 2379 2322 6538
f 6538 2323 6537
f 6537 2324 6536
f 6536 334 2348
f 6533 2348 2347
f 2346 6533 2347
f 6540 6542 6539
f 6541 6543 6540
f 6542 6546 6545
f 6543 6547 6546
f 2315 2426 331
f 2314 6539 2315
f 2313 6540 2314
f 330 6541 2313
f 2427 6544 6541
f 6544 2429 6547
f 6547 345 2400
f 6546 2400 2401
f 6545 2401 2402
f 2424 2402 346
f 2425 6545 2424
f 6539 2425 2426
f 6549 6548 6554
f 6552 6550 6551
f 6553 6548 6552
f 324 6549 2432
f 3383 6550 6549
f 2432 6554 2431
f 3387 3381 82
f 3388 6551 3387
f 6551 3382 3381
f 339 6553 3389
f 2430 6554 6553
f 3389 6552 3388
f 6557 6561 6556
f 6558 6555 6557
f 6560 6555 6559
f 3386 3392 308
f 3385 6556 3386
f 6556 3391 3392
f 338 6558 3384
f 2433 6559 6558
f 3384 6557 3385
f 353 6560 2435
f 3390 6561 6560
f 2435 6559 2434
f 6562 6566 6565
f 6563 6567 6566
f 6566 6568 6565
f 6567 6569 6566
f 332 6562 2438
f 2318 6563 6562
f 2317 6564 6563
f 2316 2426 6564
f 2426 6567 6564
f 2425 6570 6567
f 2424 2403 6570
f 6570 2404 6569
f 6569 2405 6568
f 6568 347 2436
f 6565 2436 2437
f 2438 6565 2437
f 6571 6575 6574
f 6572 6576 6575
f 6575 6577 6574
f 6576 6578 6575
f 325 6571 2441
f 2297 6572 6571
f 2296 6573 6572
f 2295 2432 6573
f 6573 2431 6576
f 2431 6579 6576
f 2430 2382 6579
f 6579 2383 6578
f 6578 2384 6577
f 6577 340 2439
f 6574 2439 2440
f 2441 6574 2440
f 6580 6584 6583
f 6581 6585 6584
f 6584 6586 6583
f 6585 6587 6584
f 333 6580 2444
f 2321 6581 6580
f 2320 6582 6581
f 2319 2438 6582
f 6582 2437 6585
f 2437 6588 6585
f 2436 2406 6588
f 6588 2407 6587
f 6587 2408 6586
f 6586 348 2442
f 6583 2442 2443
f 2444 6583 2443
f 6590 6592 6589
f 6591 6593 6590
f 6592 6596 6595
f 6593 6597 6596
f 2300 2447 326
f 2299 6589 2300
f 2298 6590 2299
f 325 6591 2298
f 2441 6594 6591
f 6594 2439 6597
f 6597 340 2385
f 6596 2385 2386
f 6595 2386 2387
f 2445 2387 341
f 2446 6595 2445
f 6589 2446 2447
f 6598 6602 6601
f 6599 6603 6602
f 6602 6604 6601
f 6603 6605 6602
f 334 6598 2450
f 2324 6599 6598
f 2323 6600 6599
f 2322 2444 6600
f 6600 2443 6603
f 2443 6606 6603
f 2442 2409 6606
f 6606 2410 6605
f 6605 2411 6604
f 6604 349 2448
f 6601 2448 2449
f 2450 6601 2449
f 6608 6610 6607
f 6609 6611 6608
f 6610 6614 6613
f 6611 6615 6614
f 2303 2453 327
f 2302 6607 2303
f 2301 6608 2302
f 326 6609 2301
f 2447 6612 6609
f 6612 2445 6615
f 6615 341 2388
f 6614 2388 2389
f 6613 2389 2390
f 2451 2390 342
f 2452 6613 2451
f 6607 2452 2453
f 6616 6620 6619
f 6617 6621 6620
f 6620 6622 6619
f 6621 6623 6620
f 335 6616 2456
f 2327 6617 6616
f 2326 6618 6617
f 2325 2450 6618
f 6618 2449 6621
f 2449 6624 6621
f 2448 2412 6624
f 6624 2413 6623
f 6623 2414 6622
f 6622 350 2454
f 6619 2454 2455
f 2456 6619 2455
f 6626 6628 6625
f 6627 6629 6626
f 6628 6632 6631
f 6629 6633 6632
f 2306 2459 328
f 2305 6625 2306
f 2304 6626 2305
f 327 6627 2304
f 2453 6630 6627
f 6630 2451 6633
f 6633 342 2391
f 6632 2391 2392
f 6631 2392 2393
f 2457 2393 343
f 2458 6631 2457
f 6625 2458 2459
f 6634 6638 6637
f 6635 6639 6638
f 6638 6640 6637
f 6639 6641 6638
f 336 6634 2462
f 2330 6635 6634
f 2329 6636 6635
f 2328 2456 6636
f 6636 2455 6639
f 2455 6642 6639
f 2454 2415 6642
f 6642 2416 6641
f 6641 2417 6640
f 6640 351 2460
f 6637 2460 2461
f 2462 6637 2461
f 6644 6646 6643
f 6645 6647 6644
f 6646 6650 6649
f 6647 6651 6650
f 2309 2465 329
f 2308 6643 2309
f 2307 6644 2308
f 328 6645 2307
f 2459 6648 6645
f 6648 2457 6651
f 6651 343 2394
f 6650 2394 2395
f 6649 2395 2396
f 2463 2396 344
f 2464 6649 2463
f 6643 2464 2465
f 6652 6656 6655
f 6653 6657 6656
f 6656 6658 6655
f 6657 6659 6656
f 337 6652 2468
f 2333 6653 6652
f 2332 6654 6653
f 2331 2462 6654
f 6654 2461 6657
f 2461 6660 6657
f 2460 2418 6660
f 6660 2419 6659
f 6659 2420 6658
f 6658 352 2466
f 6655 2466 2467
f 2468 6655 2467
f 6662 6664 6661
f 6663 6665 6662
f 6664 6668 6667
f 6665 6669 6668
f 2312 2427 330
f 2311 6661 2312
f 2310 6662 2311
f 329 6663 2310
f 2465 6666 6663
f 6666 2463 6669
f 6669 344 2397
f 6668 2397 2398
f 6667 2398 2399
f 2429 2399 345
f 2428 6667 2429
f 6661 2428 2427
f 6671 6673 6670
f 6672 6674 6671
f 6673 6677 6676
f 6674 6678 6677
f 2336 2433 338
f 2335 6670 2336
f 2334 6671 2335
f 337 6672 2334
f 2468 6675 6672
f 6675 2466 6678
f 6678 352 2421
f 6677 2421 2422
f 6676 2422 2423
f 2435 2423 353
f 2434 6676 2435
f 6670 2434 2433
f 6679 6683 6682
f 6680 6684 6683
f 6683 6685 6682
f 6684 6686 6683
f 350 6679 2513
f 2414 6680 6679
f 2413 6681 6680
f 2412 2514 6681
f 6681 2515 6684
f 2515 6687 6684
f 2516 2499 6687
f 6687 2500 6686
f 6686 2501 6685
f 6685 365 2511
f 6682 2511 2512
f 2513 6682 2512
f 6689 6691 6688
f 6690 6692 6689
f 6691 6695 6694
f 6692 6696 6695
f 2393 2519 343
f 2392 6688 2393
f 2391 6689 2392
f 342 6690 2391
f 2520 6693 6690
f 6693 2522 6696
f 6696 357 2478
f 6695 2478 2479
f 6694 2479 2480
f 2517 2480 358
f 2518 6694 2517
f 6688 2518 2519
f 6697 6701 6700
f 6698 6702 6701
f 6701 6703 6700
f 6702 6704 6701
f 351 6697 2525
f 2417 6698 6697
f 2416 6699 6698
f 2415 2513 6699
f 6699 2512 6702
f 2512 6705 6702
f 2511 2502 6705
f 6705 2503 6704
f 6704 2504 6703
f 6703 366 2523
f 6700 2523 2524
f 2525 6700 2524
f 6707 6709 6706
f 6708 6710 6707
f 6709 6713 6712
f 6710 6714 6713
f 2396 2528 344
f 2395 6706 2396
f 2394 6707 2395
f 343 6708 2394
f 2519 6711 6708
f 6711 2517 6714
f 6714 358 2481
f 6713 2481 2482
f 6712 2482 2483
f 2526 2483 359
f 2527 6712 2526
f 6706 2527 2528
f 6715 6719 6718
f 6716 6720 6719
f 6719 6721 6718
f 6720 6722 6719
f 352 6715 2531
f 2420 6716 6715
f 2419 6717 6716
f 2418 2525 6717
f 6717 2524 6720
f 2524 6723 6720
f 2523 2505 6723
f 6723 2506 6722
f 6722 2507 6721
f 6721 367 2529
f 6718 2529 2530
f 2531 6718 2530
f 6725 6727 6724
f 6726 6728 6725
f 6727 6731 6730
f 6728 6732 6731
f 2399 2534 345
f 2398 6724 2399
f 2397 6725 2398
f 344 6726 2397
f 2528 6729 6726
f 6729 2526 6732
f 6732 359 2484
f 6731 2484 2485
f 6730 2485 2486
f 2532 2486 360
f 2533 6730 2532
f 6724 2533 2534
f 6734 6736 6733
f 6735 6737 6734
f 6736 6740 6739
f 6737 6741 6740
f 2423 2537 353
f 2422 6733 2423
f 2421 6734 2422
f 352 6735 2421
f 2531 6738 6735
f 6738 2529 6741
f 6741 367 2508
f 6740 2508 2509
f 6739 2509 2510
f 2535 2510 368
f 2536 6739 2535
f 6733 2536 2537
f 6743 6745 6742
f 6744 6746 6743
f 6745 6749 6748
f 6746 6750 6749
f 2402 2540 346
f 2401 6742 2402
f 2400 6743 2401
f 345 6744 2400
f 2534 6747 6744
f 6747 2532 6750
f 6750 360 2487
f 6749 2487 2488
f 6748 2488 2489
f 2538 2489 361
f 2539 6748 2538
f 6742 2539 2540
f 6752 6751 6757
f 6755 6753 6754
f 6756 6751 6755
f 339 6752 2543
f 3389 6753 6752
f 2543 6757 2542
f 3393 3387 82
f 3394 6754 3393
f 6754 3388 3387
f 354 6756 3395
f 2541 6757 6756
f 3395 6755 3394
f 6760 6764 6759
f 6761 6758 6760
f 6763 6758 6762
f 3392 3398 308
f 3391 6759 3392
f 6759 3397 3398
f 353 6761 3390
f 2537 6762 6761
f 3390 6760 3391
f 368 6763 2535
f 3396 6764 6763
f 2535 6762 2536
f 6765 6769 6768
f 6766 6770 6769
f 6769 6771 6768
f 6770 6772 6769
f 347 6765 2546
f 2405 6766 6765
f 2404 6767 6766
f 2403 2540 6767
f 6767 2539 6770
f 2539 6773 6770
f 2538 2490 6773
f 6773 2491 6772
f 6772 2492 6771
f 6771 362 2544
f 6768 2544 2545
f 2546 6768 2545
f 6774 6778 6777
f 6775 6779 6778
f 6778 6780 6777
f 6779 6781 6778
f 340 6774 2549
f 2384 6775 6774
f 2383 6776 6775
f 2382 2543 6776
f 6776 2542 6779
f 2542 6782 6779
f 2541 2469 6782
f 6782 2470 6781
f 6781 2471 6780
f 6780 355 2547
f 6777 2547 2548
f 2549 6777 2548
f 6783 6787 6786
f 6784 6788 6787
f 6787 6789 6786
f 6788 6790 6787
f 348 6783 2552
f 2408 6784 6783
f 2407 6785 6784
f 2406 2546 6785
f 6785 2545 6788
f 2545 6791 6788
f 2544 2493 6791
f 6791 2494 6790
f 6790 2495 6789
f 6789 363 2550
f 6786 2550 2551
f 2552 6786 2551
f 6793 6795 6792
f 6794 6796 6793
f 6795 6799 6798
f 6796 6800 6799
f 2387 2555 341
f 2386 6792 2387
f 2385 6793 2386
f 340 6794 2385
f 2549 6797 6794
f 6797 2547 6800
f 6800 355 2472
f 6799 2472 2473
f 6798 2473 2474
f 2553 2474 356
f 2554 6798 2553
f 6792 2554 2555
f 6801 6805 6804
f 6802 6806 6805
f 6805 6807 6804
f 6806 6808 6805
f 349 6801 2514
f 2411 6802 6801
f 2410 6803 6802
f 2409 2552 6803
f 6803 2551 6806
f 2551 6809 6806
f 2550 2496 6809
f 6809 2497 6808
f 6808 2498 6807
f 6807 364 2516
f 6804 2516 2515
f 2514 6804 2515
f 6811 6813 6810
f 6812 6814 6811
f 6813 6817 6816
f 6814 6818 6817
f 2390 2520 342
f 2389 6810 2390
f 2388 6811 2389
f 341 6812 2388
f 2555 6815 6812
f 6815 2553 6818
f 6818 356 2475
f 6817 2475 2476
f 6816 2476 2477
f 2522 2477 357
f 2521 6816 2522
f 6810 2521 2520
f 6820 6819 6825
f 6823 6821 6822
f 6824 6819 6823
f 354 6820 2600
f 3395 6821 6820
f 2600 6825 2599
f 3399 3393 82
f 3400 6822 3399
f 6822 3394 3393
f 369 6824 3401
f 2598 6825 6824
f 3401 6823 3400
f 6828 6832 6827
f 6829 6826 6828
f 6831 6826 6830
f 3398 3404 308
f 3397 6827 3398
f 6827 3403 3404
f 368 6829 3396
f 2601 6830 6829
f 3396 6828 3397
f 383 6831 2603
f 3402 6832 6831
f 2603 6830 2602
f 6833 6837 6836
f 6834 6838 6837
f 6837 6839 6836
f 6838 6840 6837
f 362 6833 2606
f 2492 6834 6833
f 2491 6835 6834
f 2490 2607 6835
f 6835 2608 6838
f 2608 6841 6838
f 2609 2577 6841
f 6841 2578 6840
f 6840 2579 6839
f 6839 377 2604
f 6836 2604 2605
f 2606 6836 2605
f 6842 6846 6845
f 6843 6847 6846
f 6846 6848 6845
f 6847 6849 6846
f 355 6842 2612
f 2471 6843 6842
f 2470 6844 6843
f 2469 2600 6844
f 6844 2599 6847
f 2599 6850 6847
f 2598 2556 6850
f 6850 2557 6849
f 6849 2558 6848
f 6848 370 2610
f 6845 2610 2611
f 2612 6845 2611
f 6851 6855 6854
f 6852 6856 6855
f 6855 6857 6854
f 6856 6858 6855
f 363 6851 2615
f 2495 6852 6851
f 2494 6853 6852
f 2493 2606 6853
f 6853 2605 6856
f 2605 6859 6856
f 2604 2580 6859
f 6859 2581 6858
f 6858 2582 6857
f 6857 378 2613
f 6854 2613 2614
f 2615 6854 2614
f 6861 6863 6860
f 6862 6864 6861
f 6863 6867 6866
f 6864 6868 6867
f 2474 2618 356
f 2473 6860 2474
f 2472 6861 2473
f 355 6862 2472
f 2612 6865 6862
f 6865 2610 6868
f 6868 370 2559
f 6867 2559 2560
f 6866 2560 2561
f 2616 2561 371
f 2617 6866 2616
f 6860 2617 2618
f 6869 6873 6872
f 6870 6874 6873
f 6873 6875 6872
f 6874 6876 6873
f 364 6869 2621
f 2498 6870 6869
f 2497 6871 6870
f 2496 2615 6871
f 6871 2614 6874
f 2614 6877 6874
f 2613 2583 6877
f 6877 2584 6876
f 6876 2585 6875
f 6875 379 2619
f 6872 2619 2620
f 2621 6872 2620
f 6879 6881 6878
f 6880 6882 6879
f 6881 6885 6884
f 6882 6886 6885
f 2477 2624 357
f 2476 6878 2477
f 2475 6879 2476
f 356 6880 2475
f 2618 6883 6880
f 6883 2616 6886
f 6886 371 2562
f 6885 2562 2563
f 6884 2563 2564
f 2622 2564 372
f 2623 6884 2622
f 6878 2623 2624
f 6887 6891 6890
f 6888 6892 6891
f 6891 6893 6890
f 6892 6894 6891
f 365 6887 2627
f 2501 6888 6887
f 2500 6889 6888
f 2499 2621 6889
f 6889 2620 6892
f 2620 6895 6892
f 2619 2586 6895
f 6895 2587 6894
f 6894 2588 6893
f 6893 380 2625
f 6890 2625 2626
f 2627 6890 2626
f 6897 6899 6896
f 6898 6900 6897
f 6899 6903 6902
f 6900 6904 6903
f 2480 2630 358
f 2479 6896 2480
f 2478 6897 2479
f 357 6898 2478
f 2624 6901 6898
f 6901 2622 6904
f 6904 372 2565
f 6903 2565 2566
f 6902 2566 2567
f 2628 2567 373
f 2629 6902 2628
f 6896 2629 2630
f 6905 6909 6908
f 6906 6910 6909
f 6909 6911 6908
f 6910 6912 6909
f 366 6905 2633
f 2504 6906 6905
f 2503 6907 6906
f 2502 2627 6907
f 6907 2626 6910
f 2626 6913 6910
f 2625 2589 6913
f 6913 2590 6912
f 6912 2591 6911
f 6911 381 2631
f 6908 2631 2632
f 2633 6908 2632
f 6915 6917 6914
f 6916 6918 6915
f 6917 6921 6920
f 6918 6922 6921
f 2483 2636 359
f 2482 6914 2483
f 2481 6915 2482
f 358 6916 2481
f 2630 6919 6916
f 6919 2628 6922
f 6922 373 2568
f 6921 2568 2569
f 6920 2569 2570
f 2634 2570 374
f 2635 6920 2634
f 6914 2635 2636
f 6923 6927 6926
f 6924 6928 6927
f 6927 6929 6926
f 6928 6930 6927
f 367 6923 2639
f 2507 6924 6923
f 2506 6925 6924
f 2505 2633 6925
f 6925 2632 6928
f 2632 6931 6928
f 2631 2592 6931
f 6931 2593 6930
f 6930 2594 6929
f 6929 382 2637
f 6926 2637 2638
f 2639 6926 2638
f 6933 6935 6932
f 6934 6936 6933
f 6935 6939 6938
f 6936 6940 6939
f 2486 2642 360
f 2485 6932 2486
f 2484 6933 2485
f 359 6934 2484
f 2636 6937 6934
f 6937 2634 6940
f 6940 374 2571
f 6939 2571 2572
f 6938 2572 2573
f 2640 2573 375
f 2641 6938 2640
f 6932 2641 2642
f 6942 6944 6941
f 6943 6945 6942
f 6944 6948 6947
f 6945 6949 6948
f 2510 2601 368
f 2509 6941 2510
f 2508 6942 2509
f 367 6943 2508
f 2639 6946 6943
f 6946 2637 6949
f 6949 382 2595
f 6948 2595 2596
f 6947 2596 2597
f 2603 2597 383
f 2602 6947 2603
f 6941 2602 2601
f 6951 6953 6950
f 6952 6954 6951
f 6953 6957 6956
f 6954 6958 6957
f 2489 2607 361
f 2488 6950 2489
f 2487 6951 2488
f 360 6952 2487
f 2642 6955 6952
f 6955 2640 6958
f 6958 375 2574
f 6957 2574 2575
f 6956 2575 2576
f 2609 2576 376
f 2608 6956 2609
f 6950 2608 2607
f 6960 6962 6959
f 6961 6963 6960
f 6962 6966 6965
f 6963 6967 6966
f 2567 2687 373
f 2566 6959 2567
f 2565 6960 2566
f 372 6961 2565
f 2688 6964 6961
f 6964 2690 6967
f 6967 387 2652
f 6966 2652 2653
f 6965 2653 2654
f 2685 2654 388
f 2686 6965 2685
f 6959 2686 2687
f 6968 6972 6971
f 6969 6973 6972
f 6972 6974 6971
f 6973 6975 6972
f 381 6968 2693
f 2591 6969 6968
f 2590 6970 6969
f 2589 2694 6970
f 6970 2695 6973
f 2695 6976 6973
f 2696 2676 6976
f 6976 2677 6975
f 6975 2678 6974
f 6974 396 2691
f 6971 2691 2692
f 2693 6971 2692
f 6978 6980 6977
f 6979 6981 6978
f 6980 6984 6983
f 6981 6985 6984
f 2570 2699 374
f 2569 6977 2570
f 2568 6978 2569
f 373 6979 2568
f 2687 6982 6979
f 6982 2685 6985
f 6985 388 2655
f 6984 2655 2656
f 6983 2656 2657
f 2697 2657 389
f 2698 6983 2697
f 6977 2698 2699
f 6986 6990 6989
f 6987 6991 6990
f 6990 6992 6989
f 6991 6993 6990
f 382 6986 2702
f 2594 6987 6986
f 2593 6988 6987
f 2592 2693 6988
f 6988 2692 6991
f 2692 6994 6991
f 2691 2679 6994
f 6994 2680 6993
f 6993 2681 6992
f 6992 397 2700
f 6989 2700 2701
f 2702 6989 2701
f 6996 6998 6995
f 6997 6999 6996
f 6998 7002 7001
f 6999 7003 7002
f 2573 2705 375
f 2572 6995 2573
f 2571 6996 2572
f 374 6997 2571
f 2699 7000 6997
f 7000 2697 7003
f 7003 389 2658
f 7002 2658 2659
f 7001 2659 2660
f 2703 2660 390
f 2704 7001 2703
f 6995 2704 2705
f 7005 7007 7004
f 7006 7008 7005
f 7007 7011 7010
f 7008 7012 7011
f 2597 2708 383
f 2596 7004 2597
f 2595 7005 2596
f 382 7006 2595
f 2702 7009 7006
f 7009 2700 7012
f 7012 397 2682
f 7011 2682 2683
f 7010 2683 2684
f 2706 2684 398
f 2707 7010 2706
f 7004 2707 2708
f 7014 7016 7013
f 7015 7017 7014
f 7016 7020 7019
f 7017 7021 7020
f 2576 2711 376
f 2575 7013 2576
f 2574 7014 2575
f 375 7015 2574
f 2705 7018 7015
f 7018 2703 7021
f 7021 390 2661
f 7020 2661 2662
f 7019 2662 2663
f 2709 2663 391
f 2710 7019 2709
f 7013 2710 2711
f 7023 7022 7028
f 7026 7024 7025
f 7027 7022 7026
f 369 7023 2714
f 3401 7024 7023
f 2714 7028 2713
f 3405 3399 82
f 3406 7025 3405
f 7025 3400 3399
f 384 7027 3407
f 2712 7028 7027
f 3407 7026 3406
f 7031 7035 7030
f 7032 7029 7031
f 7034 7029 7033
f 3404 3410 308
f 3403 7030 3404
f 7030 3409 3410
f 383 7032 3402
f 2708 7033 7032
f 3402 7031 3403
f 398 7034 2706
f 3408 7035 7034
f 2706 7033 2707
f 7036 7040 7039
f 7037 7041 7040
f 7040 7042 7039
f 7041 7043 7040
f 377 7036 2717
f 2579 7037 7036
f 2578 7038 7037
f 2577 2711 7038
f 7038 2710 7041
f 2710 7044 7041
f 2709 2664 7044
f 7044 2665 7043
f 7043 2666 7042
f 7042 392 2715
f 7039 2715 2716
f 2717 7039 2716
f 7045 7049 7048
f 7046 7050 7049
f 7049 7051 7048
f 7050 7052 7049
f 370 7045 2720
f 2558 7046 7045
f 2557 7047 7046
f 2556 2714 7047
f 7047 2713 7050
f 2713 7053 7050
f 2712 2643 7053
f 7053 2644 7052
f 7052 2645 7051
f 7051 385 2718
f 7048 2718 2719
f 2720 7048 2719
f 7054 7058 7057
f 7055 7059 7058
f 7058 7060 7057
f 7059 7061 7058
f 378 7054 2723
f 2582 7055 7054
f 2581 7056 7055
f 2580 2717 7056
f 7056 2716 7059
f 2716 7062 7059
f 2715 2667 7062
f 7062 2668 7061
f 7061 2669 7060
f 7060 393 2721
f 7057 2721 2722
f 2723 7057 2722
f 7064 7066 7063
f 7065 7067 7064
f 7066 7070 7069
f 7067 7071 7070
f 2561 2726 371
f 2560 7063 2561
f 2559 7064 2560
f 370 7065 2559
f 2720 7068 7065
f 7068 2718 7071
f 7071 385 2646
f 7070 2646 2647
f 7069 2647 2648
f 2724 2648 386
f 2725 7069 2724
f 7063 2725 2726
f 7072 7076 7075
f 7073 7077 7076
f 7076 7078 7075
f 7077 7079 7076
f 379 7072 2729
f 2585 7073 7072
f 2584 7074 7073
f 2583 2723 7074
f 7074 2722 7077
f 2722 7080 7077
f 2721 2670 7080
f 7080 2671 7079
f 7079 2672 7078
f 7078 394 2727
f 7075 2727 2728
f 2729 7075 2728
f 7082 7084 7081
f 7083 7085 7082
f 7084 7088 7087
f 7085 7089 7088
f 2564 2688 372
f 2563 7081 2564
f 2562 7082 2563
f 371 7083 2562
f 2726 7086 7083
f 7086 2724 7089
f 7089 386 2649
f 7088 2649 2650
f 7087 2650 2651
f 2690 2651 387
f 2689 7087 2690
f 7081 2689 2688
f 7090 7094 7093
f 7091 7095 7094
f 7094 7096 7093
f 7095 7097 7094
f 380 7090 2694
f 2588 7091 7090
f 2587 7092 7091
f 2586 2729 7092
f 7092 2728 7095
f 2728 7098 7095
f 2727 2673 7098
f 7098 2674 7097
f 7097 2675 7096
f 7096 395 2696
f 7093 2696 2695
f 2694 7093 2695
f 7099 7103 7102
f 7100 7104 7103
f 7103 7105 7102
f 7104 7106 7103
f 392 7099 2774
f 2666 7100 7099
f 2665 7101 7100
f 2664 2775 7101
f 7101 2776 7104
f 2776 7107 7104
f 2777 2751 7107
f 7107 2752 7106
f 7106 2753 7105
f 7105 407 2772
f 7102 2772 2773
f 2774 7102 2773
f 7108 7112 7111
f 7109 7113 7112
f 7112 7114 7111
f 7113 7115 7112
f 385 7108 2780
f 2645 7109 7108
f 2644 7110 7109
f 2643 2781 7110
f 7110 2782 7113
f 2782 7116 7113
f 2783 2730 7116
f 7116 2731 7115
f 7115 2732 7114
f 7114 400 2778
f 7111 2778 2779
f 2780 7111 2779
f 7117 7121 7120
f 7118 7122 7121
f 7121 7123 7120
f 7122 7124 7121
f 393 7117 2786
f 2669 7118 7117
f 2668 7119 7118
f 2667 2774 7119
f 7119 2773 7122
f 2773 7125 7122
f 2772 2754 7125
f 7125 2755 7124
f 7124 2756 7123
f 7123 408 2784
f 7120 2784 2785
f 2786 7120 2785
f 7127 7129 7126
f 7128 7130 7127
f 7129 7133 7132
f 7130 7134 7133
f 2648 2789 386
f 2647 7126 2648
f 2646 7127 2647
f 385 7128 2646
f 2780 7131 7128
f 7131 2778 7134
f 7134 400 2733
f 7133 2733 2734
f 7132 2734 2735
f 2787 2735 401
f 2788 7132 2787
f 7126 2788 2789
f 7135 7139 7138
f 7136 7140 7139
f 7139 7141 7138
f 7140 7142 7139
f 394 7135 2792
f 2672 7136 7135
f 2671 7137 7136
f 2670 2786 7137
f 7137 2785 7140
f 2785 7143 7140
f 2784 2757 7143
f 7143 2758 7142
f 7142 2759 7141
f 7141 409 2790
f 7138 2790 2791
f 2792 7138 2791
f 7145 7147 7144
f 7146 7148 7145
f 7147 7151 7150
f 7148 7152 7151
f 2651 2795 387
f 2650 7144 2651
f 2649 7145 2650
f 386 7146 2649
f 2789 7149 7146
f 7149 2787 7152
f 7152 401 2736
f 7151 2736 2737
f 7150 2737 2738
f 2793 2738 402
f 2794 7150 2793
f 7144 2794 2795
f 7153 7157 7156
f 7154 7158 7157
f 7157 7159 7156
f 7158 7160 7157
f 395 7153 2798
f 2675 7154 7153
f 2674 7155 7154
f 2673 2792 7155
f 7155 2791 7158
f 2791 7161 7158
f 2790 2760 7161
f 7161 2761 7160
f 7160 2762 7159
f 7159 410 2796
f 7156 2796 2797
f 2798 7156 2797
f 7163 7165 7162
f 7164 7166 7163
f 7165 7169 7168
f 7166 7170 7169
f 2654 2801 388
f 2653 7162 2654
f 2652 7163 2653
f 387 7164 2652
f 2795 7167 7164
f 7167 2793 7170
f 7170 402 2739
f 7169 2739 2740
f 7168 2740 2741
f 2799 2741 403
f 2800 7168 2799
f 7162 2800 2801
f 7171 7175 7174
f 7172 7176 7175
f 7175 7177 7174
f 7176 7178 7175
f 396 7171 2804
f 2678 7172 7171
f 2677 7173 7172
f 2676 2798 7173
f 7173 2797 7176
f 2797 7179 7176
f 2796 2763 7179
f 7179 2764 7178
f 7178 2765 7177
f 7177 411 2802
f 7174 2802 2803
f 2804 7174 2803
f 7181 7183 7180
f 7182 7184 7181
f 7183 7187 7186
f 7184 7188 7187
f 2657 2807 389
f 2656 7180 2657
f 2655 7181 2656
f 388 7182 2655
f 2801 7185 7182
f 7185 2799 7188
f 7188 403 2742
f 7187 2742 2743
f 7186 2743 2744
f 2805 2744 404
f 2806 7186 2805
f 7180 2806 2807
f 7189 7193 7192
f 7190 7194 7193
f 7193 7195 7192
f 7194 7196 7193
f 397 7189 2810
f 2681 7190 7189
f 2680 7191 7190
f 2679 2804 7191
f 7191 2803 7194
f 2803 7197 7194
f 2802 2766 7197
f 7197 2767 7196
f 7196 2768 7195
f 7195 412 2808
f 7192 2808 2809
f 2810 7192 2809
f 7199 7201 7198
f 7200 7202 7199
f 7201 7205 7204
f 7202 7206 7205
f 2660 2813 390
f 2659 7198 2660
f 2658 7199 2659
f 389 7200 2658
f 2807 7203 7200
f 7203 2805 7206
f 7206 404 2745
f 7205 2745 2746
f 7204 2746 2747
f 2811 2747 405
f 2812 7204 2811
f 7198 2812 2813
f 7208 7210 7207
f 7209 7211 7208
f 7210 7214 7213
f 7211 7215 7214
f 2684 2816 398
f 2683 7207 2684
f 2682 7208 2683
f 397 7209 2682
f 2810 7212 7209
f 7212 2808 7215
f 7215 412 2769
f 7214 2769 2770
f 7213 2770 2771
f 2814 2771 413
f 2815 7213 2814
f 7207 2815 2816
f 7217 7219 7216
f 7218 7220 7217
f 7219 7223 7222
f 7220 7224 7223
f 2663 2775 391
f 2662 7216 2663
f 2661 7217 2662
f 390 7218 2661
f 2813 7221 7218
f 7221 2811 7224
f 7224 405 2748
f 7223 2748 2749
f 7222 2749 2750
f 2777 2750 406
f 2776 7222 2777
f 7216 2776 2775
f 7226 7225 7231
f 7229 7227 7228
f 7230 7225 7229
f 384 7226 2781
f 3407 7227 7226
f 2781 7231 2782
f 3411 3405 82
f 3412 7228 3411
f 7228 3406 3405
f 399 7230 3413
f 2783 7231 7230
f 3413 7229 3412
f 7234 7238 7233
f 7235 7232 7234
f 7237 7232 7236
f 3410 3416 308
f 3409 7233 3410
f 7233 3415 3416
f 398 7235 3408
f 2816 7236 7235
f 3408 7234 3409
f 413 7237 2814
f 3414 7238 7237
f 2814 7236 2815
f 7239 7243 7242
f 7240 7244 7243
f 7243 7245 7242
f 7244 7246 7243
f 411 7239 2861
f 2765 7240 7239
f 2764 7241 7240
f 2763 2862 7241
f 7241 2863 7244
f 2863 7247 7244
f 2864 2850 7247
f 7247 2851 7246
f 7246 2852 7245
f 7245 426 2859
f 7242 2859 2860
f 2861 7242 2860
f 7249 7251 7248
f 7250 7252 7249
f 7251 7255 7254
f 7252 7256 7255
f 2744 2867 404
f 2743 7248 2744
f 2742 7249 2743
f 403 7250 2742
f 2868 7253 7250
f 7253 2870 7256
f 7256 418 2829
f 7255 2829 2830
f 7254 2830 2831
f 2865 2831 419
f 2866 7254 2865
f 7248 2866 2867
f 7257 7261 7260
f 7258 7262 7261
f 7261 7263 7260
f 7262 7264 7261
f 412 7257 2873
f 2768 7258 7257
f 2767 7259 7258
f 2766 2861 7259
f 7259 2860 7262
f 2860 7265 7262
f 2859 2853 7265
f 7265 2854 7264
f 7264 2855 7263
f 7263 427 2871
f 7260 2871 2872
f 2873 7260 2872
f 7267 7269 7266
f 7268 7270 7267
f 7269 7273 7272
f 7270 7274 7273
f 2747 2876 405
f 2746 7266 2747
f 2745 7267 2746
f 404 7268 2745
f 2867 7271 7268
f 7271 2865 7274
f 7274 419 2832
f 7273 2832 2833
f 7272 2833 2834
f 2874 2834 420
f 2875 7272 2874
f 7266 2875 2876
f 7276 7278 7275
f 7277 7279 7276
f 7278 7282 7281
f 7279 7283 7282
f 2771 2879 413
f 2770 7275 2771
f 2769 7276 2770
f 412 7277 2769
f 2873 7280 7277
f 7280 2871 7283
f 7283 427 2856
f 7282 2856 2857
f 7281 2857 2858
f 2877 2858 428
f 2878 7281 2877
f 7275 2878 2879
f 7285 7287 7284
f 7286 7288 7285
f 7287 7291 7290
f 7288 7292 7291
f 2750 2882 406
f 2749 7284 2750
f 2748 7285 2749
f 405 7286 2748
f 2876 7289 7286
f 7289 2874 7292
f 7292 420 2835
f 7291 2835 2836
f 7290 2836 2837
f 2880 2837 421
f 2881 7290 2880
f 7284 2881 2882
f 7294 7293 7299
f 7297 7295 7296
f 7298 7293 7297
f 399 7294 2885
f 3413 7295 7294
f 2885 7299 2884
f 3417 3411 82
f 3418 7296 3417
f 7296 3412 3411
f 414 7298 3419
f 2883 7299 7298
f 3419 7297 3418
f 7302 7306 7301
f 7303 7300 7302
f 7305 7300 7304
f 3416 3422 308
f 3415 7301 3416
f 7301 3421 3422
f 413 7303 3414
f 2879 7304 7303
f 3414 7302 3415
f 428 7305 2877
f 3420 7306 7305
f 2877 7304 2878
f 7307 7311 7310
f 7308 7312 7311
f 7311 7313 7310
f 7312 7314 7311
f 407 7307 2888
f 2753 7308 7307
f 2752 7309 7308
f 2751 2882 7309
f 7309 2881 7312
f 2881 7315 7312
f 2880 2838 7315
f 7315 2839 7314
f 7314 2840 7313
f 7313 422 2886
f 7310 2886 2887
f 2888 7310 2887
f 7316 7320 7319
f 7317 7321 7320
f 7320 7322 7319
f 7321 7323 7320
f 400 7316 2891
f 2732 7317 7316
f 2731 7318 7317
f 2730 2885 7318
f 7318 2884 7321
f 2884 7324 7321
f 2883 2817 7324
f 7324 2818 7323
f 7323 2819 7322
f 7322 415 2889
f 7319 2889 2890
f 2891 7319 2890
f 7325 7329 7328
f 7326 7330 7329
f 7329 7331 7328
f 7330 7332 7329
f 408 7325 2894
f 2756 7326 7325
f 2755 7327 7326
f 2754 2888 7327
f 7327 2887 7330
f 2887 7333 7330
f 2886 2841 7333
f 7333 2842 7332
f 7332 2843 7331
f 7331 423 2892
f 7328 2892 2893
f 2894 7328 2893
f 7335 7337 7334
f 7336 7338 7335
f 7337 7341 7340
f 7338 7342 7341
f 2735 2897 401
f 2734 7334 2735
f 2733 7335 2734
f 400 7336 2733
f 2891 7339 7336
f 7339 2889 7342
f 7342 415 2820
f 7341 2820 2821
f 7340 2821 2822
f 2895 2822 416
f 2896 7340 2895
f 7334 2896 2897
f 7343 7347 7346
f 7344 7348 7347
f 7347 7349 7346
f 7348 7350 7347
f 409 7343 2900
f 2759 7344 7343
f 2758 7345 7344
f 2757 2894 7345
f 7345 2893 7348
f 2893 7351 7348
f 2892 2844 7351
f 7351 2845 7350
f 7350 2846 7349
f 7349 424 2898
f 7346 2898 2899
f 2900 7346 2899
f 7353 7355 7352
f 7354 7356 7353
f 7355 7359 7358
f 7356 7360 7359
f 2738 2903 402
f 2737 7352 2738
f 2736 7353 2737
f 401 7354 2736
f 2897 7357 7354
f 7357 2895 7360
f 7360 416 2823
f 7359 2823 2824
f 7358 2824 2825
f 2901 2825 417
f 2902 7358 2901
f 7352 2902 2903
f 7361 7365 7364
f 7362 7366 7365
f 7365 7367 7364
f 7366 7368 7365
f 410 7361 2862
f 2762 7362 7361
f 2761 7363 7362
f 2760 2900 7363
f 7363 2899 7366
f 2899 7369 7366
f 2898 2847 7369
f 7369 2848 7368
f 7368 2849 7367
f 7367 425 2864
f 7364 2864 2863
f 2862 7364 2863
f 7371 7373 7370
f 7372 7374 7371
f 7373 7377 7376
f 7374 7378 7377
f 2741 2868 403
f 2740 7370 2741
f 2739 7371 2740
f 402 7372 2739
f 2903 7375 7372
f 7375 2901 7378
f 7378 417 2826
f 7377 2826 2827
f 7376 2827 2828
f 2870 2828 418
f 2869 7376 2870
f 7370 2869 2868
f 7379 7383 7382
f 7380 7384 7383
f 7383 7385 7382
f 7384 7386 7383
f 423 7379 2948
f 2843 7380 7379
f 2842 7381 7380
f 2841 2949 7381
f 7381 2950 7384
f 2950 7387 7384
f 2951 2928 7387
f 7387 2929 7386
f 7386 2930 7385
f 7385 438 2946
f 7382 2946 2947
f 2948 7382 2947
f 7389 7391 7388
f 7390 7392 7389
f 7391 7395 7394
f 7392 7396 7395
f 2822 2954 416
f 2821 7388 2822
f 2820 7389 2821
f 415 7390 2820
f 2955 7393 7390
f 7393 2957 7396
f 7396 430 2907
f 7395 2907 2908
f 7394 2908 2909
f 2952 2909 431
f 2953 7394 2952
f 7388 2953 2954
f 7397 7401 7400
f 7398 7402 7401
f 7401 7403 7400
f 7402 7404 7401
f 424 7397 2960
f 2846 7398 7397
f 2845 7399 7398
f 2844 2948 7399
f 7399 2947 7402
f 2947 7405 7402
f 2946 2931 7405
f 7405 2932 7404
f 7404 2933 7403
f 7403 439 2958
f 7400 2958 2959
f 2960 7400 2959
f 7407 7409 7406
f 7408 7410 7407
f 7409 7413 7412
f 7410 7414 7413
f 2825 2963 417
f 2824 7406 2825
f 2823 7407 2824
f 416 7408 2823
f 2954 7411 7408
f 7411 2952 7414
f 7414 431 2910
f 7413 2910 2911
f 7412 2911 2912
f 2961 2912 432
f 2962 7412 2961
f 7406 2962 2963
f 7415 7419 7418
f 7416 7420 7419
f 7419 7421 7418
f 7420 7422 7419
f 425 7415 2966
f 2849 7416 7415
f 2848 7417 7416
f 2847 2960 7417
f 7417 2959 7420
f 2959 7423 7420
f 2958 2934 7423
f 7423 2935 7422
f 7422 2936 7421
f 7421 440 2964
f 7418 2964 2965
f 2966 7418 2965
f 7425 7427 7424
f 7426 7428 7425
f 7427 7431 7430
f 7428 7432 7431
f 2828 2969 418
f 2827 7424 2828
f 2826 7425 2827
f 417 7426 2826
f 2963 7429 7426
f 7429 2961 7432
f 7432 432 2913
f 7431 2913 2914
f 7430 2914 2915
f 2967 2915 433
f 2968 7430 2967
f 7424 2968 2969
f 7433 7437 7436
f 7434 7438 7437
f 7437 7439 7436
f 7438 7440 7437
f 426 7433 2972
f 2852 7434 7433
f 2851 7435 7434
f 2850 2966 7435
f 7435 2965 7438
f 2965 7441 7438
f 2964 2937 7441
f 7441 2938 7440
f 7440 2939 7439
f 7439 441 2970
f 7436 2970 2971
f 2972 7436 2971
f 7443 7445 7442
f 7444 7446 7443
f 7445 7449 7448
f 7446 7450 7449
f 2831 2975 419
f 2830 7442 2831
f 2829 7443 2830
f 418 7444 2829
f 2969 7447 7444
f 7447 2967 7450
f 7450 433 2916
f 7449 2916 2917
f 7448 2917 2918
f 2973 2918 434
f 2974 7448 2973
f 7442 2974 2975
f 7451 7455 7454
f 7452 7456 7455
f 7455 7457 7454
f 7456 7458 7455
f 427 7451 2978
f 2855 7452 7451
f 2854 7453 7452
f 2853 2972 7453
f 7453 2971 7456
f 2971 7459 7456
f 2970 2940 7459
f 7459 2941 7458
f 7458 2942 7457
f 7457 442 2976
f 7454 2976 2977
f 2978 7454 2977
f 7461 7463 7460
f 7462 7464 7461
f 7463 7467 7466
f 7464 7468 7467
f 2834 2981 420
f 2833 7460 2834
f 2832 7461 2833
f 419 7462 2832
f 2975 7465 7462
f 7465 2973 7468
f 7468 434 2919
f 7467 2919 2920
f 7466 2920 2921
f 2979 2921 435
f 2980 7466 2979
f 7460 2980 2981
f 7470 7472 7469
f 7471 7473 7470
f 7472 7476 7475
f 7473 7477 7476
f 2858 2984 428
f 2857 7469 2858
f 2856 7470 2857
f 427 7471 2856
f 2978 7474 7471
f 7474 2976 7477
f 7477 442 2943
f 7476 2943 2944
f 7475 2944 2945
f 2982 2945 443
f 2983 7475 2982
f 7469 2983 2984
f 7479 7481 7478
f 7480 7482 7479
f 7481 7485 7484
f 7482 7486 7485
f 421 7478 2987
f 2836 7478 2837
f 2835 7479 2836
f 420 7480 2835
f 2981 7483 7480
f 7483 2979 7486
f 7486 435 2922
f 7485 2922 2923
f 7484 2923 2924
f 2985 2924 436
f 2986 7484 2985
f 7478 2986 2987
f 7488 7487 7493
f 7491 7489 7490
f 7492 7487 7491
f 414 7488 2990
f 3419 7489 7488
f 2990 7493 2989
f 3423 3417 82
f 3424 7490 3423
f 7490 3418 3417
f 429 7492 3425
f 2988 7493 7492
f 3425 7491 3424
f 7496 7500 7495
f 7497 7494 7496
f 7499 7494 7498
f 3422 3428 308
f 3421 7495 3422
f 7495 3427 3428
f 428 7497 3420
f 2984 7498 7497
f 3420 7496 3421
f 443 7499 2982
f 3426 7500 7499
f 2982 7498 2983
f 7501 7505 7504
f 7502 7506 7505
f 7505 7507 7504
f 7506 7508 7505
f 422 7501 2949
f 2840 7502 7501
f 2839 7503 7502
f 421 7503 2838
f 7503 2986 7506
f 2986 7509 7506
f 2985 2925 7509
f 7509 2926 7508
f 7508 2927 7507
f 7507 437 2951
f 7504 2951 2950
f 2949 7504 2950
f 7510 7514 7513
f 7511 7515 7514
f 7514 7516 7513
f 7515 7517 7514
f 415 7510 2955
f 2819 7511 7510
f 2818 7512 7511
f 2817 2990 7512
f 7512 2989 7515
f 2989 7518 7515
f 2988 2904 7518
f 7518 2905 7517
f 7517 2906 7516
f 7516 430 2957
f 7513 2957 2956
f 2955 7513 2956
f 7519 7523 7522
f 7520 7524 7523
f 7523 7525 7522
f 7524 7526 7523
f 442 7519 3035
f 2942 7520 7519
f 2941 7521 7520
f 2940 3036 7521
f 7521 3037 7524
f 3037 7527 7524
f 3038 3027 7527
f 7527 3028 7526
f 7526 3029 7525
f 7525 457 3033
f 7522 3033 3034
f 3035 7522 3034
f 7529 7531 7528
f 7530 7532 7529
f 7531 7535 7534
f 7532 7536 7535
f 2921 3041 435
f 2920 7528 2921
f 2919 7529 2920
f 434 7530 2919
f 3042 7533 7530
f 7533 3044 7536
f 7536 449 3006
f 7535 3006 3007
f 7534 3007 3008
f 3039 3008 450
f 3040 7534 3039
f 7528 3040 3041
f 7538 7540 7537
f 7539 7541 7538
f 7540 7544 7543
f 7541 7545 7544
f 2945 3047 443
f 2944 7537 2945
f 2943 7538 2944
f 442 7539 2943
f 3035 7542 7539
f 7542 3033 7545
f 7545 457 3030
f 7544 3030 3031
f 7543 3031 3032
f 3045 3032 458
f 3046 7543 3045
f 7537 3046 3047
f 7547 7549 7546
f 7548 7550 7547
f 7549 7553 7552
f 7550 7554 7553
f 2924 3050 436
f 2923 7546 2924
f 2922 7547 2923
f 435 7548 2922
f 3041 7551 7548
f 7551 3039 7554
f 7554 450 3009
f 7553 3009 3010
f 7552 3010 3011
f 3048 3011 451
f 3049 7552 3048
f 3050 7549 3049
f 7556 7555 7561
f 7559 7557 7558
f 7560 7555 7559
f 429 7556 3053
f 3425 7557 7556
f 3053 7561 3052
f 3429 3423 82
f 3430 7558 3429
f 7558 3424 3423
f 444 7560 3431
f 3051 7561 7560
f 3431 7559 3430
f 7564 7568 7563
f 7565 7562 7564
f 7567 7562 7566
f 3428 3434 308
f 3427 7563 3428
f 7563 3433 3434
f 443 7565 3426
f 3047 7566 7565
f 3426 7564 3427
f 458 7567 3045
f 3432 7568 7567
f 3045 7566 3046
f 7569 7573 7572
f 7570 7574 7573
f 7573 7575 7572
f 7574 7576 7573
f 437 7569 3056
f 2927 7570 7569
f 2926 7571 7570
f 436 7571 2925
f 3050 7574 7571
f 3049 7577 7574
f 3048 3012 7577
f 7577 3013 7576
f 7576 3014 7575
f 7575 452 3054
f 7572 3054 3055
f 3056 7572 3055
f 7578 7582 7581
f 7579 7583 7582
f 7582 7584 7581
f 7583 7585 7582
f 430 7578 3059
f 2906 7579 7578
f 2905 7580 7579
f 2904 3053 7580
f 7580 3052 7583
f 3052 7586 7583
f 3051 2991 7586
f 7586 2992 7585
f 7585 2993 7584
f 7584 445 3057
f 7581 3057 3058
f 3059 7581 3058
f 7587 7591 7590
f 7588 7592 7591
f 7591 7593 7590
f 7592 7594 7591
f 438 7587 3062
f 2930 7588 7587
f 2929 7589 7588
f 2928 3056 7589
f 7589 3055 7592
f 3055 7595 7592
f 3054 3015 7595
f 7595 3016 7594
f 7594 3017 7593
f 7593 453 3060
f 7590 3060 3061
f 3062 7590 3061
f 7597 7599 7596
f 7598 7600 7597
f 7599 7603 7602
f 7600 7604 7603
f 2909 3065 431
f 2908 7596 2909
f 2907 7597 2908
f 430 7598 2907
f 3059 7601 7598
f 7601 3057 7604
f 7604 445 2994
f 7603 2994 2995
f 7602 2995 2996
f 3063 2996 446
f 3064 7602 3063
f 7596 3064 3065
f 7605 7609 7608
f 7606 7610 7609
f 7609 7611 7608
f 7610 7612 7609
f 439 7605 3068
f 2933 7606 7605
f 2932 7607 7606
f 2931 3062 7607
f 7607 3061 7610
f 3061 7613 7610
f 3060 3018 7613
f 7613 3019 7612
f 7612 3020 7611
f 7611 454 3066
f 7608 3066 3067
f 3068 7608 3067
f 7615 7617 7614
f 7616 7618 7615
f 7617 7621 7620
f 7618 7622 7621
f 2912 3071 432
f 2911 7614 2912
f 2910 7615 2911
f 431 7616 2910
f 3065 7619 7616
f 7619 3063 7622
f 7622 446 2997
f 7621 2997 2998
f 7620 2998 2999
f 3069 2999 447
f 3070 7620 3069
f 7614 3070 3071
f 7623 7627 7626
f 7624 7628 7627
f 7627 7629 7626
f 7628 7630 7627
f 440 7623 3074
f 2936 7624 7623
f 2935 7625 7624
f 2934 3068 7625
f 7625 3067 7628
f 3067 7631 7628
f 3066 3021 7631
f 7631 3022 7630
f 7630 3023 7629
f 7629 455 3072
f 7626 3072 3073
f 3074 7626 3073
f 7633 7635 7632
f 7634 7636 7633
f 7635 7639 7638
f 7636 7640 7639
f 2915 3077 433
f 2914 7632 2915
f 2913 7633 2914
f 432 7634 2913
f 3071 7637 7634
f 7637 3069 7640
f 7640 447 3000
f 7639 3000 3001
f 7638 3001 3002
f 3075 3002 448
f 3076 7638 3075
f 7632 3076 3077
f 7641 7645 7644
f 7642 7646 7645
f 7645 7647 7644
f 7646 7648 7645
f 441 7641 3036
f 2939 7642 7641
f 2938 7643 7642
f 2937 3074 7643
f 7643 3073 7646
f 3073 7649 7646
f 3072 3024 7649
f 7649 3025 7648
f 7648 3026 7647
f 7647 456 3038
f 7644 3038 3037
f 3036 7644 3037
f 7651 7653 7650
f 7652 7654 7651
f 7653 7657 7656
f 7654 7658 7657
f 2918 3042 434
f 2917 7650 2918
f 2916 7651 2917
f 433 7652 2916
f 3077 7655 7652
f 7655 3075 7658
f 7658 448 3003
f 7657 3003 3004
f 7656 3004 3005
f 3044 3005 449
f 3043 7656 3044
f 7650 3043 3042
f 7660 7662 7659
f 7661 7663 7660
f 7662 7666 7665
f 7663 7667 7666
f 2996 3122 446
f 2995 7659 2996
f 2994 7660 2995
f 445 7661 2994
f 3123 7664 7661
f 7664 3125 7667
f 7667 460 3081
f 7666 3081 3082
f 7665 3082 3083
f 3120 3083 461
f 3121 7665 3120
f 7659 3121 3122
f 7668 7672 7671
f 7669 7673 7672
f 7672 7674 7671
f 7673 7675 7672
f 454 7668 3128
f 3020 7669 7668
f 3019 7670 7669
f 3018 3129 7670
f 7670 3130 7673
f 3130 7676 7673
f 3131 3105 7676
f 7676 3106 7675
f 7675 3107 7674
f 7674 469 3126
f 7671 3126 3127
f 3128 7671 3127
f 7678 7680 7677
f 7679 7681 7678
f 7680 7684 7683
f 7681 7685 7684
f 2999 3134 447
f 2998 7677 2999
f 2997 7678 2998
f 446 7679 2997
f 3122 7682 7679
f 7682 3120 7685
f 7685 461 3084
f 7684 3084 3085
f 7683 3085 3086
f 3132 3086 462
f 3133 7683 3132
f 7677 3133 3134
f 7686 7690 7689
f 7687 7691 7690
f 7690 7692 7689
f 7691 7693 7690
f 455 7686 3137
f 3023 7687 7686
f 3022 7688 7687
f 3021 3128 7688
f 7688 3127 7691
f 3127 7694 7691
f 3126 3108 7694
f 7694 3109 7693
f 7693 3110 7692
f 7692 470 3135
f 7689 3135 3136
f 3137 7689 3136
f 7696 7698 7695
f 7697 7699 7696
f 7698 7702 7701
f 7699 7703 7702
f 3002 3140 448
f 3001 7695 3002
f 3000 7696 3001
f 447 7697 3000
f 3134 7700 7697
f 7700 3132 7703
f 7703 462 3087
f 7702 3087 3088
f 7701 3088 3089
f 3138 3089 463
f 3139 7701 3138
f 7695 3139 3140
f 7704 7708 7707
f 7705 7709 7708
f 7708 7710 7707
f 7709 7711 7708
f 456 7704 3143
f 3026 7705 7704
f 3025 7706 7705
f 3024 3137 7706
f 7706 3136 7709
f 3136 7712 7709
f 3135 3111 7712
f 7712 3112 7711
f 7711 3113 7710
f 7710 471 3141
f 7707 3141 3142
f 3143 7707 3142
f 7714 7716 7713
f 7715 7717 7714
f 7716 7720 7719
f 7717 7721 7720
f 3005 3146 449
f 3004 7713 3005
f 3003 7714 3004
f 448 7715 3003
f 3140 7718 7715
f 7718 3138 7721
f 7721 463 3090
f 7720 3090 3091
f 7719 3091 3092
f 3144 3092 464
f 3145 7719 3144
f 7713 3145 3146
f 7722 7726 7725
f 7723 7727 7726
f 7726 7728 7725
f 7727 7729 7726
f 457 7722 3149
f 3029 7723 7722
f 3028 7724 7723
f 3027 3143 7724
f 7724 3142 7727
f 3142 7730 7727
f 3141 3114 7730
f 7730 3115 7729
f 7729 3116 7728
f 7728 472 3147
f 7725 3147 3148
f 3149 7725 3148
f 7732 7734 7731
f 7733 7735 7732
f 7734 7738 7737
f 7735 7739 7738
f 3008 3152 450
f 3007 7731 3008
f 3006 7732 3007
f 449 7733 3006
f 3146 7736 7733
f 7736 3144 7739
f 7739 464 3093
f 7738 3093 3094
f 7737 3094 3095
f 3150 3095 465
f 3151 7737 3150
f 7731 3151 3152
f 7741 7743 7740
f 7742 7744 7741
f 7743 7747 7746
f 7744 7748 7747
f 3032 3155 458
f 3031 7740 3032
f 3030 7741 3031
f 457 7742 3030
f 3149 7745 7742
f 7745 3147 7748
f 7748 472 3117
f 7747 3117 3118
f 7746 3118 3119
f 3153 3119 473
f 3154 7746 3153
f 7740 3154 3155
f 7750 7752 7749
f 7751 7753 7750
f 7752 7756 7755
f 7753 7757 7756
f 3011 3158 451
f 3010 7749 3011
f 3009 7750 3010
f 450 7751 3009
f 3152 7754 7751
f 7754 3150 7757
f 7757 465 3096
f 7756 3096 3097
f 7755 3097 3098
f 3156 3098 466
f 3157 7755 3156
f 3158 7752 3157
f 7759 7758 7764
f 7762 7760 7761
f 7763 7758 7762
f 444 7759 3161
f 3431 7760 7759
f 3161 7764 3160
f 3435 3429 82
f 3436 7761 3435
f 7761 3430 3429
f 459 7763 3437
f 3159 7764 7763
f 3437 7762 3436
f 7767 7771 7766
f 7768 7765 7767
f 7770 7765 7769
f 3434 3440 308
f 3433 7766 3434
f 7766 3439 3440
f 458 7768 3432
f 3155 7769 7768
f 3432 7767 3433
f 473 7770 3153
f 3438 7771 7770
f 3153 7769 3154
f 7772 7776 7775
f 7773 7777 7776
f 7776 7778 7775
f 7777 7779 7776
f 452 7772 3164
f 3014 7773 7772
f 3013 7774 7773
f 3012 3158 7774
f 3158 7777 7774
f 3157 7780 7777
f 3156 3099 7780
f 7780 3100 7779
f 7779 3101 7778
f 7778 467 3162
f 7775 3162 3163
f 3164 7775 3163
f 7781 7785 7784
f 7782 7786 7785
f 7785 7787 7784
f 7786 7788 7785
f 445 7781 3123
f 2993 7782 7781
f 2992 7783 7782
f 2991 3161 7783
f 7783 3160 7786
f 3160 7789 7786
f 3159 3078 7789
f 7789 3079 7788
f 7788 3080 7787
f 7787 460 3125
f 7784 3125 3124
f 3123 7784 3124
f 7790 7794 7793
f 7791 7795 7794
f 7794 7796 7793
f 7795 7797 7794
f 453 7790 3129
f 3017 7791 7790
f 3016 7792 7791
f 3015 3164 7792
f 7792 3163 7795
f 3163 7798 7795
f 3162 3102 7798
f 7798 3103 7797
f 7797 3104 7796
f 7796 468 3131
f 7793 3131 3130
f 3129 7793 3130
f 7800 7802 7799
f 7801 7803 7800
f 7802 7806 7805
f 7803 7807 7806
f 3095 3443 465
f 3094 7799 3095
f 3093 7800 3094
f 464 7801 3093
f 3177 7804 7801
f 7804 3179 7807
f 7807 477 3219
f 7806 3219 3220
f 7805 3220 3221
f 3441 3221 3
f 3442 7805 3441
f 7799 3442 3443
f 7809 7811 7808
f 7810 7812 7809
f 7811 7815 7814
f 7812 7816 7815
f 3119 3182 473
f 3118 7808 3119
f 3117 7809 3118
f 472 7810 3117
f 3183 7813 7810
f 7813 3185 7816
f 7816 481 3174
f 7815 3174 3175
f 7814 3175 3176
f 3180 3176 482
f 3181 7814 3180
f 7808 3181 3182
f 7818 7820 7817
f 7819 7821 7818
f 7820 7824 7823
f 7821 7825 7824
f 3098 3446 466
f 3097 7817 3098
f 3096 7818 3097
f 465 7819 3096
f 3443 7822 7819
f 7822 3441 7825
f 7825 3 483
f 7824 483 484
f 7823 484 485
f 3444 485 4
f 3445 7823 3444
f 7817 3445 3446
f 7827 7826 7832
f 7830 7828 7829
f 7831 7826 7830
f 459 7827 3188
f 3437 7828 7827
f 3188 7832 3187
f 3204 3435 82
f 3205 7829 3204
f 7829 3436 3435
f 474 7831 3206
f 3186 7832 7831
f 3206 7830 3205
f 7835 7839 7834
f 7836 7833 7835
f 7838 7833 7837
f 3440 3233 308
f 3439 7834 3440
f 7834 3232 3233
f 473 7836 3438
f 3182 7837 7836
f 3438 7835 3439
f 482 7838 3180
f 3231 7839 7838
f 3180 7837 3181
f 7840 7844 7843
f 7841 7845 7844
f 7844 7846 7843
f 7845 7847 7844
f 467 7840 3449
f 3101 7841 7840
f 3100 7842 7841
f 3099 3446 7842
f 7842 3445 7845
f 3445 7848 7845
f 3444 486 7848
f 7848 487 7847
f 7847 488 7846
f 7846 5 3447
f 7843 3447 3448
f 3449 7843 3448
f 7849 7853 7852
f 7850 7854 7853
f 7853 7855 7852
f 7854 7856 7853
f 460 7849 3191
f 3080 7850 7849
f 3079 7851 7850
f 3078 3188 7851
f 7851 3187 7854
f 3187 7857 7854
f 3186 3165 7857
f 7857 3166 7856
f 7856 3167 7855
f 7855 475 3189
f 7852 3189 3190
f 3191 7852 3190
f 7858 7862 7861
f 7859 7863 7862
f 7862 7864 7861
f 7863 7865 7862
f 468 7858 3194
f 3104 7859 7858
f 3103 7860 7859
f 3102 3449 7860
f 7860 3448 7863
f 3448 7866 7863
f 3447 3222 7866
f 7866 3223 7865
f 7865 3224 7864
f 7864 478 3192
f 7861 3192 3193
f 3194 7861 3193
f 7868 7870 7867
f 7869 7871 7868
f 7870 7874 7873
f 7871 7875 7874
f 3083 3452 461
f 3082 7867 3083
f 3081 7868 3082
f 460 7869 3081
f 3191 7872 7869
f 7872 3189 7875
f 7875 475 3207
f 7874 3207 3208
f 7873 3208 3209
f 3450 3209 1
f 3451 7873 3450
f 7867 3451 3452
f 7876 7880 7879
f 7877 7881 7880
f 7880 7882 7879
f 7881 7883 7880
f 469 7876 3455
f 3107 7877 7876
f 3106 7878 7877
f 3105 3194 7878
f 7878 3193 7881
f 3193 7884 7881
f 3192 3225 7884
f 7884 3226 7883
f 7883 3227 7882
f 7882 6 3453
f 7879 3453 3454
f 3455 7879 3454
f 7886 7888 7885
f 7887 7889 7886
f 7888 7892 7891
f 7889 7893 7892
f 3086 3197 462
f 3085 7885 3086
f 3084 7886 3085
f 461 7887 3084
f 3452 7890 7887
f 7890 3450 7893
f 7893 1 3210
f 7892 3210 3211
f 7891 3211 3212
f 3195 3212 476
f 3196 7891 3195
f 7885 3196 3197
f 7894 7898 7897
f 7895 7899 7898
f 7898 7900 7897
f 7899 7901 7898
f 470 7894 3200
f 3110 7895 7894
f 3109 7896 7895
f 3108 3455 7896
f 7896 3454 7899
f 3454 7902 7899
f 3453 3228 7902
f 7902 3229 7901
f 7901 3230 7900
f 7900 479 3198
f 7897 3198 3199
f 3200 7897 3199
f 7904 7906 7903
f 7905 7907 7904
f 7906 7910 7909
f 7907 7911 7910
f 3089 3458 463
f 3088 7903 3089
f 3087 7904 3088
f 462 7905 3087
f 3197 7908 7905
f 7908 3195 7911
f 7911 476 3213
f 7910 3213 3214
f 7909 3214 3215
f 3456 3215 2
f 3457 7909 3456
f 7903 3457 3458
f 7912 7916 7915
f 7913 7917 7916
f 7916 7918 7915
f 7917 7919 7916
f 471 7912 3203
f 3113 7913 7912
f 3112 7914 7913
f 3111 3200 7914
f 7914 3199 7917
f 3199 7920 7917
f 3198 3168 7920
f 7920 3169 7919
f 7919 3170 7918
f 7918 480 3201
f 7915 3201 3202
f 3203 7915 3202
f 7922 7924 7921
f 7923 7925 7922
f 7924 7928 7927
f 7925 7929 7928
f 3092 3177 464
f 3091 7921 3092
f 3090 7922 3091
f 463 7923 3090
f 3458 7926 7923
f 7926 3456 7929
f 7929 2 3216
f 7928 3216 3217
f 7927 3217 3218
f 3179 3218 477
f 3178 7927 3179
f 7921 3178 3177
f 7930 7934 7933
f 7931 7935 7934
f 7934 7936 7933
f 7935 7937 7934
f 472 7930 3183
f 3116 7931 7930
f 3115 7932 7931
f 3114 3203 7932
f 7932 3202 7935
f 3202 7938 7935
f 3201 3171 7938
f 7938 3172 7937
f 7937 3173 7936
f 7936 481 3185
f 7933 3185 3184
f 3183 7933 3184
f 3459 3460 3463
f 3460 3461 3464
f 3463 3466 3465
f 3464 3467 3466
f 481 3173 3459
f 3173 3172 3460
f 3172 3171 3461
f 3171 480 3243
f 3461 3243 3244
f 3244 3245 3467
f 3245 19 525
f 3467 525 526
f 3466 526 527
f 3465 527 20
f 3462 3465 3240
f 3242 3459 3462
f 3469 3472 3471
f 3470 3473 3472
f 3471 3472 3475
f 3472 3473 3476
f 3221 3468 533
f 3220 3469 3468
f 3219 3470 3469
f 477 3246 3470
f 3246 3247 3473
f 3473 3247 3248
f 3476 3248 12
f 3475 3476 504
f 3474 3475 505
f 531 3474 506
f 532 3471 3474
f 3468 3471 532
f 3478 3481 3480
f 3479 3482 3481
f 3480 3481 3484
f 3481 3482 3485
f 3176 3477 3251
f 3175 3478 3477
f 3174 3479 3478
f 481 3242 3479
f 3242 3241 3482
f 3482 3241 3240
f 3485 3240 20
f 3484 3485 528
f 3483 3484 529
f 3249 3483 530
f 3250 3480 3483
f 3477 3480 3250
f 3487 3490 3489
f 3488 3491 3490
f 3489 3490 3493
f 3490 3491 3494
f 485 3486 536
f 484 3487 3486
f 483 3488 3487
f 3 533 3488
f 533 532 3491
f 3491 532 531
f 3494 531 13
f 3493 3494 507
f 3492 3493 508
f 534 3492 509
f 535 3489 3492
f 3486 3489 535
f 3496 3497 3495
f 3499 3495 3497
f 3500 3501 3495
f 474 3206 3496
f 3206 3205 3497
f 3254 3496 3501
f 3234 3498 3204
f 3235 3499 3498
f 3498 3497 3205
f 7 3252 3500
f 3252 3253 3501
f 3236 3500 3499
f 3504 3502 3508
f 3505 3506 3502
f 3507 3508 3502
f 3233 3503 3239
f 3232 3504 3503
f 3503 3508 3238
f 482 3251 3505
f 3251 3250 3506
f 3231 3505 3504
f 21 3237 3507
f 3237 3238 3508
f 3249 3507 3506
f 3509 3510 3513
f 3510 3511 3514
f 3513 3516 3515
f 3514 3517 3516
f 5 488 3509
f 488 487 3510
f 487 486 3511
f 486 4 536
f 3511 536 535
f 535 534 3517
f 534 14 510
f 3517 510 511
f 3516 511 512
f 3515 512 15
f 3512 3515 537
f 539 3509 3512
f 3518 3519 3522
f 3519 3520 3523
f 3522 3525 3524
f 3523 3526 3525
f 475 3167 3518
f 3167 3166 3519
f 3166 3165 3520
f 3165 474 3254
f 3520 3254 3253
f 3253 3252 3526
f 3252 7 489
f 3526 489 490
f 3525 490 491
f 3524 491 8
f 3521 3524 3255
f 3257 3518 3521
f 3527 3528 3531
f 3528 3529 3532
f 3531 3534 3533
f 3532 3535 3534
f 478 3224 3527
f 3224 3223 3528
f 3223 3222 3529
f 3222 5 539
f 3529 539 538
f 538 537 3535
f 537 15 513
f 3535 513 514
f 3534 514 515
f 3533 515 16
f 3530 3533 3258
f 3260 3527 3530
f 3537 3540 3539
f 3538 3541 3540
f 3539 3540 3543
f 3540 3541 3544
f 3209 3536 542
f 3208 3537 3536
f 3207 3538 3537
f 475 3257 3538
f 3257 3256 3541
f 3541 3256 3255
f 3544 3255 8
f 3543 3544 492
f 3542 3543 493
f 540 3542 494
f 541 3539 3542
f 3536 3539 541
f 3545 3546 3549
f 3546 3547 3550
f 3549 3552 3551
f 3550 3553 3552
f 6 3227 3545
f 3227 3226 3546
f 3226 3225 3547
f 3225 478 3260
f 3547 3260 3259
f 3259 3258 3553
f 3258 16 516
f 3553 516 517
f 3552 517 518
f 3551 518 17
f 3548 3551 543
f 545 3545 3548
f 3555 3558 3557
f 3556 3559 3558
f 3557 3558 3561
f 3558 3559 3562
f 3212 3554 3263
f 3211 3555 3554
f 3210 3556 3555
f 1 542 3556
f 542 541 3559
f 3559 541 540
f 3562 540 9
f 3561 3562 495
f 3560 3561 496
f 3261 3560 497
f 3262 3557 3560
f 3554 3557 3262
f 3563 3564 3567
f 3564 3565 3568
f 3567 3570 3569
f 3568 3571 3570
f 479 3230 3563
f 3230 3229 3564
f 3229 3228 3565
f 3228 6 545
f 3565 545 544
f 544 543 3571
f 543 17 519
f 3571 519 520
f 3570 520 521
f 3569 521 18
f 3566 3569 3264
f 3266 3563 3566
f 3573 3576 3575
f 3574 3577 3576
f 3575 3576 3579
f 3576 3577 3580
f 3215 3572 548
f 3214 3573 3572
f 3213 3574 3573
f 476 3263 3574
f 3263 3262 3577
f 3577 3262 3261
f 3580 3261 10
f 3579 3580 498
f 3578 3579 499
f 546 3578 500
f 547 3575 3578
f 3572 3575 547
f 3581 3582 3585
f 3582 3583 3586
f 3585 3588 3587
f 3586 3589 3588
f 480 3170 3581
f 3170 3169 3582
f 3169 3168 3583
f 3168 479 3266
f 3583 3266 3265
f 3265 3264 3589
f 3264 18 522
f 3589 522 523
f 3588 523 524
f 3587 524 19
f 3584 3587 3245
f 3243 3581 3584
f 3591 3594 3593
f 3592 3595 3594
f 3593 3594 3597
f 3594 3595 3598
f 3218 3590 3246
f 3217 3591 3590
f 3216 3592 3591
f 2 548 3592
f 548 547 3595
f 3595 547 546
f 3598 546 11
f 3597 3598 501
f 3596 3597 502
f 3248 3596 503
f 3247 3593 3596
f 3590 3593 3247
f 3599 3600 3603
f 3600 3601 3604
f 3603 3606 3605
f 3604 3607 3606
f 19 524 3599
f 524 523 3600
f 523 522 3601
f 522 18 594
f 3601 594 595
f 595 596 3607
f 596 33 582
f 3607 582 583
f 3606 583 584
f 3605 584 34
f 3602 3605 591
f 593 3599 3602
f 3609 3612 3611
f 3610 3613 3612
f 3611 3612 3615
f 3612 3613 3616
f 503 3608 599
f 502 3609 3608
f 501 3610 3609
f 11 600 3610
f 600 601 3613
f 3613 601 602
f 3616 602 26
f 3615 3616 561
f 3614 3615 562
f 597 3614 563
f 598 3611 3614
f 3608 3611 598
f 3617 3618 3621
f 3618 3619 3622
f 3621 3624 3623
f 3622 3625 3624
f 20 527 3617
f 527 526 3618
f 526 525 3619
f 525 19 593
f 3619 593 592
f 592 591 3625
f 591 34 585
f 3625 585 586
f 3624 586 587
f 3623 587 35
f 3620 3623 603
f 605 3617 3620
f 3627 3630 3629
f 3628 3631 3630
f 3629 3630 3633
f 3630 3631 3634
f 506 3626 608
f 505 3627 3626
f 504 3628 3627
f 12 599 3628
f 599 598 3631
f 3631 598 597
f 3634 597 27
f 3633 3634 564
f 3632 3633 565
f 606 3632 566
f 607 3629 3632
f 3626 3629 607
f 3636 3639 3638
f 3637 3640 3639
f 3638 3639 3642
f 3639 3640 3643
f 530 3635 611
f 529 3636 3635
f 528 3637 3636
f 20 605 3637
f 605 604 3640
f 3640 604 603
f 3643 603 35
f 3642 3643 588
f 3641 3642 589
f 609 3641 590
f 610 3638 3641
f 3635 3638 610
f 3645 3648 3647
f 3646 3649 3648
f 3647 3648 3651
f 3648 3649 3652
f 509 3644 614
f 508 3645 3644
f 507 3646 3645
f 13 608 3646
f 608 607 3649
f 3649 607 606
f 3652 606 28
f 3651 3652 567
f 3650 3651 568
f 612 3650 569
f 613 3647 3650
f 3644 3647 613
f 3654 3655 3653
f 3657 3653 3655
f 3658 3659 3653
f 7 3236 3654
f 3236 3235 3655
f 617 3654 3659
f 3267 3656 3234
f 3268 3657 3656
f 3656 3655 3235
f 22 615 3658
f 615 616 3659
f 3269 3658 3657
f 3662 3660 3666
f 3663 3664 3660
f 3665 3666 3660
f 3239 3661 3272
f 3238 3662 3661
f 3661 3666 3271
f 21 611 3663
f 611 610 3664
f 3237 3663 3662
f 36 3270 3665
f 3270 3271 3666
f 609 3665 3664
f 3667 3668 3671
f 3668 3669 3672
f 3671 3674 3673
f 3672 3675 3674
f 15 512 3667
f 512 511 3668
f 511 510 3669
f 510 14 614
f 614 613 3672
f 613 612 3675
f 612 29 570
f 3675 570 571
f 3674 571 572
f 3673 572 30
f 3670 3673 618
f 620 3667 3670
f 3676 3677 3680
f 3677 3678 3681
f 3680 3683 3682
f 3681 3684 3683
f 8 491 3676
f 491 490 3677
f 490 489 3678
f 489 7 617
f 3678 617 616
f 616 615 3684
f 615 22 549
f 3684 549 550
f 3683 550 551
f 3682 551 23
f 3679 3682 621
f 623 3676 3679
f 3685 3686 3689
f 3686 3687 3690
f 3689 3692 3691
f 3690 3693 3692
f 16 515 3685
f 515 514 3686
f 514 513 3687
f 513 15 620
f 3687 620 619
f 619 618 3693
f 618 30 573
f 3693 573 574
f 3692 574 575
f 3691 575 31
f 3688 3691 624
f 626 3685 3688
f 3695 3698 3697
f 3696 3699 3698
f 3697 3698 3701
f 3698 3699 3702
f 494 3694 629
f 493 3695 3694
f 492 3696 3695
f 8 623 3696
f 623 622 3699
f 3699 622 621
f 3702 621 23
f 3701 3702 552
f 3700 3701 553
f 627 3700 554
f 628 3697 3700
f 3694 3697 628
f 3703 3704 3707
f 3704 3705 3708
f 3707 3710 3709
f 3708 3711 3710
f 17 518 3703
f 518 517 3704
f 517 516 3705
f 516 16 626
f 3705 626 625
f 625 624 3711
f 624 31 576
f 3711 576 577
f 3710 577 578
f 3709 578 32
f 3706 3709 630
f 632 3703 3706
f 3713 3716 3715
f 3714 3717 3716
f 3715 3716 3719
f 3716 3717 3720
f 497 3712 635
f 496 3713 3712
f 495 3714 3713
f 9 629 3714
f 629 628 3717
f 3717 628 627
f 3720 627 24
f 3719 3720 555
f 3718 3719 556
f 633 3718 557
f 634 3715 3718
f 3712 3715 634
f 3721 3722 3725
f 3722 3723 3726
f 3725 3728 3727
f 3726 3729 3728
f 18 521 3721
f 521 520 3722
f 520 519 3723
f 519 17 632
f 3723 632 631
f 631 630 3729
f 630 32 579
f 3729 579 580
f 3728 580 581
f 3727 581 33
f 3724 3727 596
f 594 3721 3724
f 3731 3734 3733
f 3732 3735 3734
f 3733 3734 3737
f 3734 3735 3738
f 500 3730 600
f 499 3731 3730
f 498 3732 3731
f 10 635 3732
f 635 634 3735
f 3735 634 633
f 3738 633 25
f 3737 3738 558
f 3736 3737 559
f 602 3736 560
f 601 3733 3736
f 3730 3733 601
f 3739 3740 3743
f 3740 3741 3744
f 3743 3746 3745
f 3744 3747 3746
f 23 551 3739
f 551 550 3740
f 550 549 3741
f 549 22 681
f 3741 681 682
f 682 683 3747
f 683 37 636
f 3747 636 637
f 3746 637 638
f 3745 638 38
f 3742 3745 678
f 680 3739 3742
f 3748 3749 3752
f 3749 3750 3753
f 3752 3755 3754
f 3753 3756 3755
f 31 575 3748
f 575 574 3749
f 574 573 3750
f 573 30 687
f 3750 687 688
f 688 689 3756
f 689 45 660
f 3756 660 661
f 3755 661 662
f 3754 662 46
f 3751 3754 684
f 686 3748 3751
f 3758 3761 3760
f 3759 3762 3761
f 3760 3761 3764
f 3761 3762 3765
f 554 3757 692
f 553 3758 3757
f 552 3759 3758
f 23 680 3759
f 680 679 3762
f 3762 679 678
f 3765 678 38
f 3764 3765 639
f 3763 3764 640
f 690 3763 641
f 691 3760 3763
f 3757 3760 691
f 3766 3767 3770
f 3767 3768 3771
f 3770 3773 3772
f 3771 3774 3773
f 32 578 3766
f 578 577 3767
f 577 576 3768
f 576 31 686
f 3768 686 685
f 685 684 3774
f 684 46 663
f 3774 663 664
f 3773 664 665
f 3772 665 47
f 3769 3772 693
f 695 3766 3769
f 3776 3779 3778
f 3777 3780 3779
f 3778 3779 3782
f 3779 3780 3783
f 557 3775 698
f 556 3776 3775
f 555 3777 3776
f 24 692 3777
f 692 691 3780
f 3780 691 690
f 3783 690 39
f 3782 3783 642
f 3781 3782 643
f 696 3781 644
f 697 3778 3781
f 3775 3778 697
f 3784 3785 3788
f 3785 3786 3789
f 3788 3791 3790
f 3789 3792 3791
f 33 581 3784
f 581 580 3785
f 580 579 3786
f 579 32 695
f 3786 695 694
f 694 693 3792
f 693 47 666
f 3792 666 667
f 3791 667 668
f 3790 668 48
f 3787 3790 699
f 701 3784 3787
f 3794 3797 3796
f 3795 3798 3797
f 3796 3797 3800
f 3797 3798 3801
f 560 3793 704
f 559 3794 3793
f 558 3795 3794
f 25 698 3795
f 698 697 3798
f 3798 697 696
f 3801 696 40
f 3800 3801 645
f 3799 3800 646
f 702 3799 647
f 703 3796 3799
f 3793 3796 703
f 3802 3803 3806
f 3803 3804 3807
f 3806 3809 3808
f 3807 3810 3809
f 34 584 3802
f 584 583 3803
f 583 582 3804
f 582 33 701
f 3804 701 700
f 700 699 3810
f 699 48 669
f 3810 669 670
f 3809 670 671
f 3808 671 49
f 3805 3808 705
f 707 3802 3805
f 3812 3815 3814
f 3813 3816 3815
f 3814 3815 3818
f 3815 3816 3819
f 563 3811 710
f 562 3812 3811
f 561 3813 3812
f 26 704 3813
f 704 703 3816
f 3816 703 702
f 3819 702 41
f 3818 3819 648
f 3817 3818 649
f 708 3817 650
f 709 3814 3817
f 3811 3814 709
f 3820 3821 3824
f 3821 3822 3825
f 3824 3827 3826
f 3825 3828 3827
f 35 587 3820
f 587 586 3821
f 586 585 3822
f 585 34 707
f 3822 707 706
f 706 705 3828
f 705 49 672
f 3828 672 673
f 3827 673 674
f 3826 674 50
f 3823 3826 711
f 713 3820 3823
f 3830 3833 3832
f 3831 3834 3833
f 3832 3833 3836
f 3833 3834 3837
f 566 3829 716
f 565 3830 3829
f 564 3831 3830
f 27 710 3831
f 710 709 3834
f 3834 709 708
f 3837 708 42
f 3836 3837 651
f 3835 3836 652
f 714 3835 653
f 715 3832 3835
f 3829 3832 715
f 3839 3842 3841
f 3840 3843 3842
f 3841 3842 3845
f 3842 3843 3846
f 590 3838 719
f 589 3839 3838
f 588 3840 3839
f 35 713 3840
f 713 712 3843
f 3843 712 711
f 3846 711 50
f 3845 3846 675
f 3844 3845 676
f 717 3844 677
f 718 3841 3844
f 3838 3841 718
f 3848 3851 3850
f 3849 3852 3851
f 3850 3851 3854
f 3851 3852 3855
f 569 3847 722
f 568 3848 3847
f 567 3849 3848
f 28 716 3849
f 716 715 3852
f 3852 715 714
f 3855 714 43
f 3854 3855 654
f 3853 3854 655
f 3853 656 44
f 721 3850 3853
f 3847 3850 721
f 3857 3858 3856
f 3860 3856 3858
f 3861 3862 3856
f 22 3269 3857
f 3269 3268 3858
f 681 3857 3862
f 3273 3859 3267
f 3274 3860 3859
f 3859 3858 3268
f 37 683 3861
f 683 682 3862
f 3275 3861 3860
f 3865 3863 3869
f 3866 3867 3863
f 3868 3869 3863
f 3272 3864 3278
f 3271 3865 3864
f 3864 3869 3277
f 36 719 3866
f 719 718 3867
f 3270 3866 3865
f 51 3276 3868
f 3276 3277 3869
f 717 3868 3867
f 3870 3871 3874
f 3871 3872 3875
f 3874 3877 3876
f 3875 3878 3877
f 30 572 3870
f 572 571 3871
f 571 570 3872
f 570 29 722
f 722 721 3875
f 721 720 3878
f 720 44 657
f 3878 657 658
f 3877 658 659
f 3876 659 45
f 3873 3876 689
f 687 3870 3873
f 3880 3883 3882
f 3881 3884 3883
f 3882 3883 3886
f 3883 3884 3887
f 650 3879 767
f 649 3880 3879
f 648 3881 3880
f 41 768 3881
f 768 769 3884
f 3884 769 770
f 3887 770 56
f 3886 3887 735
f 3885 3886 736
f 765 3885 737
f 766 3882 3885
f 3879 3882 766
f 3888 3889 3892
f 3889 3890 3893
f 3892 3895 3894
f 3893 3896 3895
f 50 674 3888
f 674 673 3889
f 673 672 3890
f 672 49 774
f 3890 774 775
f 775 776 3896
f 776 64 759
f 3896 759 760
f 3895 760 761
f 3894 761 65
f 3891 3894 771
f 773 3888 3891
f 3898 3901 3900
f 3899 3902 3901
f 3900 3901 3904
f 3901 3902 3905
f 653 3897 779
f 652 3898 3897
f 651 3899 3898
f 42 767 3899
f 767 766 3902
f 3902 766 765
f 3905 765 57
f 3904 3905 738
f 3903 3904 739
f 777 3903 740
f 778 3900 3903
f 3897 3900 778
f 3907 3910 3909
f 3908 3911 3910
f 3909 3910 3913
f 3910 3911 3914
f 677 3906 782
f 676 3907 3906
f 675 3908 3907
f 50 773 3908
f 773 772 3911
f 3911 772 771
f 3914 771 65
f 3913 3914 762
f 3912 3913 763
f 780 3912 764
f 781 3909 3912
f 3906 3909 781
f 3916 3919 3918
f 3917 3920 3919
f 3918 3919 3922
f 3919 3920 3923
f 656 3915 785
f 655 3916 3915
f 654 3917 3916
f 43 779 3917
f 779 778 3920
f 3920 778 777
f 3923 777 58
f 3922 3923 741
f 3921 3922 742
f 783 3921 743
f 784 3918 3921
f 3915 3918 784
f 3925 3926 3924
f 3928 3924 3926
f 3929 3930 3924
f 37 3275 3925
f 3275 3274 3926
f 788 3925 3930
f 3279 3927 3273
f 3280 3928 3927
f 3927 3926 3274
f 52 786 3929
f 786 787 3930
f 3281 3929 3928
f 3933 3931 3937
f 3934 3935 3931
f 3936 3937 3931
f 3278 3932 3284
f 3277 3933 3932
f 3932 3937 3283
f 51 782 3934
f 782 781 3935
f 3276 3934 3933
f 66 3282 3936
f 3282 3283 3937
f 780 3936 3935
f 3938 3939 3942
f 3939 3940 3943
f 3942 3945 3944
f 3943 3946 3945
f 45 659 3938
f 659 658 3939
f 658 657 3940
f 657 44 785
f 3940 785 784
f 784 783 3946
f 783 59 744
f 3946 744 745
f 3945 745 746
f 3944 746 60
f 3941 3944 789
f 791 3938 3941
f 3947 3948 3951
f 3948 3949 3952
f 3951 3954 3953
f 3952 3955 3954
f 38 638 3947
f 638 637 3948
f 637 636 3949
f 636 37 788
f 3949 788 787
f 787 786 3955
f 786 52 723
f 3955 723 724
f 3954 724 725
f 3953 725 53
f 3950 3953 792
f 794 3947 3950
f 3956 3957 3960
f 3957 3958 3961
f 3960 3963 3962
f 3961 3964 3963
f 46 662 3956
f 662 661 3957
f 661 660 3958
f 660 45 791
f 3958 791 790
f 790 789 3964
f 789 60 747
f 3964 747 748
f 3963 748 749
f 3962 749 61
f 3959 3962 795
f 797 3956 3959
f 3966 3969 3968
f 3967 3970 3969
f 3968 3969 3972
f 3969 3970 3973
f 641 3965 800
f 640 3966 3965
f 639 3967 3966
f 38 794 3967
f 794 793 3970
f 3970 793 792
f 3973 792 53
f 3972 3973 726
f 3971 3972 727
f 798 3971 728
f 799 3968 3971
f 3965 3968 799
f 3974 3975 3978
f 3975 3976 3979
f 3978 3981 3980
f 3979 3982 3981
f 47 665 3974
f 665 664 3975
f 664 663 3976
f 663 46 797
f 3976 797 796
f 796 795 3982
f 795 61 750
f 3982 750 751
f 3981 751 752
f 3980 752 62
f 3977 3980 801
f 803 3974 3977
f 3984 3987 3986
f 3985 3988 3987
f 3986 3987 3990
f 3987 3988 3991
f 644 3983 806
f 643 3984 3983
f 642 3985 3984
f 39 800 3985
f 800 799 3988
f 3988 799 798
f 3991 798 54
f 3990 3991 729
f 3989 3990 730
f 804 3989 731
f 805 3986 3989
f 3983 3986 805
f 3992 3993 3996
f 3993 3994 3997
f 3996 3999 3998
f 3997 4000 3999
f 48 668 3992
f 668 667 3993
f 667 666 3994
f 666 47 803
f 3994 803 802
f 802 801 4000
f 801 62 753
f 4000 753 754
f 3999 754 755
f 3998 755 63
f 3995 3998 807
f 809 3992 3995
f 4002 4005 4004
f 4003 4006 4005
f 4004 4005 4008
f 4005 4006 4009
f 647 4001 768
f 646 4002 4001
f 645 4003 4002
f 40 806 4003
f 806 805 4006
f 4006 805 804
f 4009 804 55
f 4008 4009 732
f 4007 4008 733
f 770 4007 734
f 769 4004 4007
f 4001 4004 769
f 4010 4011 4014
f 4011 4012 4015
f 4014 4017 4016
f 4015 4018 4017
f 49 671 4010
f 671 670 4011
f 670 669 4012
f 669 48 809
f 4012 809 808
f 808 807 4018
f 807 63 756
f 4018 756 757
f 4017 757 758
f 4016 758 64
f 4013 4016 776
f 774 4010 4013
f 4019 4020 4023
f 4020 4021 4024
f 4023 4026 4025
f 4024 4027 4026
f 61 749 4019
f 749 748 4020
f 748 747 4021
f 747 60 855
f 4021 855 856
f 856 857 4027
f 857 75 834
f 4027 834 835
f 4026 835 836
f 4025 836 76
f 4022 4025 852
f 854 4019 4022
f 4029 4032 4031
f 4030 4033 4032
f 4031 4032 4035
f 4032 4033 4036
f 728 4028 860
f 727 4029 4028
f 726 4030 4029
f 53 861 4030
f 861 862 4033
f 4033 862 863
f 4036 863 68
f 4035 4036 813
f 4034 4035 814
f 858 4034 815
f 859 4031 4034
f 4028 4031 859
f 4037 4038 4041
f 4038 4039 4042
f 4041 4044 4043
f 4042 4045 4044
f 62 752 4037
f 752 751 4038
f 751 750 4039
f 750 61 854
f 4039 854 853
f 853 852 4045
f 852 76 837
f 4045 837 838
f 4044 838 839
f 4043 839 77
f 4040 4043 864
f 866 4037 4040
f 4047 4050 4049
f 4048 4051 4050
f 4049 4050 4053
f 4050 4051 4054
f 731 4046 869
f 730 4047 4046
f 729 4048 4047
f 54 860 4048
f 860 859 4051
f 4051 859 858
f 4054 858 69
f 4053 4054 816
f 4052 4053 817
f 867 4052 818
f 868 4049 4052
f 4046 4049 868
f 4055 4056 4059
f 4056 4057 4060
f 4059 4062 4061
f 4060 4063 4062
f 63 755 4055
f 755 754 4056
f 754 753 4057
f 753 62 866
f 4057 866 865
f 865 864 4063
f 864 77 840
f 4063 840 841
f 4062 841 842
f 4061 842 78
f 4058 4061 870
f 872 4055 4058
f 4065 4068 4067
f 4066 4069 4068
f 4067 4068 4071
f 4068 4069 4072
f 734 4064 875
f 733 4065 4064
f 732 4066 4065
f 55 869 4066
f 869 868 4069
f 4069 868 867
f 4072 867 70
f 4071 4072 819
f 4070 4071 820
f 873 4070 821
f 874 4067 4070
f 4064 4067 874
f 4073 4074 4077
f 4074 4075 4078
f 4077 4080 4079
f 4078 4081 4080
f 64 758 4073
f 758 757 4074
f 757 756 4075
f 756 63 872
f 4075 872 871
f 871 870 4081
f 870 78 843
f 4081 843 844
f 4080 844 845
f 4079 845 79
f 4076 4079 876
f 878 4073 4076
f 4083 4086 4085
f 4084 4087 4086
f 4085 4086 4089
f 4086 4087 4090
f 737 4082 881
f 736 4083 4082
f 735 4084 4083
f 56 875 4084
f 875 874 4087
f 4087 874 873
f 4090 873 71
f 4089 4090 822
f 4088 4089 823
f 879 4088 824
f 880 4085 4088
f 4082 4085 880
f 4091 4092 4095
f 4092 4093 4096
f 4095 4098 4097
f 4096 4099 4098
f 65 761 4091
f 761 760 4092
f 760 759 4093
f 759 64 878
f 4093 878 877
f 877 876 4099
f 876 79 846
f 4099 846 847
f 4098 847 848
f 4097 848 80
f 4094 4097 882
f 884 4091 4094
f 4101 4104 4103
f 4102 4105 4104
f 4103 4104 4107
f 4104 4105 4108
f 740 4100 887
f 739 4101 4100
f 738 4102 4101
f 57 881 4102
f 881 880 4105
f 4105 880 879
f 4108 879 72
f 4107 4108 825
f 4106 4107 826
f 885 4106 827
f 886 4103 4106
f 4100 4103 886
f 4110 4113 4112
f 4111 4114 4113
f 4112 4113 4116
f 4113 4114 4117
f 764 4109 890
f 763 4110 4109
f 762 4111 4110
f 65 884 4111
f 884 883 4114
f 4114 883 882
f 4117 882 80
f 4116 4117 849
f 4115 4116 850
f 888 4115 851
f 889 4112 4115
f 4109 4112 889
f 4119 4122 4121
f 4120 4123 4122
f 4121 4122 4125
f 4122 4123 4126
f 743 4118 893
f 742 4119 4118
f 741 4120 4119
f 58 887 4120
f 887 886 4123
f 4123 886 885
f 4126 885 73
f 4125 4126 828
f 4124 4125 829
f 891 4124 830
f 892 4121 4124
f 4118 4121 892
f 4128 4129 4127
f 4131 4127 4129
f 4132 4133 4127
f 52 3281 4128
f 3281 3280 4129
f 896 4128 4133
f 3285 4130 3279
f 3286 4131 4130
f 4130 4129 3280
f 67 894 4132
f 894 895 4133
f 3287 4132 4131
f 4136 4134 4140
f 4137 4138 4134
f 4139 4140 4134
f 3284 4135 3290
f 3283 4136 4135
f 4135 4140 3289
f 66 890 4137
f 890 889 4138
f 3282 4137 4136
f 81 3288 4139
f 3288 3289 4140
f 888 4139 4138
f 4141 4142 4145
f 4142 4143 4146
f 4145 4148 4147
f 4146 4149 4148
f 60 746 4141
f 746 745 4142
f 745 744 4143
f 744 59 893
f 4143 893 892
f 892 891 4149
f 891 74 831
f 4149 831 832
f 4148 832 833
f 4147 833 75
f 4144 4147 857
f 855 4141 4144
f 4150 4151 4154
f 4151 4152 4155
f 4154 4157 4156
f 4155 4158 4157
f 53 725 4150
f 725 724 4151
f 724 723 4152
f 723 52 896
f 4152 896 895
f 895 894 4158
f 894 67 810
f 4158 810 811
f 4157 811 812
f 4156 812 68
f 4153 4156 863
f 861 4150 4153
f 4159 4160 4163
f 4160 4161 4164
f 4163 4166 4165
f 4164 4167 4166
f 80 848 4159
f 848 847 4160
f 847 846 4161
f 846 79 945
f 4161 945 946
f 946 947 4167
f 947 95 936
f 4167 936 937
f 4166 937 938
f 4165 938 96
f 4162 4165 942
f 944 4159 4162
f 4169 4172 4171
f 4170 4173 4172
f 4171 4172 4175
f 4172 4173 4176
f 827 4168 950
f 826 4169 4168
f 825 4170 4169
f 72 951 4170
f 951 952 4173
f 4173 952 953
f 4176 953 88
f 4175 4176 915
f 4174 4175 916
f 948 4174 917
f 949 4171 4174
f 4168 4171 949
f 4178 4181 4180
f 4179 4182 4181
f 4180 4181 4184
f 4181 4182 4185
f 851 4177 956
f 850 4178 4177
f 849 4179 4178
f 80 944 4179
f 944 943 4182
f 4182 943 942
f 4185 942 96
f 4184 4185 939
f 4183 4184 940
f 954 4183 941
f 955 4180 4183
f 4177 4180 955
f 4187 4190 4189
f 4188 4191 4190
f 4189 4190 4193
f 4190 4191 4194
f 830 4186 959
f 829 4187 4186
f 828 4188 4187
f 73 950 4188
f 950 949 4191
f 4191 949 948
f 4194 948 89
f 4193 4194 918
f 4192 4193 919
f 957 4192 920
f 4189 4192 957
f 4186 4189 958
f 4196 4197 4195
f 4199 4195 4197
f 4200 4201 4195
f 67 3287 4196
f 3287 3286 4197
f 962 4196 4201
f 897 4198 3285
f 898 4199 4198
f 4198 4197 3286
f 83 960 4200
f 960 961 4201
f 899 4200 4199
f 4204 4202 4208
f 4205 4206 4202
f 4207 4208 4202
f 3290 4203 3293
f 3289 4204 4203
f 4203 4208 3292
f 81 956 4205
f 956 955 4206
f 3288 4205 4204
f 97 3291 4207
f 3291 3292 4208
f 954 4207 4206
f 4209 4210 4213
f 4210 4211 4214
f 4213 4216 4215
f 4214 4217 4216
f 75 833 4209
f 833 832 4210
f 832 831 4211
f 831 74 959
f 4211 959 958
f 958 957 4217
f 957 90 921
f 4217 921 922
f 4216 922 923
f 4215 923 91
f 4212 4215 963
f 965 4209 4212
f 4218 4219 4222
f 4219 4220 4223
f 4222 4225 4224
f 4223 4226 4225
f 68 812 4218
f 812 811 4219
f 811 810 4220
f 810 67 962
f 4220 962 961
f 961 960 4226
f 960 83 900
f 4226 900 901
f 4225 901 902
f 4224 902 84
f 4221 4224 966
f 968 4218 4221
f 4227 4228 4231
f 4228 4229 4232
f 4231 4234 4233
f 4232 4235 4234
f 76 836 4227
f 836 835 4228
f 835 834 4229
f 834 75 965
f 4229 965 964
f 964 963 4235
f 963 91 924
f 4235 924 925
f 4234 925 926
f 4233 926 92
f 4230 4233 969
f 971 4227 4230
f 4237 4240 4239
f 4238 4241 4240
f 4239 4240 4243
f 4240 4241 4244
f 815 4236 974
f 814 4237 4236
f 813 4238 4237
f 68 968 4238
f 968 967 4241
f 4241 967 966
f 4244 966 84
f 4243 4244 903
f 4242 4243 904
f 972 4242 905
f 973 4239 4242
f 4236 4239 973
f 4245 4246 4249
f 4246 4247 4250
f 4249 4252 4251
f 4250 4253 4252
f 77 839 4245
f 839 838 4246
f 838 837 4247
f 837 76 971
f 4247 971 970
f 970 969 4253
f 969 92 927
f 4253 927 928
f 4252 928 929
f 4251 929 93
f 4248 4251 975
f 977 4245 4248
f 4255 4258 4257
f 4256 4259 4258
f 4257 4258 4261
f 4258 4259 4262
f 818 4254 980
f 817 4255 4254
f 816 4256 4255
f 69 974 4256
f 974 973 4259
f 4259 973 972
f 4262 972 85
f 4261 4262 906
f 4260 4261 907
f 978 4260 908
f 979 4257 4260
f 4254 4257 979
f 4263 4264 4267
f 4264 4265 4268
f 4267 4270 4269
f 4268 4271 4270
f 78 842 4263
f 842 841 4264
f 841 840 4265
f 840 77 977
f 4265 977 976
f 976 975 4271
f 975 93 930
f 4271 930 931
f 4270 931 932
f 4269 932 94
f 4266 4269 981
f 983 4263 4266
f 4273 4276 4275
f 4274 4277 4276
f 4275 4276 4279
f 4276 4277 4280
f 821 4272 986
f 820 4273 4272
f 819 4274 4273
f 70 980 4274
f 980 979 4277
f 4277 979 978
f 4280 978 86
f 4279 4280 909
f 4278 4279 910
f 984 4278 911
f 985 4275 4278
f 4272 4275 985
f 4281 4282 4285
f 4282 4283 4286
f 4285 4288 4287
f 4286 4289 4288
f 79 845 4281
f 845 844 4282
f 844 843 4283
f 843 78 983
f 4283 983 982
f 982 981 4289
f 981 94 933
f 4289 933 934
f 4288 934 935
f 4287 935 95
f 4284 4287 947
f 945 4281 4284
f 4291 4294 4293
f 4292 4295 4294
f 4293 4294 4297
f 4294 4295 4298
f 824 4290 951
f 823 4291 4290
f 822 4292 4291
f 71 986 4292
f 986 985 4295
f 4295 985 984
f 4298 984 87
f 4297 4298 912
f 4296 4297 913
f 953 4296 914
f 952 4293 4296
f 4290 4293 952
f 4300 4303 4302
f 4301 4304 4303
f 4302 4303 4306
f 4303 4304 4307
f 905 4299 1031
f 904 4300 4299
f 903 4301 4300
f 84 1032 4301
f 1032 1033 4304
f 4304 1033 1034
f 4307 1034 99
f 4306 4307 990
f 4305 4306 991
f 1029 4305 992
f 1030 4302 4305
f 4299 4302 1030
f 4308 4309 4312
f 4309 4310 4313
f 4312 4315 4314
f 4313 4316 4315
f 93 929 4308
f 929 928 4309
f 928 927 4310
f 927 92 1038
f 4310 1038 1039
f 1039 1040 4316
f 1040 107 1014
f 4316 1014 1015
f 4315 1015 1016
f 4314 1016 108
f 4311 4314 1035
f 1037 4308 4311
f 4318 4321 4320
f 4319 4322 4321
f 4320 4321 4324
f 4321 4322 4325
f 908 4317 1043
f 907 4318 4317
f 906 4319 4318
f 85 1031 4319
f 1031 1030 4322
f 4322 1030 1029
f 4325 1029 100
f 4324 4325 993
f 4323 4324 994
f 1041 4323 995
f 1042 4320 4323
f 4317 4320 1042
f 4326 4327 4330
f 4327 4328 4331
f 4330 4333 4332
f 4331 4334 4333
f 94 932 4326
f 932 931 4327
f 931 930 4328
f 930 93 1037
f 4328 1037 1036
f 1036 1035 4334
f 1035 108 1017
f 4334 1017 1018
f 4333 1018 1019
f 4332 1019 109
f 4329 4332 1044
f 1046 4326 4329
f 4336 4339 4338
f 4337 4340 4339
f 4338 4339 4342
f 4339 4340 4343
f 911 4335 1049
f 910 4336 4335
f 909 4337 4336
f 86 1043 4337
f 1043 1042 4340
f 4340 1042 1041
f 4343 1041 101
f 4342 4343 996
f 4341 4342 997
f 1047 4341 998
f 1048 4338 4341
f 4335 4338 1048
f 4344 4345 4348
f 4345 4346 4349
f 4348 4351 4350
f 4349 4352 4351
f 95 935 4344
f 935 934 4345
f 934 933 4346
f 933 94 1046
f 4346 1046 1045
f 1045 1044 4352
f 1044 109 1020
f 4352 1020 1021
f 4351 1021 1022
f 4350 1022 110
f 4347 4350 1050
f 1052 4344 4347
f 4354 4357 4356
f 4355 4358 4357
f 4356 4357 4360
f 4357 4358 4361
f 914 4353 1055
f 913 4354 4353
f 912 4355 4354
f 87 1049 4355
f 1049 1048 4358
f 4358 1048 1047
f 4361 1047 102
f 4360 4361 999
f 4359 4360 1000
f 1053 4359 1001
f 1054 4356 4359
f 4353 4356 1054
f 4362 4363 4366
f 4363 4364 4367
f 4366 4369 4368
f 4367 4370 4369
f 96 938 4362
f 938 937 4363
f 937 936 4364
f 936 95 1052
f 4364 1052 1051
f 1051 1050 4370
f 1050 110 1023
f 4370 1023 1024
f 4369 1024 1025
f 4368 1025 111
f 4365 4368 1056
f 1058 4362 4365
f 4372 4375 4374
f 4373 4376 4375
f 4374 4375 4378
f 4375 4376 4379
f 917 4371 1061
f 916 4372 4371
f 915 4373 4372
f 88 1055 4373
f 1055 1054 4376
f 4376 1054 1053
f 4379 1053 103
f 4378 4379 1002
f 4377 4378 1003
f 1059 4377 1004
f 1060 4374 4377
f 4371 4374 1060
f 4381 4384 4383
f 4382 4385 4384
f 4383 4384 4387
f 4384 4385 4388
f 941 4380 1064
f 940 4381 4380
f 939 4382 4381
f 96 1058 4382
f 1058 1057 4385
f 4385 1057 1056
f 4388 1056 111
f 4387 4388 1026
f 4386 4387 1027
f 1062 4386 1028
f 1063 4383 4386
f 4380 4383 1063
f 4390 4393 4392
f 4391 4394 4393
f 4392 4393 4396
f 4393 4394 4397
f 920 4389 1067
f 919 4390 4389
f 918 4391 4390
f 89 1061 4391
f 1061 1060 4394
f 4394 1060 1059
f 4397 1059 104
f 4396 4397 1005
f 4395 4396 1006
f 1065 4395 1007
f 1066 4392 4395
f 4389 4392 1066
f 4399 4400 4398
f 4402 4398 4400
f 4403 4404 4398
f 83 899 4399
f 899 898 4400
f 1070 4399 4404
f 3294 4401 897
f 3295 4402 4401
f 4401 4400 898
f 98 1068 4403
f 1068 1069 4404
f 3296 4403 4402
f 4407 4405 4411
f 4408 4409 4405
f 4410 4411 4405
f 3293 4406 3299
f 3292 4407 4406
f 4406 4411 3298
f 97 1064 4408
f 1064 1063 4409
f 3291 4408 4407
f 112 3297 4410
f 3297 3298 4411
f 1062 4410 4409
f 4412 4413 4416
f 4413 4414 4417
f 4416 4419 4418
f 4417 4420 4419
f 91 923 4412
f 923 922 4413
f 922 921 4414
f 921 90 1067
f 4414 1067 1066
f 1066 1065 4420
f 1065 105 1008
f 4420 1008 1009
f 4419 1009 1010
f 4418 1010 106
f 4415 4418 1071
f 1073 4412 4415
f 4421 4422 4425
f 4422 4423 4426
f 4425 4428 4427
f 4426 4429 4428
f 84 902 4421
f 902 901 4422
f 901 900 4423
f 900 83 1070
f 4423 1070 1069
f 1069 1068 4429
f 1068 98 987
f 4429 987 988
f 4428 988 989
f 4427 989 99
f 4424 4427 1034
f 1032 4421 4424
f 4430 4431 4434
f 4431 4432 4435
f 4434 4437 4436
f 4435 4438 4437
f 92 926 4430
f 926 925 4431
f 925 924 4432
f 924 91 1073
f 4432 1073 1072
f 1072 1071 4438
f 1071 106 1011
f 4438 1011 1012
f 4437 1012 1013
f 4436 1013 107
f 4433 4436 1040
f 1038 4430 4433
f 4440 4443 4442
f 4441 4444 4443
f 4442 4443 4446
f 4443 4444 4447
f 1004 4439 1118
f 1003 4440 4439
f 1002 4441 4440
f 103 1119 4441
f 1119 1120 4444
f 4444 1120 1121
f 4447 1121 118
f 4446 4447 1089
f 4445 4446 1090
f 1116 4445 1091
f 1117 4442 4445
f 4439 4442 1117
f 4449 4452 4451
f 4450 4453 4452
f 4451 4452 4455
f 4452 4453 4456
f 1028 4448 1124
f 1027 4449 4448
f 1026 4450 4449
f 111 1125 4450
f 1125 1126 4453
f 4453 1126 1127
f 4456 1127 126
f 4455 4456 1113
f 4454 4455 1114
f 1122 4454 1115
f 1123 4451 4454
f 4448 4451 1123
f 4458 4461 4460
f 4459 4462 4461
f 4460 4461 4464
f 4461 4462 4465
f 1007 4457 1130
f 1006 4458 4457
f 1005 4459 4458
f 104 1118 4459
f 1118 1117 4462
f 4462 1117 1116
f 4465 1116 119
f 4464 4465 1092
f 4463 4464 1093
f 1128 4463 1094
f 1129 4460 4463
f 4457 4460 1129
f 4467 4468 4466
f 4470 4466 4468
f 4471 4472 4466
f 98 3296 4467
f 3296 3295 4468
f 1133 4467 4472
f 3300 4469 3294
f 3301 4470 4469
f 4469 4468 3295
f 113 1131 4471
f 1131 1132 4472
f 3302 4471 4470
f 4475 4473 4479
f 4476 4477 4473
f 4478 4479 4473
f 3299 4474 3305
f 3298 4475 4474
f 4474 4479 3304
f 112 1124 4476
f 1124 1123 4477
f 3297 4476 4475
f 127 3303 4478
f 3303 3304 4479
f 1122 4478 4477
f 4480 4481 4484
f 4481 4482 4485
f 4484 4487 4486
f 4485 4488 4487
f 106 1010 4480
f 1010 1009 4481
f 1009 1008 4482
f 1008 105 1130
f 4482 1130 1129
f 1129 1128 4488
f 1128 120 1095
f 4488 1095 1096
f 4487 1096 1097
f 4486 1097 121
f 4483 4486 1134
f 1136 4480 4483
f 4489 4490 4493
f 4490 4491 4494
f 4493 4496 4495
f 4494 4497 4496
f 99 989 4489
f 989 988 4490
f 988 987 4491
f 987 98 1133
f 4491 1133 1132
f 1132 1131 4497
f 1131 113 1074
f 4497 1074 1075
f 4496 1075 1076
f 4495 1076 114
f 4492 4495 1137
f 1139 4489 4492
f 4498 4499 4502
f 4499 4500 4503
f 4502 4505 4504
f 4503 4506 4505
f 107 1013 4498
f 1013 1012 4499
f 1012 1011 4500
f 1011 106 1136
f 4500 1136 1135
f 1135 1134 4506
f 1134 121 1098
f 4506 1098 1099
f 4505 1099 1100
f 4504 1100 122
f 4501 4504 1140
f 1142 4498 4501
f 4508 4511 4510
f 4509 4512 4511
f 4510 4511 4514
f 4511 4512 4515
f 992 4507 1145
f 991 4508 4507
f 990 4509 4508
f 99 1139 4509
f 1139 1138 4512
f 4512 1138 1137
f 4515 1137 114
f 4514 4515 1077
f 4513 4514 1078
f 1143 4513 1079
f 1144 4510 4513
f 4507 4510 1144
f 4516 4517 4520
f 4517 4518 4521
f 4520 4523 4522
f 4521 4524 4523
f 108 1016 4516
f 1016 1015 4517
f 1015 1014 4518
f 1014 107 1142
f 4518 1142 1141
f 1141 1140 4524
f 1140 122 1101
f 4524 1101 1102
f 4523 1102 1103
f 4522 1103 123
f 4519 4522 1146
f 1148 4516 4519
f 4526 4529 4528
f 4527 4530 4529
f 4528 4529 4532
f 4529 4530 4533
f 995 4525 1151
f 994 4526 4525
f 993 4527 4526
f 100 1145 4527
f 1145 1144 4530
f 4530 1144 1143
f 4533 1143 115
f 4532 4533 1080
f 4531 4532 1081
f 1149 4531 1082
f 1150 4528 4531
f 4525 4528 1150
f 4534 4535 4538
f 4535 4536 4539
f 4538 4541 4540
f 4539 4542 4541
f 109 1019 4534
f 1019 1018 4535
f 1018 1017 4536
f 1017 108 1148
f 4536 1148 1147
f 1147 1146 4542
f 1146 123 1104
f 4542 1104 1105
f 4541 1105 1106
f 4540 1106 124
f 4537 4540 1152
f 1154 4534 4537
f 4544 4547 4546
f 4545 4548 4547
f 4546 4547 4550
f 4547 4548 4551
f 998 4543 1157
f 997 4544 4543
f 996 4545 4544
f 101 1151 4545
f 1151 1150 4548
f 4548 1150 1149
f 4551 1149 116
f 4550 4551 1083
f 4549 4550 1084
f 1155 4549 1085
f 1156 4546 4549
f 4543 4546 1156
f 4552 4553 4556
f 4553 4554 4557
f 4556 4559 4558
f 4557 4560 4559
f 110 1022 4552
f 1022 1021 4553
f 1021 1020 4554
f 1020 109 1154
f 4554 1154 1153
f 1153 1152 4560
f 1152 124 1107
f 4560 1107 1108
f 4559 1108 1109
f 4558 1109 125
f 4555 4558 1158
f 1160 4552 4555
f 4562 4565 4564
f 4563 4566 4565
f 4564 4565 4568
f 4565 4566 4569
f 1001 4561 1119
f 1000 4562 4561
f 999 4563 4562
f 102 1157 4563
f 1157 1156 4566
f 4566 1156 1155
f 4569 1155 117
f 4568 4569 1086
f 4567 4568 1087
f 1121 4567 1088
f 1120 4564 4567
f 4561 4564 1120
f 4570 4571 4574
f 4571 4572 4575
f 4574 4577 4576
f 4575 4578 4577
f 111 1025 4570
f 1025 1024 4571
f 1024 1023 4572
f 1023 110 1160
f 4572 1160 1159
f 1159 1158 4578
f 1158 125 1110
f 4578 1110 1111
f 4577 1111 1112
f 4576 1112 126
f 4573 4576 1127
f 1125 4570 4573
f 4579 4580 4583
f 4580 4581 4584
f 4583 4586 4585
f 4584 4587 4586
f 123 1103 4579
f 1103 1102 4580
f 1102 1101 4581
f 1101 122 1206
f 4581 1206 1207
f 1207 1208 4587
f 1208 137 1188
f 4587 1188 1189
f 4586 1189 1190
f 4585 1190 138
f 4582 4585 1203
f 1205 4579 4582
f 4589 4592 4591
f 4590 4593 4592
f 4591 4592 4595
f 4592 4593 4596
f 1082 4588 1211
f 1081 4589 4588
f 1080 4590 4589
f 115 1212 4590
f 1212 1213 4593
f 4593 1213 1214
f 4596 1214 130
f 4595 4596 1167
f 4594 4595 1168
f 1209 4594 1169
f 1210 4591 4594
f 4588 4591 1210
f 4597 4598 4601
f 4598 4599 4602
f 4601 4604 4603
f 4602 4605 4604
f 124 1106 4597
f 1106 1105 4598
f 1105 1104 4599
f 1104 123 1205
f 4599 1205 1204
f 1204 1203 4605
f 1203 138 1191
f 4605 1191 1192
f 4604 1192 1193
f 4603 1193 139
f 4600 4603 1215
f 1217 4597 4600
f 4607 4610 4609
f 4608 4611 4610
f 4609 4610 4613
f 4610 4611 4614
f 1085 4606 1220
f 1084 4607 4606
f 1083 4608 4607
f 116 1211 4608
f 1211 1210 4611
f 4611 1210 1209
f 4614 1209 131
f 4613 4614 1170
f 4612 4613 1171
f 1218 4612 1172
f 1219 4609 4612
f 4606 4609 1219
f 4615 4616 4619
f 4616 4617 4620
f 4619 4622 4621
f 4620 4623 4622
f 125 1109 4615
f 1109 1108 4616
f 1108 1107 4617
f 1107 124 1217
f 4617 1217 1216
f 1216 1215 4623
f 1215 139 1194
f 4623 1194 1195
f 4622 1195 1196
f 4621 1196 140
f 4618 4621 1221
f 1223 4615 4618
f 4625 4628 4627
f 4626 4629 4628
f 4627 4628 4631
f 4628 4629 4632
f 1088 4624 1226
f 1087 4625 4624
f 1086 4626 4625
f 117 1220 4626
f 1220 1219 4629
f 4629 1219 1218
f 4632 1218 132
f 4631 4632 1173
f 4630 4631 1174
f 1224 4630 1175
f 1225 4627 4630
f 4624 4627 1225
f 4633 4634 4637
f 4634 4635 4638
f 4637 4640 4639
f 4638 4641 4640
f 126 1112 4633
f 1112 1111 4634
f 1111 1110 4635
f 1110 125 1223
f 4635 1223 1222
f 1222 1221 4641
f 1221 140 1197
f 4641 1197 1198
f 4640 1198 1199
f 4639 1199 141
f 4636 4639 1227
f 1229 4633 4636
f 4643 4646 4645
f 4644 4647 4646
f 4645 4646 4649
f 4646 4647 4650
f 1091 4642 1232
f 1090 4643 4642
f 1089 4644 4643
f 118 1226 4644
f 1226 1225 4647
f 4647 1225 1224
f 4650 1224 133
f 4649 4650 1176
f 4648 4649 1177
f 1230 4648 1178
f 1231 4645 4648
f 4642 4645 1231
f 4652 4655 4654
f 4653 4656 4655
f 4654 4655 4658
f 4655 4656 4659
f 1115 4651 1235
f 1114 4652 4651
f 1113 4653 4652
f 126 1229 4653
f 1229 1228 4656
f 4656 1228 1227
f 4659 1227 141
f 4658 4659 1200
f 4657 4658 1201
f 1233 4657 1202
f 1234 4654 4657
f 4651 4654 1234
f 4661 4664 4663
f 4662 4665 4664
f 4663 4664 4667
f 4664 4665 4668
f 1094 4660 1238
f 1093 4661 4660
f 1092 4662 4661
f 119 1232 4662
f 1232 1231 4665
f 4665 1231 1230
f 4668 1230 134
f 4667 4668 1179
f 4666 4667 1180
f 1236 4666 1181
f 1237 4663 4666
f 4660 4663 1237
f 4670 4671 4669
f 4673 4669 4671
f 4674 4675 4669
f 113 3302 4670
f 3302 3301 4671
f 1241 4670 4675
f 3306 4672 3300
f 3307 4673 4672
f 4672 4671 3301
f 128 1239 4674
f 1239 1240 4675
f 3308 4674 4673
f 4678 4676 4682
f 4679 4680 4676
f 4681 4682 4676
f 3305 4677 3311
f 3304 4678 4677
f 4677 4682 3310
f 127 1235 4679
f 1235 1234 4680
f 3303 4679 4678
f 142 3309 4681
f 3309 3310 4682
f 1233 4681 4680
f 4683 4684 4687
f 4684 4685 4688
f 4687 4690 4689
f 4688 4691 4690
f 121 1097 4683
f 1097 1096 4684
f 1096 1095 4685
f 1095 120 1238
f 4685 1238 1237
f 1237 1236 4691
f 1236 135 1182
f 4691 1182 1183
f 4690 1183 1184
f 4689 1184 136
f 4686 4689 1242
f 1244 4683 4686
f 4692 4693 4696
f 4693 4694 4697
f 4696 4699 4698
f 4697 4700 4699
f 114 1076 4692
f 1076 1075 4693
f 1075 1074 4694
f 1074 113 1241
f 4694 1241 1240
f 1240 1239 4700
f 1239 128 1161
f 4700 1161 1162
f 4699 1162 1163
f 4698 1163 129
f 4695 4698 1245
f 1247 4692 4695
f 4701 4702 4705
f 4702 4703 4706
f 4705 4708 4707
f 4706 4709 4708
f 122 1100 4701
f 1100 1099 4702
f 1099 1098 4703
f 1098 121 1244
f 4703 1244 1243
f 1243 1242 4709
f 1242 136 1185
f 4709 1185 1186
f 4708 1186 1187
f 4707 1187 137
f 4704 4707 1208
f 1206 4701 4704
f 4711 4714 4713
f 4712 4715 4714
f 4713 4714 4717
f 4714 4715 4718
f 1079 4710 1212
f 1078 4711 4710
f 1077 4712 4711
f 114 1247 4712
f 1247 1246 4715
f 4715 1246 1245
f 4718 1245 129
f 4717 4718 1164
f 4716 4717 1165
f 1214 4716 1166
f 1213 4713 4716
f 4710 4713 1213
f 4720 4723 4722
f 4721 4724 4723
f 4722 4723 4726
f 4723 4724 4727
f 1202 4719 1292
f 1201 4720 4719
f 1200 4721 4720
f 141 1293 4721
f 1293 1294 4724
f 4724 1294 1295
f 4727 1295 156
f 4726 4727 1287
f 4725 4726 1288
f 1290 4725 1289
f 1291 4722 4725
f 4719 4722 1291
f 4729 4732 4731
f 4730 4733 4732
f 4731 4732 4735
f 4732 4733 4736
f 1181 4728 1298
f 1180 4729 4728
f 1179 4730 4729
f 134 1299 4730
f 1299 1300 4733
f 4733 1300 1301
f 4736 1301 149
f 4735 4736 1266
f 4734 4735 1267
f 1296 4734 1268
f 1297 4731 4734
f 4728 4731 1297
f 4738 4739 4737
f 4741 4737 4739
f 4742 4743 4737
f 128 3308 4738
f 3308 3307 4739
f 1304 4738 4743
f 3312 4740 3306
f 3313 4741 4740
f 4740 4739 3307
f 143 1302 4742
f 1302 1303 4743
f 3314 4742 4741
f 4746 4744 4750
f 4747 4748 4744
f 4749 4750 4744
f 3311 4745 3317
f 3310 4746 4745
f 4745 4750 3316
f 142 1292 4747
f 1292 1291 4748
f 3309 4747 4746
f 157 3315 4749
f 3315 3316 4750
f 1290 4749 4748
f 4751 4752 4755
f 4752 4753 4756
f 4755 4758 4757
f 4756 4759 4758
f 136 1184 4751
f 1184 1183 4752
f 1183 1182 4753
f 1182 135 1298
f 4753 1298 1297
f 1297 1296 4759
f 1296 150 1269
f 4759 1269 1270
f 4758 1270 1271
f 4757 1271 151
f 4754 4757 1305
f 1307 4751 4754
f 4760 4761 4764
f 4761 4762 4765
f 4764 4767 4766
f 4765 4768 4767
f 129 1163 4760
f 1163 1162 4761
f 1162 1161 4762
f 1161 128 1304
f 4762 1304 1303
f 1303 1302 4768
f 1302 143 1248
f 4768 1248 1249
f 4767 1249 1250
f 4766 1250 144
f 4763 4766 1308
f 1310 4760 4763
f 4769 4770 4773
f 4770 4771 4774
f 4773 4776 4775
f 4774 4777 4776
f 137 1187 4769
f 1187 1186 4770
f 1186 1185 4771
f 1185 136 1307
f 4771 1307 1306
f 1306 1305 4777
f 1305 151 1272
f 4777 1272 1273
f 4776 1273 1274
f 4775 1274 152
f 4772 4775 1311
f 1313 4769 4772
f 4779 4782 4781
f 4780 4783 4782
f 4781 4782 4785
f 4782 4783 4786
f 1166 4778 1316
f 1165 4779 4778
f 1164 4780 4779
f 129 1310 4780
f 1310 1309 4783
f 4783 1309 1308
f 4786 1308 144
f 4785 4786 1251
f 4784 4785 1252
f 1314 4784 1253
f 1315 4781 4784
f 4778 4781 1315
f 4787 4788 4791
f 4788 4789 4792
f 4791 4794 4793
f 4792 4795 4794
f 138 1190 4787
f 1190 1189 4788
f 1189 1188 4789
f 1188 137 1313
f 4789 1313 1312
f 1312 1311 4795
f 1311 152 1275
f 4795 1275 1276
f 4794 1276 1277
f 4793 1277 153
f 4790 4793 1317
f 1319 4787 4790
f 4797 4800 4799
f 4798 4801 4800
f 4799 4800 4803
f 4800 4801 4804
f 1169 4796 1322
f 1168 4797 4796
f 1167 4798 4797
f 130 1316 4798
f 1316 1315 4801
f 4801 1315 1314
f 4804 1314 145
f 4803 4804 1254
f 4802 4803 1255
f 1320 4802 1256
f 1321 4799 4802
f 4796 4799 1321
f 4805 4806 4809
f 4806 4807 4810
f 4809 4812 4811
f 4810 4813 4812
f 139 1193 4805
f 1193 1192 4806
f 1192 1191 4807
f 1191 138 1319
f 4807 1319 1318
f 1318 1317 4813
f 1317 153 1278
f 4813 1278 1279
f 4812 1279 1280
f 4811 1280 154
f 4808 4811 1323
f 1325 4805 4808
f 4815 4818 4817
f 4816 4819 4818
f 4817 4818 4821
f 4818 4819 4822
f 1172 4814 1328
f 1171 4815 4814
f 1170 4816 4815
f 131 1322 4816
f 1322 1321 4819
f 4819 1321 1320
f 4822 1320 146
f 4821 4822 1257
f 4820 4821 1258
f 1326 4820 1259
f 1327 4817 4820
f 4814 4817 1327
f 4823 4824 4827
f 4824 4825 4828
f 4827 4830 4829
f 4828 4831 4830
f 140 1196 4823
f 1196 1195 4824
f 1195 1194 4825
f 1194 139 1325
f 4825 1325 1324
f 1324 1323 4831
f 1323 154 1281
f 4831 1281 1282
f 4830 1282 1283
f 4829 1283 155
f 4826 4829 1329
f 1331 4823 4826
f 4833 4836 4835
f 4834 4837 4836
f 4835 4836 4839
f 4836 4837 4840
f 1175 4832 1334
f 1174 4833 4832
f 1173 4834 4833
f 132 1328 4834
f 1328 1327 4837
f 4837 1327 1326
f 4840 1326 147
f 4839 4840 1260
f 4838 4839 1261
f 1332 4838 1262
f 1333 4835 4838
f 4832 4835 1333
f 4841 4842 4845
f 4842 4843 4846
f 4845 4848 4847
f 4846 4849 4848
f 141 1199 4841
f 1199 1198 4842
f 1198 1197 4843
f 1197 140 1331
f 4843 1331 1330
f 1330 1329 4849
f 1329 155 1284
f 4849 1284 1285
f 4848 1285 1286
f 4847 1286 156
f 4844 4847 1295
f 1293 4841 4844
f 4851 4854 4853
f 4852 4855 4854
f 4853 4854 4857
f 4854 4855 4858
f 1178 4850 1299
f 1177 4851 4850
f 1176 4852 4851
f 133 1334 4852
f 1334 1333 4855
f 4855 1333 1332
f 4858 1332 148
f 4857 4858 1263
f 4856 4857 1264
f 1301 4856 1265
f 1300 4853 4856
f 4850 4853 1300
f 4859 4860 4863
f 4860 4861 4864
f 4863 4866 4865
f 4864 4867 4866
f 154 1280 4859
f 1280 1279 4860
f 1279 1278 4861
f 1278 153 1380
f 4861 1380 1381
f 1381 1382 4867
f 1382 168 1365
f 4867 1365 1366
f 4866 1366 1367
f 4865 1367 169
f 4862 4865 1377
f 1379 4859 4862
f 4869 4872 4871
f 4870 4873 4872
f 4871 4872 4875
f 4872 4873 4876
f 1259 4868 1385
f 1258 4869 4868
f 1257 4870 4869
f 146 1386 4870
f 1386 1387 4873
f 4873 1387 1388
f 4876 1388 161
f 4875 4876 1344
f 4874 4875 1345
f 1383 4874 1346
f 1384 4871 4874
f 4868 4871 1384
f 4877 4878 4881
f 4878 4879 4882
f 4881 4884 4883
f 4882 4885 4884
f 155 1283 4877
f 1283 1282 4878
f 1282 1281 4879
f 1281 154 1379
f 4879 1379 1378
f 1378 1377 4885
f 1377 169 1368
f 4885 1368 1369
f 4884 1369 1370
f 4883 1370 170
f 4880 4883 1389
f 1391 4877 4880
f 4887 4890 4889
f 4888 4891 4890
f 4889 4890 4893
f 4890 4891 4894
f 1262 4886 1394
f 1261 4887 4886
f 1260 4888 4887
f 147 1385 4888
f 1385 1384 4891
f 4891 1384 1383
f 4894 1383 162
f 4893 4894 1347
f 4892 4893 1348
f 1392 4892 1349
f 1393 4889 4892
f 4886 4889 1393
f 4895 4896 4899
f 4896 4897 4900
f 4899 4902 4901
f 4900 4903 4902
f 156 1286 4895
f 1286 1285 4896
f 1285 1284 4897
f 1284 155 1391
f 4897 1391 1390
f 1390 1389 4903
f 1389 170 1371
f 4903 1371 1372
f 4902 1372 1373
f 4901 1373 171
f 4898 4901 1395
f 1397 4895 4898
f 4905 4908 4907
f 4906 4909 4908
f 4907 4908 4911
f 4908 4909 4912
f 1265 4904 1400
f 1264 4905 4904
f 1263 4906 4905
f 148 1394 4906
f 1394 1393 4909
f 4909 1393 1392
f 4912 1392 163
f 4911 4912 1350
f 4910 4911 1351
f 1398 4910 1352
f 1399 4907 4910
f 4904 4907 1399
f 4914 4917 4916
f 4915 4918 4917
f 4916 4917 4920
f 4917 4918 4921
f 1289 4913 1403
f 1288 4914 4913
f 1287 4915 4914
f 156 1397 4915
f 1397 1396 4918
f 4918 1396 1395
f 4921 1395 171
f 4920 4921 1374
f 4919 4920 1375
f 1401 4919 1376
f 1402 4916 4919
f 4913 4916 1402
f 4923 4926 4925
f 4924 4927 4926
f 4925 4926 4929
f 4926 4927 4930
f 1268 4922 1406
f 1267 4923 4922
f 1266 4924 4923
f 149 1400 4924
f 1400 1399 4927
f 4927 1399 1398
f 4930 1398 164
f 4929 4930 1353
f 4928 4929 1354
f 1404 4928 1355
f 1405 4925 4928
f 4922 4925 1405
f 4932 4933 4931
f 4935 4931 4933
f 4936 4937 4931
f 143 3314 4932
f 3314 3313 4933
f 1409 4932 4937
f 3318 4934 3312
f 3319 4935 4934
f 4934 4933 3313
f 158 1407 4936
f 1407 1408 4937
f 3320 4936 4935
f 4940 4938 4944
f 4941 4942 4938
f 4943 4944 4938
f 3317 4939 3323
f 3316 4940 4939
f 4939 4944 3322
f 157 1403 4941
f 1403 1402 4942
f 3315 4941 4940
f 172 3321 4943
f 3321 3322 4944
f 1401 4943 4942
f 4945 4946 4949
f 4946 4947 4950
f 4949 4952 4951
f 4950 4953 4952
f 151 1271 4945
f 1271 1270 4946
f 1270 1269 4947
f 1269 150 1406
f 4947 1406 1405
f 1405 1404 4953
f 1404 165 1356
f 4953 1356 1357
f 4952 1357 1358
f 4951 1358 166
f 4948 4951 1410
f 1412 4945 4948
f 4954 4955 4958
f 4955 4956 4959
f 4958 4961 4960
f 4959 4962 4961
f 144 1250 4954
f 1250 1249 4955
f 1249 1248 4956
f 1248 143 1409
f 4956 1409 1408
f 1408 1407 4962
f 1407 158 1335
f 4962 1335 1336
f 4961 1336 1337
f 4960 1337 159
f 4957 4960 1413
f 1415 4954 4957
f 4963 4964 4967
f 4964 4965 4968
f 4967 4970 4969
f 4968 4971 4970
f 152 1274 4963
f 1274 1273 4964
f 1273 1272 4965
f 1272 151 1412
f 4965 1412 1411
f 1411 1410 4971
f 1410 166 1359
f 4971 1359 1360
f 4970 1360 1361
f 4969 1361 167
f 4966 4969 1416
f 1418 4963 4966
f 4973 4976 4975
f 4974 4977 4976
f 4975 4976 4979
f 4976 4977 4980
f 1253 4972 1421
f 1252 4973 4972
f 1251 4974 4973
f 144 1415 4974
f 1415 1414 4977
f 4977 1414 1413
f 4980 1413 159
f 4979 4980 1338
f 4978 4979 1339
f 1419 4978 1340
f 1420 4975 4978
f 4972 4975 1420
f 4981 4982 4985
f 4982 4983 4986
f 4985 4988 4987
f 4986 4989 4988
f 153 1277 4981
f 1277 1276 4982
f 1276 1275 4983
f 1275 152 1418
f 4983 1418 1417
f 1417 1416 4989
f 1416 167 1362
f 4989 1362 1363
f 4988 1363 1364
f 4987 1364 168
f 4984 4987 1382
f 1380 4981 4984
f 4991 4994 4993
f 4992 4995 4994
f 4993 4994 4997
f 4994 4995 4998
f 1256 4990 1386
f 1255 4991 4990
f 1254 4992 4991
f 145 1421 4992
f 1421 1420 4995
f 4995 1420 1419
f 4998 1419 160
f 4997 4998 1341
f 4996 4997 1342
f 1388 4996 1343
f 1387 4993 4996
f 4990 4993 1387
f 5000 5001 4999
f 5003 4999 5001
f 5004 5005 4999
f 158 3320 5000
f 3320 3319 5001
f 1466 5000 5005
f 3324 5002 3318
f 3325 5003 5002
f 5002 5001 3319
f 173 1464 5004
f 1464 1465 5005
f 3326 5004 5003
f 5008 5006 5012
f 5009 5010 5006
f 5011 5012 5006
f 3323 5007 3329
f 3322 5008 5007
f 5007 5012 3328
f 172 1467 5009
f 1467 1468 5010
f 3321 5009 5008
f 187 3327 5011
f 3327 3328 5012
f 1469 5011 5010
f 5013 5014 5017
f 5014 5015 5018
f 5017 5020 5019
f 5018 5021 5020
f 166 1358 5013
f 1358 1357 5014
f 1357 1356 5015
f 1356 165 1473
f 5015 1473 1474
f 1474 1475 5021
f 1475 180 1443
f 5021 1443 1444
f 5020 1444 1445
f 5019 1445 181
f 5016 5019 1470
f 1472 5013 5016
f 5022 5023 5026
f 5023 5024 5027
f 5026 5029 5028
f 5027 5030 5029
f 159 1337 5022
f 1337 1336 5023
f 1336 1335 5024
f 1335 158 1466
f 5024 1466 1465
f 1465 1464 5030
f 1464 173 1422
f 5030 1422 1423
f 5029 1423 1424
f 5028 1424 174
f 5025 5028 1476
f 1478 5022 5025
f 5031 5032 5035
f 5032 5033 5036
f 5035 5038 5037
f 5036 5039 5038
f 167 1361 5031
f 1361 1360 5032
f 1360 1359 5033
f 1359 166 1472
f 5033 1472 1471
f 1471 1470 5039
f 1470 181 1446
f 5039 1446 1447
f 5038 1447 1448
f 5037 1448 182
f 5034 5037 1479
f 1481 5031 5034
f 5041 5044 5043
f 5042 5045 5044
f 5043 5044 5047
f 5044 5045 5048
f 1340 5040 1484
f 1339 5041 5040
f 1338 5042 5041
f 159 1478 5042
f 1478 1477 5045
f 5045 1477 1476
f 5048 1476 174
f 5047 5048 1425
f 5046 5047 1426
f 1482 5046 1427
f 1483 5043 5046
f 5040 5043 1483
f 5049 5050 5053
f 5050 5051 5054
f 5053 5056 5055
f 5054 5057 5056
f 168 1364 5049
f 1364 1363 5050
f 1363 1362 5051
f 1362 167 1481
f 5051 1481 1480
f 1480 1479 5057
f 1479 182 1449
f 5057 1449 1450
f 5056 1450 1451
f 5055 1451 183
f 5052 5055 1485
f 1487 5049 5052
f 5059 5062 5061
f 5060 5063 5062
f 5061 5062 5065
f 5062 5063 5066
f 1343 5058 1490
f 1342 5059 5058
f 1341 5060 5059
f 160 1484 5060
f 1484 1483 5063
f 5063 1483 1482
f 5066 1482 175
f 5065 5066 1428
f 5064 5065 1429
f 1488 5064 1430
f 1489 5061 5064
f 5058 5061 1489
f 5067 5068 5071
f 5068 5069 5072
f 5071 5074 5073
f 5072 5075 5074
f 169 1367 5067
f 1367 1366 5068
f 1366 1365 5069
f 1365 168 1487
f 5069 1487 1486
f 1486 1485 5075
f 1485 183 1452
f 5075 1452 1453
f 5074 1453 1454
f 5073 1454 184
f 5070 5073 1491
f 1493 5067 5070
f 5077 5080 5079
f 5078 5081 5080
f 5079 5080 5083
f 5080 5081 5084
f 1346 5076 1496
f 1345 5077 5076
f 1344 5078 5077
f 161 1490 5078
f 1490 1489 5081
f 5081 1489 1488
f 5084 1488 176
f 5083 5084 1431
f 5082 5083 1432
f 1494 5082 1433
f 1495 5079 5082
f 5076 5079 1495
f 5085 5086 5089
f 5086 5087 5090
f 5089 5092 5091
f 5090 5093 5092
f 170 1370 5085
f 1370 1369 5086
f 1369 1368 5087
f 1368 169 1493
f 5087 1493 1492
f 1492 1491 5093
f 1491 184 1455
f 5093 1455 1456
f 5092 1456 1457
f 5091 1457 185
f 5088 5091 1497
f 1499 5085 5088
f 5095 5098 5097
f 5096 5099 5098
f 5097 5098 5101
f 5098 5099 5102
f 1349 5094 1502
f 1348 5095 5094
f 1347 5096 5095
f 162 1496 5096
f 1496 1495 5099
f 5099 1495 1494
f 5102 1494 177
f 5101 5102 1434
f 5100 5101 1435
f 1500 5100 1436
f 1501 5097 5100
f 5094 5097 1501
f 5103 5104 5107
f 5104 5105 5108
f 5107 5110 5109
f 5108 5111 5110
f 171 1373 5103
f 1373 1372 5104
f 1372 1371 5105
f 1371 170 1499
f 5105 1499 1498
f 1498 1497 5111
f 1497 185 1458
f 5111 1458 1459
f 5110 1459 1460
f 5109 1460 186
f 5106 5109 1503
f 1505 5103 5106
f 5113 5116 5115
f 5114 5117 5116
f 5115 5116 5119
f 5116 5117 5120
f 1352 5112 1508
f 1351 5113 5112
f 1350 5114 5113
f 163 1502 5114
f 1502 1501 5117
f 5117 1501 1500
f 5120 1500 178
f 5119 5120 1437
f 5118 5119 1438
f 1506 5118 1439
f 1507 5115 5118
f 5112 5115 1507
f 5122 5125 5124
f 5123 5126 5125
f 5124 5125 5128
f 5125 5126 5129
f 1376 5121 1467
f 1375 5122 5121
f 1374 5123 5122
f 171 1505 5123
f 1505 1504 5126
f 5126 1504 1503
f 5129 1503 186
f 5128 5129 1461
f 5127 5128 1462
f 1469 5127 1463
f 1468 5124 5127
f 5121 5124 1468
f 5131 5134 5133
f 5132 5135 5134
f 5133 5134 5137
f 5134 5135 5138
f 1355 5130 1473
f 1354 5131 5130
f 1353 5132 5131
f 164 1508 5132
f 1508 1507 5135
f 5135 1507 1506
f 5138 1506 179
f 5137 5138 1440
f 5136 5137 1441
f 1475 5136 1442
f 1474 5133 5136
f 5130 5133 1474
f 5140 5143 5142
f 5141 5144 5143
f 5142 5143 5146
f 5143 5144 5147
f 1433 5139 1553
f 1432 5140 5139
f 1431 5141 5140
f 176 1554 5141
f 1554 1555 5144
f 5144 1555 1556
f 5147 1556 191
f 5146 5147 1518
f 5145 5146 1519
f 1551 5145 1520
f 1552 5142 5145
f 5139 5142 1552
f 5148 5149 5152
f 5149 5150 5153
f 5152 5155 5154
f 5153 5156 5155
f 185 1457 5148
f 1457 1456 5149
f 1456 1455 5150
f 1455 184 1560
f 5150 1560 1561
f 1561 1562 5156
f 1562 199 1542
f 5156 1542 1543
f 5155 1543 1544
f 5154 1544 200
f 5151 5154 1557
f 1559 5148 5151
f 5158 5161 5160
f 5159 5162 5161
f 5160 5161 5164
f 5161 5162 5165
f 1436 5157 1565
f 1435 5158 5157
f 1434 5159 5158
f 177 1553 5159
f 1553 1552 5162
f 5162 1552 1551
f 5165 1551 192
f 5164 5165 1521
f 5163 5164 1522
f 1563 5163 1523
f 1564 5160 5163
f 5157 5160 1564
f 5166 5167 5170
f 5167 5168 5171
f 5170 5173 5172
f 5171 5174 5173
f 186 1460 5166
f 1460 1459 5167
f 1459 1458 5168
f 1458 185 1559
f 5168 1559 1558
f 1558 1557 5174
f 1557 200 1545
f 5174 1545 1546
f 5173 1546 1547
f 5172 1547 201
f 5169 5172 1566
f 1568 5166 5169
f 5176 5179 5178
f 5177 5180 5179
f 5178 5179 5182
f 5179 5180 5183
f 1439 5175 1571
f 1438 5176 5175
f 1437 5177 5176
f 178 1565 5177
f 1565 1564 5180
f 5180 1564 1563
f 5183 1563 193
f 5182 5183 1524
f 5181 5182 1525
f 1569 5181 1526
f 1570 5178 5181
f 5175 5178 1570
f 5185 5188 5187
f 5186 5189 5188
f 5187 5188 5191
f 5188 5189 5192
f 1463 5184 1574
f 1462 5185 5184
f 1461 5186 5185
f 186 1568 5186
f 1568 1567 5189
f 5189 1567 1566
f 5192 1566 201
f 5191 5192 1548
f 5190 5191 1549
f 1572 5190 1550
f 1573 5187 5190
f 5184 5187 1573
f 5194 5197 5196
f 5195 5198 5197
f 5196 5197 5200
f 5197 5198 5201
f 1442 5193 1577
f 1441 5194 5193
f 1440 5195 5194
f 179 1571 5195
f 1571 1570 5198
f 5198 1570 1569
f 5201 1569 194
f 5200 5201 1527
f 5199 5200 1528
f 1575 5199 1529
f 1576 5196 5199
f 5193 5196 1576
f 5203 5204 5202
f 5206 5202 5204
f 5207 5208 5202
f 173 3326 5203
f 3326 3325 5204
f 1580 5203 5208
f 3330 5205 3324
f 3331 5206 5205
f 5205 5204 3325
f 188 1578 5207
f 1578 1579 5208
f 3332 5207 5206
f 5211 5209 5215
f 5212 5213 5209
f 5214 5215 5209
f 3329 5210 3335
f 3328 5211 5210
f 5210 5215 3334
f 187 1574 5212
f 1574 1573 5213
f 3327 5212 5211
f 202 3333 5214
f 3333 3334 5215
f 1572 5214 5213
f 5216 5217 5220
f 5217 5218 5221
f 5220 5223 5222
f 5221 5224 5223
f 181 1445 5216
f 1445 1444 5217
f 1444 1443 5218
f 180 1577 5218
f 5218 1577 1576
f 5221 1576 1575
f 1575 195 1530
f 5224 1530 1531
f 5223 1531 1532
f 5222 1532 196
f 5219 5222 1581
f 1583 5216 5219
f 5225 5226 5229
f 5226 5227 5230
f 5229 5232 5231
f 5230 5233 5232
f 174 1424 5225
f 1424 1423 5226
f 1423 1422 5227
f 1422 173 1580
f 5227 1580 1579
f 1579 1578 5233
f 1578 188 1509
f 5233 1509 1510
f 5232 1510 1511
f 5231 1511 189
f 5228 5231 1584
f 1586 5225 5228
f 5234 5235 5238
f 5235 5236 5239
f 5238 5241 5240
f 5239 5242 5241
f 182 1448 5234
f 1448 1447 5235
f 1447 1446 5236
f 1446 181 1583
f 5236 1583 1582
f 1582 1581 5242
f 1581 196 1533
f 5242 1533 1534
f 5241 1534 1535
f 5240 1535 197
f 5237 5240 1587
f 1589 5234 5237
f 5244 5247 5246
f 5245 5248 5247
f 5246 5247 5250
f 5247 5248 5251
f 1427 5243 1592
f 1426 5244 5243
f 1425 5245 5244
f 174 1586 5245
f 1586 1585 5248
f 5248 1585 1584
f 5251 1584 189
f 5250 5251 1512
f 5249 5250 1513
f 1590 5249 1514
f 1591 5246 5249
f 5243 5246 1591
f 5252 5253 5256
f 5253 5254 5257
f 5256 5259 5258
f 5257 5260 5259
f 183 1451 5252
f 1451 1450 5253
f 1450 1449 5254
f 1449 182 1589
f 5254 1589 1588
f 1588 1587 5260
f 1587 197 1536
f 5260 1536 1537
f 5259 1537 1538
f 5258 1538 198
f 5255 5258 1593
f 1595 5252 5255
f 5262 5265 5264
f 5263 5266 5265
f 5264 5265 5268
f 5265 5266 5269
f 1430 5261 1554
f 1429 5262 5261
f 1428 5263 5262
f 175 1592 5263
f 1592 1591 5266
f 5266 1591 1590
f 5269 1590 190
f 5268 5269 1515
f 5267 5268 1516
f 1556 5267 1517
f 1555 5264 5267
f 5261 5264 1555
f 5270 5271 5274
f 5271 5272 5275
f 5274 5277 5276
f 5275 5278 5277
f 184 1454 5270
f 1454 1453 5271
f 1453 1452 5272
f 1452 183 1595
f 5272 1595 1594
f 1594 1593 5278
f 1593 198 1539
f 5278 1539 1540
f 5277 1540 1541
f 5276 1541 199
f 5273 5276 1562
f 1560 5270 5273
f 5279 5280 5283
f 5280 5281 5284
f 5283 5286 5285
f 5284 5287 5286
f 196 1532 5279
f 1532 1531 5280
f 1531 1530 5281
f 195 1641 5281
f 5281 1641 1642
f 1642 1643 5287
f 1643 210 1617
f 5287 1617 1618
f 5286 1618 1619
f 5285 1619 211
f 5282 5285 1638
f 1640 5279 5282
f 5288 5289 5292
f 5289 5290 5293
f 5292 5295 5294
f 5293 5296 5295
f 189 1511 5288
f 1511 1510 5289
f 1510 1509 5290
f 1509 188 1647
f 5290 1647 1648
f 1648 1649 5296
f 1649 203 1596
f 5296 1596 1597
f 5295 1597 1598
f 5294 1598 204
f 5291 5294 1644
f 1646 5288 5291
f 5297 5298 5301
f 5298 5299 5302
f 5301 5304 5303
f 5302 5305 5304
f 197 1535 5297
f 1535 1534 5298
f 1534 1533 5299
f 1533 196 1640
f 5299 1640 1639
f 1639 1638 5305
f 1638 211 1620
f 5305 1620 1621
f 5304 1621 1622
f 5303 1622 212
f 5300 5303 1650
f 1652 5297 5300
f 5307 5310 5309
f 5308 5311 5310
f 5309 5310 5313
f 5310 5311 5314
f 1514 5306 1655
f 1513 5307 5306
f 1512 5308 5307
f 189 1646 5308
f 1646 1645 5311
f 5311 1645 1644
f 5314 1644 204
f 5313 5314 1599
f 5312 5313 1600
f 1653 5312 1601
f 1654 5309 5312
f 5306 5309 1654
f 5315 5316 5319
f 5316 5317 5320
f 5319 5322 5321
f 5320 5323 5322
f 198 1538 5315
f 1538 1537 5316
f 1537 1536 5317
f 1536 197 1652
f 5317 1652 1651
f 1651 1650 5323
f 1650 212 1623
f 5323 1623 1624
f 5322 1624 1625
f 5321 1625 213
f 5318 5321 1656
f 1658 5315 5318
f 5325 5328 5327
f 5326 5329 5328
f 5327 5328 5331
f 5328 5329 5332
f 1517 5324 1661
f 1516 5325 5324
f 1515 5326 5325
f 190 1655 5326
f 1655 1654 5329
f 5329 1654 1653
f 5332 1653 205
f 5331 5332 1602
f 5330 5331 1603
f 1659 5330 1604
f 1660 5327 5330
f 5324 5327 1660
f 5333 5334 5337
f 5334 5335 5338
f 5337 5340 5339
f 5338 5341 5340
f 199 1541 5333
f 1541 1540 5334
f 1540 1539 5335
f 1539 198 1658
f 5335 1658 1657
f 1657 1656 5341
f 1656 213 1626
f 5341 1626 1627
f 5340 1627 1628
f 5339 1628 214
f 5336 5339 1662
f 1664 5333 5336
f 5343 5346 5345
f 5344 5347 5346
f 5345 5346 5349
f 5346 5347 5350
f 1520 5342 1667
f 1519 5343 5342
f 1518 5344 5343
f 191 1661 5344
f 1661 1660 5347
f 5347 1660 1659
f 5350 1659 206
f 5349 5350 1605
f 5348 5349 1606
f 1665 5348 1607
f 1666 5345 5348
f 5342 5345 1666
f 5351 5352 5355
f 5352 5353 5356
f 5355 5358 5357
f 5356 5359 5358
f 200 1544 5351
f 1544 1543 5352
f 1543 1542 5353
f 1542 199 1664
f 5353 1664 1663
f 1663 1662 5359
f 1662 214 1629
f 5359 1629 1630
f 5358 1630 1631
f 5357 1631 215
f 5354 5357 1668
f 1670 5351 5354
f 5361 5364 5363
f 5362 5365 5364
f 5363 5364 5367
f 5364 5365 5368
f 1523 5360 1673
f 1522 5361 5360
f 1521 5362 5361
f 192 1667 5362
f 1667 1666 5365
f 5365 1666 1665
f 5368 1665 207
f 5367 5368 1608
f 5366 5367 1609
f 1671 5366 1610
f 1672 5363 5366
f 5360 5363 1672
f 5369 5370 5373
f 5370 5371 5374
f 5373 5376 5375
f 5374 5377 5376
f 201 1547 5369
f 1547 1546 5370
f 1546 1545 5371
f 1545 200 1670
f 5371 1670 1669
f 1669 1668 5377
f 1668 215 1632
f 5377 1632 1633
f 5376 1633 1634
f 5375 1634 216
f 5372 5375 1674
f 1676 5369 5372
f 5379 5382 5381
f 5380 5383 5382
f 5381 5382 5385
f 5382 5383 5386
f 1526 5378 1679
f 1525 5379 5378
f 1524 5380 5379
f 193 1673 5380
f 1673 1672 5383
f 5383 1672 1671
f 5386 1671 208
f 5385 5386 1611
f 5384 5385 1612
f 1677 5384 1613
f 1678 5381 5384
f 5378 5381 1678
f 5388 5391 5390
f 5389 5392 5391
f 5390 5391 5394
f 5391 5392 5395
f 1550 5387 1682
f 1549 5388 5387
f 1548 5389 5388
f 201 1676 5389
f 1676 1675 5392
f 5392 1675 1674
f 5395 1674 216
f 5394 5395 1635
f 5393 5394 1636
f 1680 5393 1637
f 1681 5390 5393
f 5387 5390 1681
f 5397 5400 5399
f 5398 5401 5400
f 5399 5400 5403
f 5400 5401 5404
f 1529 5396 1641
f 1528 5397 5396
f 1527 5398 5397
f 194 1679 5398
f 1679 1678 5401
f 5401 1678 1677
f 5404 1677 209
f 5403 5404 1614
f 5402 5403 1615
f 1643 5402 1616
f 1642 5399 5402
f 1641 5396 5399
f 5406 5407 5405
f 5409 5405 5407
f 5410 5411 5405
f 188 3332 5406
f 3332 3331 5407
f 1647 5406 5411
f 3336 5408 3330
f 3337 5409 5408
f 5408 5407 3331
f 203 1649 5410
f 1649 1648 5411
f 3338 5410 5409
f 5414 5412 5418
f 5415 5416 5412
f 5417 5418 5412
f 3335 5413 3341
f 3334 5414 5413
f 5413 5418 3340
f 202 1682 5415
f 1682 1681 5416
f 3333 5415 5414
f 217 3339 5417
f 3339 3340 5418
f 1680 5417 5416
f 5419 5420 5423
f 5420 5421 5424
f 5423 5426 5425
f 5424 5427 5426
f 215 1631 5419
f 1631 1630 5420
f 1630 1629 5421
f 1629 214 1728
f 5421 1728 1729
f 1729 1730 5427
f 1730 229 1716
f 5427 1716 1717
f 5426 1717 1718
f 5425 1718 230
f 5422 5425 1725
f 1727 5419 5422
f 5429 5432 5431
f 5430 5433 5432
f 5431 5432 5435
f 5432 5433 5436
f 1610 5428 1733
f 1609 5429 5428
f 1608 5430 5429
f 207 1734 5430
f 1734 1735 5433
f 5433 1735 1736
f 5436 1736 222
f 5435 5436 1695
f 5434 5435 1696
f 1731 5434 1697
f 1732 5431 5434
f 5428 5431 1732
f 5437 5438 5441
f 5438 5439 5442
f 5441 5444 5443
f 5442 5445 5444
f 216 1634 5437
f 1634 1633 5438
f 1633 1632 5439
f 1632 215 1727
f 5439 1727 1726
f 1726 1725 5445
f 1725 230 1719
f 5445 1719 1720
f 5444 1720 1721
f 5443 1721 231
f 5440 5443 1737
f 1739 5437 5440
f 5447 5450 5449
f 5448 5451 5450
f 5449 5450 5453
f 5450 5451 5454
f 1613 5446 1742
f 1612 5447 5446
f 1611 5448 5447
f 208 1733 5448
f 1733 1732 5451
f 5451 1732 1731
f 5454 1731 223
f 5453 5454 1698
f 5452 5453 1699
f 1740 5452 1700
f 1741 5449 5452
f 5446 5449 1741
f 5456 5459 5458
f 5457 5460 5459
f 5458 5459 5462
f 5459 5460 5463
f 1637 5455 1745
f 1636 5456 5455
f 1635 5457 5456
f 216 1739 5457
f 1739 1738 5460
f 5460 1738 1737
f 5463 1737 231
f 5462 5463 1722
f 5461 5462 1723
f 1743 5461 1724
f 1744 5458 5461
f 5455 5458 1744
f 5465 5468 5467
f 5466 5469 5468
f 5467 5468 5471
f 5468 5469 5472
f 1616 5464 1748
f 1615 5465 5464
f 1614 5466 5465
f 209 1742 5466
f 1742 1741 5469
f 5469 1741 1740
f 5472 1740 224
f 5471 5472 1701
f 5470 5471 1702
f 1746 5470 1703
f 1747 5467 5470
f 5464 5467 1747
f 5474 5475 5473
f 5477 5473 5475
f 5478 5479 5473
f 203 3338 5474
f 3338 3337 5475
f 1751 5474 5479
f 3342 5476 3336
f 3343 5477 5476
f 5476 5475 3337
f 218 1749 5478
f 1749 1750 5479
f 3344 5478 5477
f 5482 5480 5486
f 5483 5484 5480
f 5485 5486 5480
f 3341 5481 3347
f 3340 5482 5481
f 5481 5486 3346
f 217 1745 5483
f 1745 1744 5484
f 3339 5483 5482
f 232 3345 5485
f 3345 3346 5486
f 1743 5485 5484
f 5487 5488 5491
f 5488 5489 5492
f 5491 5494 5493
f 5492 5495 5494
f 211 1619 5487
f 1619 1618 5488
f 1618 1617 5489
f 1617 210 1748
f 5489 1748 1747
f 1747 1746 5495
f 1746 225 1704
f 5495 1704 1705
f 5494 1705 1706
f 5493 1706 226
f 5490 5493 1752
f 1754 5487 5490
f 5496 5497 5500
f 5497 5498 5501
f 5500 5503 5502
f 5501 5504 5503
f 204 1598 5496
f 1598 1597 5497
f 1597 1596 5498
f 1596 203 1751
f 5498 1751 1750
f 1750 1749 5504
f 1749 218 1683
f 5504 1683 1684
f 5503 1684 1685
f 5502 1685 219
f 5499 5502 1755
f 1757 5496 5499
f 5505 5506 5509
f 5506 5507 5510
f 5509 5512 5511
f 5510 5513 5512
f 212 1622 5505
f 1622 1621 5506
f 1621 1620 5507
f 1620 211 1754
f 5507 1754 1753
f 1753 1752 5513
f 1752 226 1707
f 5513 1707 1708
f 5512 1708 1709
f 5511 1709 227
f 5508 5511 1758
f 1760 5505 5508
f 5515 5518 5517
f 5516 5519 5518
f 5517 5518 5521
f 5518 5519 5522
f 1601 5514 1763
f 1600 5515 5514
f 1599 5516 5515
f 204 1757 5516
f 1757 1756 5519
f 5519 1756 1755
f 5522 1755 219
f 5521 5522 1686
f 5520 5521 1687
f 1761 5520 1688
f 1762 5517 5520
f 5514 5517 1762
f 5523 5524 5527
f 5524 5525 5528
f 5527 5530 5529
f 5528 5531 5530
f 213 1625 5523
f 1625 1624 5524
f 1624 1623 5525
f 1623 212 1760
f 5525 1760 1759
f 1759 1758 5531
f 1758 227 1710
f 5531 1710 1711
f 5530 1711 1712
f 5529 1712 228
f 5526 5529 1764
f 1766 5523 5526
f 5533 5536 5535
f 5534 5537 5536
f 5535 5536 5539
f 5536 5537 5540
f 1604 5532 1769
f 1603 5533 5532
f 1602 5534 5533
f 205 1763 5534
f 1763 1762 5537
f 5537 1762 1761
f 5540 1761 220
f 5539 5540 1689
f 5538 5539 1690
f 1767 5538 1691
f 1768 5535 5538
f 5532 5535 1768
f 5541 5542 5545
f 5542 5543 5546
f 5545 5548 5547
f 5546 5549 5548
f 214 1628 5541
f 1628 1627 5542
f 1627 1626 5543
f 1626 213 1766
f 5543 1766 1765
f 1765 1764 5549
f 1764 228 1713
f 5549 1713 1714
f 5548 1714 1715
f 5547 1715 229
f 5544 5547 1730
f 1728 5541 5544
f 5551 5554 5553
f 5552 5555 5554
f 5553 5554 5557
f 5554 5555 5558
f 1607 5550 1734
f 1606 5551 5550
f 1605 5552 5551
f 206 1769 5552
f 1769 1768 5555
f 5555 1768 1767
f 5558 1767 221
f 5557 5558 1692
f 5556 5557 1693
f 1736 5556 1694
f 1735 5553 5556
f 5550 5553 1735
f 5559 5560 5563
f 5560 5561 5564
f 5563 5566 5565
f 5564 5567 5566
f 219 1685 5559
f 1685 1684 5560
f 1684 1683 5561
f 1683 218 1815
f 5561 1815 1816
f 1816 1817 5567
f 1817 233 1770
f 5567 1770 1771
f 5566 1771 1772
f 5565 1772 234
f 5562 5565 1812
f 1814 5559 5562
f 5568 5569 5572
f 5569 5570 5573
f 5572 5575 5574
f 5573 5576 5575
f 227 1709 5568
f 1709 1708 5569
f 1708 1707 5570
f 1707 226 1821
f 5570 1821 1822
f 1822 1823 5576
f 1823 241 1794
f 5576 1794 1795
f 5575 1795 1796
f 5574 1796 242
f 5571 5574 1818
f 1820 5568 5571
f 5578 5581 5580
f 5579 5582 5581
f 5580 5581 5584
f 5581 5582 5585
f 1688 5577 1826
f 1687 5578 5577
f 1686 5579 5578
f 219 1814 5579
f 1814 1813 5582
f 5582 1813 1812
f 5585 1812 234
f 5584 5585 1773
f 5583 5584 1774
f 1824 5583 1775
f 1825 5580 5583
f 5577 5580 1825
f 5586 5587 5590
f 5587 5588 5591
f 5590 5593 5592
f 5591 5594 5593
f 228 1712 5586
f 1712 1711 5587
f 1711 1710 5588
f 1710 227 1820
f 5588 1820 1819
f 1819 1818 5594
f 1818 242 1797
f 5594 1797 1798
f 5593 1798 1799
f 5592 1799 243
f 5589 5592 1827
f 1829 5586 5589
f 5596 5599 5598
f 5597 5600 5599
f 5598 5599 5602
f 5599 5600 5603
f 1691 5595 1832
f 1690 5596 5595
f 1689 5597 5596
f 220 1826 5597
f 1826 1825 5600
f 5600 1825 1824
f 5603 1824 235
f 5602 5603 1776
f 5601 5602 1777
f 1830 5601 1778
f 1831 5598 5601
f 5595 5598 1831
f 5604 5605 5608
f 5605 5606 5609
f 5608 5611 5610
f 5609 5612 5611
f 229 1715 5604
f 1715 1714 5605
f 1714 1713 5606
f 1713 228 1829
f 5606 1829 1828
f 1828 1827 5612
f 1827 243 1800
f 5612 1800 1801
f 5611 1801 1802
f 5610 1802 244
f 5607 5610 1833
f 1835 5604 5607
f 5614 5617 5616
f 5615 5618 5617
f 5616 5617 5620
f 5617 5618 5621
f 1694 5613 1838
f 1693 5614 5613
f 1692 5615 5614
f 221 1832 5615
f 1832 1831 5618
f 5618 1831 1830
f 5621 1830 236
f 5620 5621 1779
f 5619 5620 1780
f 1836 5619 1781
f 1837 5616 5619
f 5613 5616 1837
f 5622 5623 5626
f 5623 5624 5627
f 5626 5629 5628
f 5627 5630 5629
f 230 1718 5622
f 1718 1717 5623
f 1717 1716 5624
f 1716 229 1835
f 5624 1835 1834
f 1834 1833 5630
f 1833 244 1803
f 5630 1803 1804
f 5629 1804 1805
f 5628 1805 245
f 5625 5628 1839
f 1841 5622 5625
f 5632 5635 5634
f 5633 5636 5635
f 5634 5635 5638
f 5635 5636 5639
f 1697 5631 1844
f 1696 5632 5631
f 1695 5633 5632
f 222 1838 5633
f 1838 1837 5636
f 5636 1837 1836
f 5639 1836 237
f 5638 5639 1782
f 5637 5638 1783
f 1842 5637 1784
f 1843 5634 5637
f 5631 5634 1843
f 5640 5641 5644
f 5641 5642 5645
f 5644 5647 5646
f 5645 5648 5647
f 231 1721 5640
f 1721 1720 5641
f 1720 1719 5642
f 1719 230 1841
f 5642 1841 1840
f 1840 1839 5648
f 1839 245 1806
f 5648 1806 1807
f 5647 1807 1808
f 5646 1808 246
f 5643 5646 1845
f 1847 5640 5643
f 5650 5653 5652
f 5651 5654 5653
f 5652 5653 5656
f 5653 5654 5657
f 1700 5649 1850
f 1699 5650 5649
f 1698 5651 5650
f 223 1844 5651
f 1844 1843 5654
f 5654 1843 1842
f 5657 1842 238
f 5656 5657 1785
f 5655 5656 1786
f 1848 5655 1787
f 1849 5652 5655
f 5649 5652 1849
f 5659 5662 5661
f 5660 5663 5662
f 5661 5662 5665
f 5662 5663 5666
f 1724 5658 1853
f 1723 5659 5658
f 1722 5660 5659
f 231 1847 5660
f 1847 1846 5663
f 5663 1846 1845
f 5666 1845 246
f 5665 5666 1809
f 5664 5665 1810
f 1851 5664 1811
f 1852 5661 5664
f 5658 5661 1852
f 5668 5671 5670
f 5669 5672 5671
f 5670 5671 5674
f 5671 5672 5675
f 1703 5667 1856
f 1702 5668 5667
f 1701 5669 5668
f 224 1850 5669
f 1850 1849 5672
f 5672 1849 1848
f 5675 1848 239
f 5674 5675 1788
f 5673 5674 1789
f 1854 5673 1790
f 1855 5670 5673
f 5667 5670 1855
f 5677 5678 5676
f 5680 5676 5678
f 5681 5682 5676
f 218 3344 5677
f 3344 3343 5678
f 1815 5677 5682
f 3348 5679 3342
f 3349 5680 5679
f 5679 5678 3343
f 233 1817 5681
f 1817 1816 5682
f 3350 5681 5680
f 5685 5683 5689
f 5686 5687 5683
f 5688 5689 5683
f 3347 5684 3353
f 3346 5685 5684
f 5684 5689 3352
f 232 1853 5686
f 1853 1852 5687
f 3345 5686 5685
f 247 3351 5688
f 3351 3352 5689
f 1851 5688 5687
f 5690 5691 5694
f 5691 5692 5695
f 5694 5697 5696
f 5695 5698 5697
f 226 1706 5690
f 1706 1705 5691
f 1705 1704 5692
f 1704 225 1856
f 5692 1856 1855
f 1855 1854 5698
f 1854 240 1791
f 5698 1791 1792
f 5697 1792 1793
f 5696 1793 241
f 5693 5696 1823
f 1821 5690 5693
f 5700 5703 5702
f 5701 5704 5703
f 5702 5703 5706
f 5703 5704 5707
f 1784 5699 1901
f 1783 5700 5699
f 1782 5701 5700
f 237 1902 5701
f 1902 1903 5704
f 5704 1903 1904
f 5707 1904 252
f 5706 5707 1869
f 5705 5706 1870
f 1899 5705 1871
f 1900 5702 5705
f 5699 5702 1900
f 5708 5709 5712
f 5709 5710 5713
f 5712 5715 5714
f 5713 5716 5715
f 246 1808 5708
f 1808 1807 5709
f 1807 1806 5710
f 1806 245 1908
f 5710 1908 1909
f 1909 1910 5716
f 1910 260 1893
f 5716 1893 1894
f 5715 1894 1895
f 5714 1895 261
f 5711 5714 1905
f 1907 5708 5711
f 5718 5721 5720
f 5719 5722 5721
f 5720 5721 5724
f 5721 5722 5725
f 1787 5717 1913
f 1786 5718 5717
f 1785 5719 5718
f 238 1901 5719
f 1901 1900 5722
f 5722 1900 1899
f 5725 1899 253
f 5724 5725 1872
f 5723 5724 1873
f 1911 5723 1874
f 1912 5720 5723
f 5717 5720 1912
f 5727 5730 5729
f 5728 5731 5730
f 5729 5730 5733
f 5730 5731 5734
f 1811 5726 1916
f 1810 5727 5726
f 1809 5728 5727
f 246 1907 5728
f 1907 1906 5731
f 5731 1906 1905
f 5734 1905 261
f 5733 5734 1896
f 5732 5733 1897
f 1914 5732 1898
f 1915 5729 5732
f 5726 5729 1915
f 5736 5739 5738
f 5737 5740 5739
f 5738 5739 5742
f 5739 5740 5743
f 1790 5735 1919
f 1789 5736 5735
f 1788 5737 5736
f 239 1913 5737
f 1913 1912 5740
f 5740 1912 1911
f 5743 1911 254
f 5742 5743 1875
f 5741 5742 1876
f 1917 5741 1877
f 1918 5738 5741
f 5735 5738 1918
f 5745 5746 5744
f 5748 5744 5746
f 5749 5750 5744
f 233 3350 5745
f 3350 3349 5746
f 1922 5745 5750
f 3354 5747 3348
f 3355 5748 5747
f 5747 5746 3349
f 248 1920 5749
f 1920 1921 5750
f 3356 5749 5748
f 5753 5751 5757
f 5754 5755 5751
f 5756 5757 5751
f 3353 5752 3359
f 3352 5753 5752
f 5752 5757 3358
f 247 1916 5754
f 1916 1915 5755
f 3351 5754 5753
f 262 3357 5756
f 3357 3358 5757
f 1914 5756 5755
f 5758 5759 5762
f 5759 5760 5763
f 5762 5765 5764
f 5763 5766 5765
f 241 1793 5758
f 1793 1792 5759
f 1792 1791 5760
f 1791 240 1919
f 5760 1919 1918
f 1918 1917 5766
f 1917 255 1878
f 5766 1878 1879
f 5765 1879 1880
f 5764 1880 256
f 5761 5764 1923
f 1925 5758 5761
f 5767 5768 5771
f 5768 5769 5772
f 5771 5774 5773
f 5772 5775 5774
f 234 1772 5767
f 1772 1771 5768
f 1771 1770 5769
f 1770 233 1922
f 5769 1922 1921
f 1921 1920 5775
f 1920 248 1857
f 5775 1857 1858
f 5774 1858 1859
f 5773 1859 249
f 5770 5773 1926
f 1928 5767 5770
f 5776 5777 5780
f 5777 5778 5781
f 5780 5783 5782
f 5781 5784 5783
f 242 1796 5776
f 1796 1795 5777
f 1795 1794 5778
f 1794 241 1925
f 5778 1925 1924
f 1924 1923 5784
f 1923 256 1881
f 5784 1881 1882
f 5783 1882 1883
f 5782 1883 257
f 5779 5782 1929
f 1931 5776 5779
f 5786 5789 5788
f 5787 5790 5789
f 5788 5789 5792
f 5789 5790 5793
f 1775 5785 1934
f 1774 5786 5785
f 1773 5787 5786
f 234 1928 5787
f 1928 1927 5790
f 5790 1927 1926
f 5793 1926 249
f 5792 5793 1860
f 5791 5792 1861
f 1932 5791 1862
f 1933 5788 5791
f 5785 5788 1933
f 5794 5795 5798
f 5795 5796 5799
f 5798 5801 5800
f 5799 5802 5801
f 243 1799 5794
f 1799 1798 5795
f 1798 1797 5796
f 1797 242 1931
f 5796 1931 1930
f 1930 1929 5802
f 1929 257 1884
f 5802 1884 1885
f 5801 1885 1886
f 5800 1886 258
f 5797 5800 1935
f 1937 5794 5797
f 5804 5807 5806
f 5805 5808 5807
f 5806 5807 5810
f 5807 5808 5811
f 1778 5803 1940
f 1777 5804 5803
f 1776 5805 5804
f 235 1934 5805
f 1934 1933 5808
f 5808 1933 1932
f 5811 1932 250
f 5810 5811 1863
f 5809 5810 1864
f 1938 5809 1865
f 1939 5806 5809
f 5803 5806 1939
f 5812 5813 5816
f 5813 5814 5817
f 5816 5819 5818
f 5817 5820 5819
f 244 1802 5812
f 1802 1801 5813
f 1801 1800 5814
f 1800 243 1937
f 5814 1937 1936
f 1936 1935 5820
f 1935 258 1887
f 5820 1887 1888
f 5819 1888 1889
f 5818 1889 259
f 5815 5818 1941
f 1943 5812 5815
f 5822 5825 5824
f 5823 5826 5825
f 5824 5825 5828
f 5825 5826 5829
f 1781 5821 1902
f 1780 5822 5821
f 1779 5823 5822
f 236 1940 5823
f 1940 1939 5826
f 5826 1939 1938
f 5829 1938 251
f 5828 5829 1866
f 5827 5828 1867
f 1904 5827 1868
f 1903 5824 5827
f 5821 5824 1903
f 5830 5831 5834
f 5831 5832 5835
f 5834 5837 5836
f 5835 5838 5837
f 245 1805 5830
f 1805 1804 5831
f 1804 1803 5832
f 1803 244 1943
f 5832 1943 1942
f 1942 1941 5838
f 1941 259 1890
f 5838 1890 1891
f 5837 1891 1892
f 5836 1892 260
f 5833 5836 1910
f 1908 5830 5833
f 5839 5840 5843
f 5840 5841 5844
f 5843 5846 5845
f 5844 5847 5846
f 257 1883 5839
f 1883 1882 5840
f 1882 1881 5841
f 1881 256 1989
f 5841 1989 1990
f 1990 1991 5847
f 1991 271 1968
f 5847 1968 1969
f 5846 1969 1970
f 5845 1970 272
f 5842 5845 1986
f 1988 5839 5842
f 5849 5852 5851
f 5850 5853 5852
f 5851 5852 5855
f 5852 5853 5856
f 1862 5848 1994
f 1861 5849 5848
f 1860 5850 5849
f 249 1995 5850
f 1995 1996 5853
f 5853 1996 1997
f 5856 1997 264
f 5855 5856 1947
f 5854 5855 1948
f 1992 5854 1949
f 1993 5851 5854
f 5848 5851 1993
f 5857 5858 5861
f 5858 5859 5862
f 5861 5864 5863
f 5862 5865 5864
f 258 1886 5857
f 1886 1885 5858
f 1885 1884 5859
f 1884 257 1988
f 5859 1988 1987
f 1987 1986 5865
f 1986 272 1971
f 5865 1971 1972
f 5864 1972 1973
f 5863 1973 273
f 5860 5863 1998
f 2000 5857 5860
f 5867 5870 5869
f 5868 5871 5870
f 5869 5870 5873
f 5870 5871 5874
f 1865 5866 2003
f 1864 5867 5866
f 1863 5868 5867
f 250 1994 5868
f 1994 1993 5871
f 5871 1993 1992
f 5874 1992 265
f 5873 5874 1950
f 5872 5873 1951
f 2001 5872 1952
f 2002 5869 5872
f 5866 5869 2002
f 5875 5876 5879
f 5876 5877 5880
f 5879 5882 5881
f 5880 5883 5882
f 259 1889 5875
f 1889 1888 5876
f 1888 1887 5877
f 1887 258 2000
f 5877 2000 1999
f 1999 1998 5883
f 1998 273 1974
f 5883 1974 1975
f 5882 1975 1976
f 5881 1976 274
f 5878 5881 2004
f 2006 5875 5878
f 5885 5888 5887
f 5886 5889 5888
f 5887 5888 5891
f 5888 5889 5892
f 1868 5884 2009
f 1867 5885 5884
f 1866 5886 5885
f 251 2003 5886
f 2003 2002 5889
f 5889 2002 2001
f 5892 2001 266
f 5891 5892 1953
f 5890 5891 1954
f 2007 5890 1955
f 2008 5887 5890
f 5884 5887 2008
f 5893 5894 5897
f 5894 5895 5898
f 5897 5900 5899
f 5898 5901 5900
f 260 1892 5893
f 1892 1891 5894
f 1891 1890 5895
f 1890 259 2006
f 5895 2006 2005
f 2005 2004 5901
f 2004 274 1977
f 5901 1977 1978
f 5900 1978 1979
f 5899 1979 275
f 5896 5899 2010
f 2012 5893 5896
f 5903 5906 5905
f 5904 5907 5906
f 5905 5906 5909
f 5906 5907 5910
f 1871 5902 2015
f 1870 5903 5902
f 1869 5904 5903
f 252 2009 5904
f 2009 2008 5907
f 5907 2008 2007
f 5910 2007 267
f 5909 5910 1956
f 5908 5909 1957
f 2013 5908 1958
f 2014 5905 5908
f 5902 5905 2014
f 5911 5912 5915
f 5912 5913 5916
f 5915 5918 5917
f 5916 5919 5918
f 261 1895 5911
f 1895 1894 5912
f 1894 1893 5913
f 1893 260 2012
f 5913 2012 2011
f 2011 2010 5919
f 2010 275 1980
f 5919 1980 1981
f 5918 1981 1982
f 5917 1982 276
f 5914 5917 2016
f 2018 5911 5914
f 5921 5924 5923
f 5922 5925 5924
f 5923 5924 5927
f 5924 5925 5928
f 1874 5920 2021
f 1873 5921 5920
f 1872 5922 5921
f 253 2015 5922
f 2015 2014 5925
f 5925 2014 2013
f 5928 2013 268
f 5927 5928 1959
f 5926 5927 1960
f 2019 5926 1961
f 2020 5923 5926
f 5920 5923 2020
f 5930 5933 5932
f 5931 5934 5933
f 5932 5933 5936
f 5933 5934 5937
f 1898 5929 2024
f 1897 5930 5929
f 1896 5931 5930
f 261 2018 5931
f 2018 2017 5934
f 5934 2017 2016
f 5937 2016 276
f 5936 5937 1983
f 5935 5936 1984
f 2022 5935 1985
f 2023 5932 5935
f 5929 5932 2023
f 5939 5942 5941
f 5940 5943 5942
f 5941 5942 5945
f 5942 5943 5946
f 1877 5938 2027
f 1876 5939 5938
f 1875 5940 5939
f 254 2021 5940
f 2021 2020 5943
f 5943 2020 2019
f 5946 2019 269
f 5945 5946 1962
f 5944 5945 1963
f 2025 5944 1964
f 2026 5941 5944
f 5938 5941 2026
f 5948 5949 5947
f 5951 5947 5949
f 5952 5953 5947
f 248 3356 5948
f 3356 3355 5949
f 2030 5948 5953
f 3360 5950 3354
f 3361 5951 5950
f 5950 5949 3355
f 263 2028 5952
f 2028 2029 5953
f 3362 5952 5951
f 5956 5954 5960
f 5957 5958 5954
f 5959 5960 5954
f 3359 5955 3365
f 3358 5956 5955
f 5955 5960 3364
f 262 2024 5957
f 2024 2023 5958
f 3357 5957 5956
f 277 3363 5959
f 3363 3364 5960
f 2022 5959 5958
f 5961 5962 5965
f 5962 5963 5966
f 5965 5968 5967
f 5966 5969 5968
f 256 1880 5961
f 1880 1879 5962
f 1879 1878 5963
f 1878 255 2027
f 5963 2027 2026
f 2026 2025 5969
f 2025 270 1965
f 5969 1965 1966
f 5968 1966 1967
f 5967 1967 271
f 5964 5967 1991
f 1989 5961 5964
f 5970 5971 5974
f 5971 5972 5975
f 5974 5977 5976
f 5975 5978 5977
f 249 1859 5970
f 1859 1858 5971
f 1858 1857 5972
f 1857 248 2030
f 5972 2030 2029
f 2029 2028 5978
f 2028 263 1944
f 5978 1944 1945
f 5977 1945 1946
f 5976 1946 264
f 5973 5976 1997
f 1995 5970 5973
f 5979 5980 5983
f 5980 5981 5984
f 5983 5986 5985
f 5984 5987 5986
f 276 1982 5979
f 1982 1981 5980
f 1981 1980 5981
f 1980 275 2076
f 5981 2076 2077
f 2077 2078 5987
f 2078 290 2067
f 5987 2067 2068
f 5986 2068 2069
f 5985 2069 291
f 5982 5985 2073
f 2075 5979 5982
f 5989 5992 5991
f 5990 5993 5992
f 5991 5992 5995
f 5992 5993 5996
f 1961 5988 2081
f 1960 5989 5988
f 1959 5990 5989
f 268 2082 5990
f 2082 2083 5993
f 5993 2083 2084
f 5996 2084 283
f 5995 5996 2046
f 5994 5995 2047
f 2079 5994 2048
f 2080 5991 5994
f 5988 5991 2080
f 5998 6001 6000
f 5999 6002 6001
f 6000 6001 6004
f 6001 6002 6005
f 1985 5997 2087
f 1984 5998 5997
f 1983 5999 5998
f 276 2075 5999
f 2075 2074 6002
f 6002 2074 2073
f 6005 2073 291
f 6004 6005 2070
f 6003 6004 2071
f 2085 6003 2072
f 2086 6000 6003
f 5997 6000 2086
f 6007 6010 6009
f 6008 6011 6010
f 6009 6010 6013
f 6010 6011 6014
f 1964 6006 2090
f 1963 6007 6006
f 1962 6008 6007
f 269 2081 6008
f 2081 2080 6011
f 6011 2080 2079
f 6014 2079 284
f 6013 6014 2049
f 6012 6013 2050
f 2088 6012 2051
f 2089 6009 6012
f 6006 6009 2089
f 6016 6017 6015
f 6019 6015 6017
f 6020 6021 6015
f 263 3362 6016
f 3362 3361 6017
f 2093 6016 6021
f 3366 6018 3360
f 3367 6019 6018
f 6018 6017 3361
f 278 2091 6020
f 2091 2092 6021
f 3368 6020 6019
f 6024 6022 6028
f 6025 6026 6022
f 6027 6028 6022
f 3365 6023 3371
f 3364 6024 6023
f 6023 6028 3370
f 277 2087 6025
f 2087 2086 6026
f 3363 6025 6024
f 292 3369 6027
f 3369 3370 6028
f 2085 6027 6026
f 6029 6030 6033
f 6030 6031 6034
f 6033 6036 6035
f 6034 6037 6036
f 271 1967 6029
f 1967 1966 6030
f 1966 1965 6031
f 1965 270 2090
f 6031 2090 2089
f 2089 2088 6037
f 2088 285 2052
f 6037 2052 2053
f 6036 2053 2054
f 6035 2054 286
f 6032 6035 2094
f 2096 6029 6032
f 6038 6039 6042
f 6039 6040 6043
f 6042 6045 6044
f 6043 6046 6045
f 264 1946 6038
f 1946 1945 6039
f 1945 1944 6040
f 1944 263 2093
f 6040 2093 2092
f 2092 2091 6046
f 2091 278 2031
f 6046 2031 2032
f 6045 2032 2033
f 6044 2033 279
f 6041 6044 2097
f 2099 6038 6041
f 6047 6048 6051
f 6048 6049 6052
f 6051 6054 6053
f 6052 6055 6054
f 272 1970 6047
f 1970 1969 6048
f 1969 1968 6049
f 1968 271 2096
f 6049 2096 2095
f 2095 2094 6055
f 2094 286 2055
f 6055 2055 2056
f 6054 2056 2057
f 6053 2057 287
f 6050 6053 2100
f 2102 6047 6050
f 6057 6060 6059
f 6058 6061 6060
f 6059 6060 6063
f 6060 6061 6064
f 1949 6056 2105
f 1948 6057 6056
f 1947 6058 6057
f 264 2099 6058
f 2099 2098 6061
f 6061 2098 2097
f 6064 2097 279
f 6063 6064 2034
f 6062 6063 2035
f 2103 6062 2036
f 2104 6059 6062
f 6056 6059 2104
f 6065 6066 6069
f 6066 6067 6070
f 6069 6072 6071
f 6070 6073 6072
f 273 1973 6065
f 1973 1972 6066
f 1972 1971 6067
f 1971 272 2102
f 6067 2102 2101
f 2101 2100 6073
f 2100 287 2058
f 6073 2058 2059
f 6072 2059 2060
f 6071 2060 288
f 6068 6071 2106
f 2108 6065 6068
f 6075 6078 6077
f 6076 6079 6078
f 6077 6078 6081
f 6078 6079 6082
f 1952 6074 2111
f 1951 6075 6074
f 1950 6076 6075
f 265 2105 6076
f 2105 2104 6079
f 6079 2104 2103
f 6082 2103 280
f 6081 6082 2037
f 6080 6081 2038
f 2109 6080 2039
f 2110 6077 6080
f 6074 6077 2110
f 6083 6084 6087
f 6084 6085 6088
f 6087 6090 6089
f 6088 6091 6090
f 274 1976 6083
f 1976 1975 6084
f 1975 1974 6085
f 1974 273 2108
f 6085 2108 2107
f 2107 2106 6091
f 2106 288 2061
f 6091 2061 2062
f 6090 2062 2063
f 6089 2063 289
f 6086 6089 2112
f 2114 6083 6086
f 6093 6096 6095
f 6094 6097 6096
f 6095 6096 6099
f 6096 6097 6100
f 1955 6092 2117
f 1954 6093 6092
f 1953 6094 6093
f 266 2111 6094
f 2111 2110 6097
f 6097 2110 2109
f 6100 2109 281
f 6099 6100 2040
f 6098 6099 2041
f 2115 6098 2042
f 2116 6095 6098
f 6092 6095 2116
f 6101 6102 6105
f 6102 6103 6106
f 6105 6108 6107
f 6106 6109 6108
f 275 1979 6101
f 1979 1978 6102
f 1978 1977 6103
f 1977 274 2114
f 6103 2114 2113
f 2113 2112 6109
f 2112 289 2064
f 6109 2064 2065
f 6108 2065 2066
f 6107 2066 290
f 6104 6107 2078
f 2076 6101 6104
f 6111 6114 6113
f 6112 6115 6114
f 6113 6114 6117
f 6114 6115 6118
f 1958 6110 2082
f 1957 6111 6110
f 1956 6112 6111
f 267 2117 6112
f 2117 2116 6115
f 6115 2116 2115
f 6118 2115 282
f 6117 6118 2043
f 6116 6117 2044
f 2084 6116 2045
f 2083 6113 6116
f 6110 6113 2083
f 6119 6120 6123
f 6120 6121 6124
f 6123 6126 6125
f 6124 6127 6126
f 288 2060 6119
f 2060 2059 6120
f 2059 2058 6121
f 2058 287 2166
f 6121 2166 2167
f 2167 2168 6127
f 2168 302 2145
f 6127 2145 2146
f 6126 2146 2147
f 6125 2147 303
f 6122 6125 2163
f 2165 6119 6122
f 6129 6132 6131
f 6130 6133 6132
f 6131 6132 6135
f 6132 6133 6136
f 2039 6128 2171
f 2038 6129 6128
f 2037 6130 6129
f 280 2172 6130
f 2172 2173 6133
f 6133 2173 2174
f 6136 2174 295
f 6135 6136 2124
f 6134 6135 2125
f 2169 6134 2126
f 2170 6131 6134
f 6128 6131 2170
f 6137 6138 6141
f 6138 6139 6142
f 6141 6144 6143
f 6142 6145 6144
f 289 2063 6137
f 2063 2062 6138
f 2062 2061 6139
f 2061 288 2165
f 6139 2165 2164
f 2164 2163 6145
f 2163 303 2148
f 6145 2148 2149
f 6144 2149 2150
f 6143 2150 304
f 6140 6143 2175
f 2177 6137 6140
f 6147 6150 6149
f 6148 6151 6150
f 6149 6150 6153
f 6150 6151 6154
f 2042 6146 2180
f 2041 6147 6146
f 2040 6148 6147
f 281 2171 6148
f 2171 2170 6151
f 6151 2170 2169
f 6154 2169 296
f 6153 6154 2127
f 6152 6153 2128
f 2178 6152 2129
f 2179 6149 6152
f 6146 6149 2179
f 6155 6156 6159
f 6156 6157 6160
f 6159 6162 6161
f 6160 6163 6162
f 290 2066 6155
f 2066 2065 6156
f 2065 2064 6157
f 2064 289 2177
f 6157 2177 2176
f 2176 2175 6163
f 2175 304 2151
f 6163 2151 2152
f 6162 2152 2153
f 6161 2153 305
f 6158 6161 2181
f 2183 6155 6158
f 6165 6168 6167
f 6166 6169 6168
f 6167 6168 6171
f 6168 6169 6172
f 2045 6164 2186
f 2044 6165 6164
f 2043 6166 6165
f 282 2180 6166
f 2180 2179 6169
f 6169 2179 2178
f 6172 2178 297
f 6171 6172 2130
f 6170 6171 2131
f 2184 6170 2132
f 2185 6167 6170
f 6164 6167 2185
f 6173 6174 6177
f 6174 6175 6178
f 6177 6180 6179
f 6178 6181 6180
f 291 2069 6173
f 2069 2068 6174
f 2068 2067 6175
f 2067 290 2183
f 6175 2183 2182
f 2182 2181 6181
f 2181 305 2154
f 6181 2154 2155
f 6180 2155 2156
f 6179 2156 306
f 6176 6179 2187
f 2189 6173 6176
f 6183 6186 6185
f 6184 6187 6186
f 6185 6186 6189
f 6186 6187 6190
f 2048 6182 2192
f 2047 6183 6182
f 2046 6184 6183
f 283 2186 6184
f 2186 2185 6187
f 6187 2185 2184
f 6190 2184 298
f 6189 6190 2133
f 6188 6189 2134
f 2190 6188 2135
f 2191 6185 6188
f 6182 6185 2191
f 6192 6195 6194
f 6193 6196 6195
f 6194 6195 6198
f 6195 6196 6199
f 2072 6191 2195
f 2071 6192 6191
f 2070 6193 6192
f 291 2189 6193
f 2189 2188 6196
f 6196 2188 2187
f 6199 2187 306
f 6198 6199 2157
f 6197 6198 2158
f 2193 6197 2159
f 2194 6194 6197
f 6191 6194 2194
f 6201 6204 6203
f 6202 6205 6204
f 6203 6204 6207
f 6204 6205 6208
f 2051 6200 2198
f 2050 6201 6200
f 2049 6202 6201
f 284 2192 6202
f 2192 2191 6205
f 6205 2191 2190
f 6208 2190 299
f 6207 6208 2136
f 6206 6207 2137
f 2196 6206 2138
f 2197 6203 6206
f 6200 6203 2197
f 6210 6211 6209
f 6213 6209 6211
f 6214 6215 6209
f 278 3368 6210
f 3368 3367 6211
f 2201 6210 6215
f 3372 6212 3366
f 3373 6213 6212
f 6212 6211 3367
f 293 2199 6214
f 2199 2200 6215
f 3374 6214 6213
f 6218 6216 6222
f 6219 6220 6216
f 6221 6222 6216
f 3371 6217 2162
f 3370 6218 6217
f 6217 6222 2161
f 292 2195 6219
f 2195 2194 6220
f 3369 6219 6218
f 307 2160 6221
f 2160 2161 6222
f 2193 6221 6220
f 6223 6224 6227
f 6224 6225 6228
f 6227 6230 6229
f 6228 6231 6230
f 286 2054 6223
f 2054 2053 6224
f 2053 2052 6225
f 2052 285 2198
f 6225 2198 2197
f 2197 2196 6231
f 2196 300 2139
f 6231 2139 2140
f 6230 2140 2141
f 6229 2141 301
f 6226 6229 2202
f 2204 6223 6226
f 6232 6233 6236
f 6233 6234 6237
f 6236 6239 6238
f 6237 6240 6239
f 279 2033 6232
f 2033 2032 6233
f 2032 2031 6234
f 2031 278 2201
f 6234 2201 2200
f 2200 2199 6240
f 2199 293 2118
f 6240 2118 2119
f 6239 2119 2120
f 6238 2120 294
f 6235 6238 2205
f 2207 6232 6235
f 6241 6242 6245
f 6242 6243 6246
f 6245 6248 6247
f 6246 6249 6248
f 287 2057 6241
f 2057 2056 6242
f 2056 2055 6243
f 2055 286 2204
f 6243 2204 2203
f 2203 2202 6249
f 2202 301 2142
f 6249 2142 2143
f 6248 2143 2144
f 6247 2144 302
f 6244 6247 2168
f 2166 6241 6244
f 6251 6254 6253
f 6252 6255 6254
f 6253 6254 6257
f 6254 6255 6258
f 2036 6250 2172
f 2035 6251 6250
f 2034 6252 6251
f 279 2207 6252
f 2207 2206 6255
f 6255 2206 2205
f 6258 2205 294
f 6257 6258 2121
f 6256 6257 2122
f 2174 6256 2123
f 2173 6253 6256
f 6250 6253 2173
f 6260 6263 6262
f 6261 6264 6263
f 6262 6263 6266
f 6263 6264 6267
f 2159 6259 2252
f 2158 6260 6259
f 2157 6261 6260
f 306 2253 6261
f 2253 2254 6264
f 6264 2254 2255
f 6267 2255 322
f 6266 6267 2247
f 6265 6266 2248
f 2250 6265 2249
f 2251 6262 6265
f 6259 6262 2251
f 6269 6272 6271
f 6270 6273 6272
f 6271 6272 6275
f 6272 6273 6276
f 2138 6268 2258
f 2137 6269 6268
f 2136 6270 6269
f 299 2259 6270
f 2259 2260 6273
f 6273 2260 2261
f 6276 2261 315
f 6275 6276 2226
f 6274 6275 2227
f 2256 6274 2228
f 2257 6271 6274
f 6268 6271 2257
f 6278 6279 6277
f 6281 6277 6279
f 6282 6283 6277
f 293 3374 6278
f 3374 3373 6279
f 2264 6278 6283
f 3375 6280 3372
f 3376 6281 6280
f 6280 6279 3373
f 309 2262 6282
f 2262 2263 6283
f 3377 6282 6281
f 6286 6284 6290
f 6287 6288 6284
f 6289 6290 6284
f 2162 6285 3380
f 2161 6286 6285
f 6285 6290 3379
f 307 2252 6287
f 2252 2251 6288
f 2160 6287 6286
f 323 3378 6289
f 3378 3379 6290
f 2250 6289 6288
f 6291 6292 6295
f 6292 6293 6296
f 6295 6298 6297
f 6296 6299 6298
f 301 2141 6291
f 2141 2140 6292
f 2140 2139 6293
f 2139 300 2258
f 6293 2258 2257
f 6296 2257 2256
f 2256 316 2229
f 6299 2229 2230
f 6298 2230 2231
f 6297 2231 317
f 6294 6297 2265
f 2267 6291 6294
f 6300 6301 6304
f 6301 6302 6305
f 6304 6307 6306
f 6305 6308 6307
f 294 2120 6300
f 2120 2119 6301
f 2119 2118 6302
f 2118 293 2264
f 6302 2264 2263
f 2263 2262 6308
f 2262 309 2208
f 6308 2208 2209
f 6307 2209 2210
f 6306 2210 310
f 6303 6306 2268
f 2270 6300 6303
f 6309 6310 6313
f 6310 6311 6314
f 6313 6316 6315
f 6314 6317 6316
f 302 2144 6309
f 2144 2143 6310
f 2143 2142 6311
f 2142 301 2267
f 6311 2267 2266
f 2266 2265 6317
f 2265 317 2232
f 6317 2232 2233
f 6316 2233 2234
f 6315 2234 318
f 6312 6315 2271
f 2273 6309 6312
f 6319 6322 6321
f 6320 6323 6322
f 6321 6322 6325
f 6322 6323 6326
f 2123 6318 2276
f 2122 6319 6318
f 2121 6320 6319
f 294 2270 6320
f 2270 2269 6323
f 6323 2269 2268
f 6326 2268 310
f 6325 6326 2211
f 6324 6325 2212
f 2274 6324 2213
f 2275 6321 6324
f 6318 6321 2275
f 6327 6328 6331
f 6328 6329 6332
f 6331 6334 6333
f 6332 6335 6334
f 303 2147 6327
f 2147 2146 6328
f 2146 2145 6329
f 2145 302 2273
f 6329 2273 2272
f 2272 2271 6335
f 2271 318 2235
f 6335 2235 2236
f 6334 2236 2237
f 6333 2237 319
f 6330 6333 2277
f 2279 6327 6330
f 6337 6340 6339
f 6338 6341 6340
f 6339 6340 6343
f 6340 6341 6344
f 2126 6336 2282
f 2125 6337 6336
f 2124 6338 6337
f 295 2276 6338
f 2276 2275 6341
f 6341 2275 2274
f 6344 2274 311
f 6343 6344 2214
f 6342 6343 2215
f 2280 6342 2216
f 2281 6339 6342
f 6336 6339 2281
f 6345 6346 6349
f 6346 6347 6350
f 6349 6352 6351
f 6350 6353 6352
f 304 2150 6345
f 2150 2149 6346
f 2149 2148 6347
f 2148 303 2279
f 6347 2279 2278
f 2278 2277 6353
f 2277 319 2238
f 6353 2238 2239
f 6352 2239 2240
f 6351 2240 320
f 6348 6351 2283
f 2285 6345 6348
f 6355 6358 6357
f 6356 6359 6358
f 6357 6358 6361
f 6358 6359 6362
f 2129 6354 2288
f 2128 6355 6354
f 2127 6356 6355
f 296 2282 6356
f 2282 2281 6359
f 6359 2281 2280
f 6362 2280 312
f 6361 6362 2217
f 6360 6361 2218
f 2286 6360 2219
f 2287 6357 6360
f 6354 6357 2287
f 6363 6364 6367
f 6364 6365 6368
f 6367 6370 6369
f 6368 6371 6370
f 305 2153 6363
f 2153 2152 6364
f 2152 2151 6365
f 2151 304 2285
f 6365 2285 2284
f 2284 2283 6371
f 2283 320 2241
f 6371 2241 2242
f 6370 2242 2243
f 6369 2243 321
f 6366 6369 2289
f 2291 6363 6366
f 6373 6376 6375
f 6374 6377 6376
f 6375 6376 6379
f 6376 6377 6380
f 2132 6372 2294
f 2131 6373 6372
f 2130 6374 6373
f 297 2288 6374
f 2288 2287 6377
f 6377 2287 2286
f 6380 2286 313
f 6379 6380 2220
f 6378 6379 2221
f 2292 6378 2222
f 2293 6375 6378
f 6372 6375 2293
f 6381 6382 6385
f 6382 6383 6386
f 6385 6388 6387
f 6386 6389 6388
f 306 2156 6381
f 2156 2155 6382
f 2155 2154 6383
f 2154 305 2291
f 6383 2291 2290
f 2290 2289 6389
f 2289 321 2244
f 6389 2244 2245
f 6388 2245 2246
f 6387 2246 322
f 6384 6387 2255
f 2253 6381 6384
f 6391 6394 6393
f 6392 6395 6394
f 6393 6394 6397
f 6394 6395 6398
f 2135 6390 2259
f 2134 6391 6390
f 2133 6392 6391
f 298 2294 6392
f 2294 2293 6395
f 6395 2293 2292
f 6398 2292 314
f 6397 6398 2223
f 6396 6397 2224
f 2261 6396 2225
f 2260 6393 6396
f 6390 6393 2260
f 6400 6403 6402
f 6401 6404 6403
f 6402 6403 6406
f 6403 6404 6407
f 2216 6399 2339
f 2215 6400 6399
f 2214 6401 6400
f 311 2340 6401
f 2340 2341 6404
f 6404 2341 2342
f 6407 2342 326
f 6406 6407 2301
f 6405 6406 2302
f 2337 6405 2303
f 2338 6402 6405
f 6399 6402 2338
f 6408 6409 6412
f 6409 6410 6413
f 6412 6415 6414
f 6413 6416 6415
f 320 2240 6408
f 2240 2239 6409
f 2239 2238 6410
f 2238 319 2346
f 6410 2346 2347
f 2347 2348 6416
f 2348 334 2325
f 6416 2325 2326
f 6415 2326 2327
f 6414 2327 335
f 6411 6414 2343
f 2345 6408 6411
f 6418 6421 6420
f 6419 6422 6421
f 6420 6421 6424
f 6421 6422 6425
f 2219 6417 2351
f 2218 6418 6417
f 2217 6419 6418
f 312 2339 6419
f 2339 2338 6422
f 6422 2338 2337
f 6425 2337 327
f 6424 6425 2304
f 6423 6424 2305
f 2349 6423 2306
f 2350 6420 6423
f 6417 6420 2350
f 6426 6427 6430
f 6427 6428 6431
f 6430 6433 6432
f 6431 6434 6433
f 321 2243 6426
f 2243 2242 6427
f 2242 2241 6428
f 2241 320 2345
f 6428 2345 2344
f 2344 2343 6434
f 2343 335 2328
f 6434 2328 2329
f 6433 2329 2330
f 6432 2330 336
f 6429 6432 2352
f 2354 6426 6429
f 6436 6439 6438
f 6437 6440 6439
f 6438 6439 6442
f 6439 6440 6443
f 2222 6435 2357
f 2221 6436 6435
f 2220 6437 6436
f 313 2351 6437
f 2351 2350 6440
f 6440 2350 2349
f 6443 2349 328
f 6442 6443 2307
f 6441 6442 2308
f 2355 6441 2309
f 2356 6438 6441
f 6435 6438 2356
f 6444 6445 6448
f 6445 6446 6449
f 6448 6451 6450
f 6449 6452 6451
f 322 2246 6444
f 2246 2245 6445
f 2245 2244 6446
f 2244 321 2354
f 6446 2354 2353
f 2353 2352 6452
f 2352 336 2331
f 6452 2331 2332
f 6451 2332 2333
f 6450 2333 337
f 6447 6450 2358
f 2360 6444 6447
f 6454 6457 6456
f 6455 6458 6457
f 6456 6457 6460
f 6457 6458 6461
f 2225 6453 2363
f 2224 6454 6453
f 2223 6455 6454
f 314 2357 6455
f 2357 2356 6458
f 6458 2356 2355
f 6461 2355 329
f 6460 6461 2310
f 6459 6460 2311
f 2361 6459 2312
f 2362 6456 6459
f 6453 6456 2362
f 6463 6466 6465
f 6464 6467 6466
f 6465 6466 6469
f 6466 6467 6470
f 2249 6462 2366
f 2248 6463 6462
f 2247 6464 6463
f 322 2360 6464
f 2360 2359 6467
f 6467 2359 2358
f 6470 2358 337
f 6469 6470 2334
f 6468 6469 2335
f 2364 6468 2336
f 2365 6465 6468
f 6462 6465 2365
f 6472 6475 6474
f 6473 6476 6475
f 6474 6475 6478
f 6475 6476 6479
f 2228 6471 2369
f 2227 6472 6471
f 2226 6473 6472
f 315 2363 6473
f 2363 2362 6476
f 6476 2362 2361
f 6479 2361 330
f 6478 6479 2313
f 6477 6478 2314
f 2367 6477 2315
f 2368 6474 6477
f 6471 6474 2368
f 6481 6482 6480
f 6484 6480 6482
f 6485 6486 6480
f 309 3377 6481
f 3377 3376 6482
f 2372 6481 6486
f 3381 6483 3375
f 3382 6484 6483
f 6483 6482 3376
f 324 2370 6485
f 2370 2371 6486
f 3383 6485 6484
f 6489 6487 6493
f 6490 6491 6487
f 6492 6493 6487
f 3380 6488 3386
f 3379 6489 6488
f 6488 6493 3385
f 323 2366 6490
f 2366 2365 6491
f 3378 6490 6489
f 338 3384 6492
f 3384 3385 6493
f 2364 6492 6491
f 6494 6495 6498
f 6495 6496 6499
f 6498 6501 6500
f 6499 6502 6501
f 317 2231 6494
f 2231 2230 6495
f 2230 2229 6496
f 2229 316 2369
f 6496 2369 2368
f 2368 2367 6502
f 2367 331 2316
f 6502 2316 2317
f 6501 2317 2318
f 6500 2318 332
f 6497 6500 2373
f 2375 6494 6497
f 6503 6504 6507
f 6504 6505 6508
f 6507 6510 6509
f 6508 6511 6510
f 310 2210 6503
f 2210 2209 6504
f 2209 2208 6505
f 2208 309 2372
f 6505 2372 2371
f 2371 2370 6511
f 2370 324 2295
f 6511 2295 2296
f 6510 2296 2297
f 6509 2297 325
f 6506 6509 2376
f 2378 6503 6506
f 6512 6513 6516
f 6513 6514 6517
f 6516 6519 6518
f 6517 6520 6519
f 318 2234 6512
f 2234 2233 6513
f 2233 2232 6514
f 2232 317 2375
f 6514 2375 2374
f 2374 2373 6520
f 2373 332 2319
f 6520 2319 2320
f 6519 2320 2321
f 6518 2321 333
f 6515 6518 2379
f 2381 6512 6515
f 6522 6525 6524
f 6523 6526 6525
f 6524 6525 6528
f 6525 6526 6529
f 2213 6521 2340
f 2212 6522 6521
f 2211 6523 6522
f 310 2378 6523
f 2378 2377 6526
f 6526 2377 2376
f 6529 2376 325
f 6528 6529 2298
f 6527 6528 2299
f 2342 6527 2300
f 2341 6524 6527
f 6521 6524 2341
f 6530 6531 6534
f 6531 6532 6535
f 6534 6537 6536
f 6535 6538 6537
f 319 2237 6530
f 2237 2236 6531
f 2236 2235 6532
f 2235 318 2381
f 6532 2381 2380
f 2380 2379 6538
f 2379 333 2322
f 6538 2322 2323
f 6537 2323 2324
f 6536 2324 334
f 6533 6536 2348
f 2346 6530 6533
f 6540 6543 6542
f 6541 6544 6543
f 6542 6543 6546
f 6543 6544 6547
f 2315 6539 2426
f 2314 6540 6539
f 2313 6541 6540
f 330 2427 6541
f 2427 2428 6544
f 6544 2428 2429
f 6547 2429 345
f 6546 6547 2400
f 6545 6546 2401
f 2424 6545 2402
f 2425 6542 6545
f 6539 6542 2425
f 6549 6550 6548
f 6552 6548 6550
f 6553 6554 6548
f 324 3383 6549
f 3383 3382 6550
f 2432 6549 6554
f 3387 6551 3381
f 3388 6552 6551
f 6551 6550 3382
f 339 2430 6553
f 2430 2431 6554
f 3389 6553 6552
f 6557 6555 6561
f 6558 6559 6555
f 6560 6561 6555
f 3386 6556 3392
f 3385 6557 6556
f 6556 6561 3391
f 338 2433 6558
f 2433 2434 6559
f 3384 6558 6557
f 353 3390 6560
f 3390 3391 6561
f 2435 6560 6559
f 6562 6563 6566
f 6563 6564 6567
f 6566 6569 6568
f 6567 6570 6569
f 332 2318 6562
f 2318 2317 6563
f 2317 2316 6564
f 2316 331 2426
f 2426 2425 6567
f 2425 2424 6570
f 2424 346 2403
f 6570 2403 2404
f 6569 2404 2405
f 6568 2405 347
f 6565 6568 2436
f 2438 6562 6565
f 6571 6572 6575
f 6572 6573 6576
f 6575 6578 6577
f 6576 6579 6578
f 325 2297 6571
f 2297 2296 6572
f 2296 2295 6573
f 2295 324 2432
f 6573 2432 2431
f 2431 2430 6579
f 2430 339 2382
f 6579 2382 2383
f 6578 2383 2384
f 6577 2384 340
f 6574 6577 2439
f 2441 6571 6574
f 6580 6581 6584
f 6581 6582 6585
f 6584 6587 6586
f 6585 6588 6587
f 333 2321 6580
f 2321 2320 6581
f 2320 2319 6582
f 2319 332 2438
f 6582 2438 2437
f 2437 2436 6588
f 2436 347 2406
f 6588 2406 2407
f 6587 2407 2408
f 6586 2408 348
f 6583 6586 2442
f 2444 6580 6583
f 6590 6593 6592
f 6591 6594 6593
f 6592 6593 6596
f 6593 6594 6597
f 2300 6589 2447
f 2299 6590 6589
f 2298 6591 6590
f 325 2441 6591
f 2441 2440 6594
f 6594 2440 2439
f 6597 2439 340
f 6596 6597 2385
f 6595 6596 2386
f 2445 6595 2387
f 2446 6592 6595
f 6589 6592 2446
f 6598 6599 6602
f 6599 6600 6603
f 6602 6605 6604
f 6603 6606 6605
f 334 2324 6598
f 2324 2323 6599
f 2323 2322 6600
f 2322 333 2444
f 6600 2444 2443
f 2443 2442 6606
f 2442 348 2409
f 6606 2409 2410
f 6605 2410 2411
f 6604 2411 349
f 6601 6604 2448
f 2450 6598 6601
f 6608 6611 6610
f 6609 6612 6611
f 6610 6611 6614
f 6611 6612 6615
f 2303 6607 2453
f 2302 6608 6607
f 2301 6609 6608
f 326 2447 6609
f 2447 2446 6612
f 6612 2446 2445
f 6615 2445 341
f 6614 6615 2388
f 6613 6614 2389
f 2451 6613 2390
f 2452 6610 6613
f 6607 6610 2452
f 6616 6617 6620
f 6617 6618 6621
f 6620 6623 6622
f 6621 6624 6623
f 335 2327 6616
f 2327 2326 6617
f 2326 2325 6618
f 2325 334 2450
f 6618 2450 2449
f 2449 2448 6624
f 2448 349 2412
f 6624 2412 2413
f 6623 2413 2414
f 6622 2414 350
f 6619 6622 2454
f 2456 6616 6619
f 6626 6629 6628
f 6627 6630 6629
f 6628 6629 6632
f 6629 6630 6633
f 2306 6625 2459
f 2305 6626 6625
f 2304 6627 6626
f 327 2453 6627
f 2453 2452 6630
f 6630 2452 2451
f 6633 2451 342
f 6632 6633 2391
f 6631 6632 2392
f 2457 6631 2393
f 2458 6628 6631
f 6625 6628 2458
f 6634 6635 6638
f 6635 6636 6639
f 6638 6641 6640
f 6639 6642 6641
f 336 2330 6634
f 2330 2329 6635
f 2329 2328 6636
f 2328 335 2456
f 6636 2456 2455
f 2455 2454 6642
f 2454 350 2415
f 6642 2415 2416
f 6641 2416 2417
f 6640 2417 351
f 6637 6640 2460
f 2462 6634 6637
f 6644 6647 6646
f 6645 6648 6647
f 6646 6647 6650
f 6647 6648 6651
f 2309 6643 2465
f 2308 6644 6643
f 2307 6645 6644
f 328 2459 6645
f 2459 2458 6648
f 6648 2458 2457
f 6651 2457 343
f 6650 6651 2394
f 6649 6650 2395
f 2463 6649 2396
f 2464 6646 6649
f 6643 6646 2464
f 6652 6653 6656
f 6653 6654 6657
f 6656 6659 6658
f 6657 6660 6659
f 337 2333 6652
f 2333 2332 6653
f 2332 2331 6654
f 2331 336 2462
f 6654 2462 2461
f 2461 2460 6660
f 2460 351 2418
f 6660 2418 2419
f 6659 2419 2420
f 6658 2420 352
f 6655 6658 2466
f 2468 6652 6655
f 6662 6665 6664
f 6663 6666 6665
f 6664 6665 6668
f 6665 6666 6669
f 2312 6661 2427
f 2311 6662 6661
f 2310 6663 6662
f 329 2465 6663
f 2465 2464 6666
f 6666 2464 2463
f 6669 2463 344
f 6668 6669 2397
f 6667 6668 2398
f 2429 6667 2399
f 2428 6664 6667
f 6661 6664 2428
f 6671 6674 6673
f 6672 6675 6674
f 6673 6674 6677
f 6674 6675 6678
f 2336 6670 2433
f 2335 6671 6670
f 2334 6672 6671
f 337 2468 6672
f 2468 2467 6675
f 6675 2467 2466
f 6678 2466 352
f 6677 6678 2421
f 6676 6677 2422
f 2435 6676 2423
f 2434 6673 6676
f 6670 6673 2434
f 6679 6680 6683
f 6680 6681 6684
f 6683 6686 6685
f 6684 6687 6686
f 350 2414 6679
f 2414 2413 6680
f 2413 2412 6681
f 2412 349 2514
f 6681 2514 2515
f 2515 2516 6687
f 2516 364 2499
f 6687 2499 2500
f 6686 2500 2501
f 6685 2501 365
f 6682 6685 2511
f 2513 6679 6682
f 6689 6692 6691
f 6690 6693 6692
f 6691 6692 6695
f 6692 6693 6696
f 2393 6688 2519
f 2392 6689 6688
f 2391 6690 6689
f 342 2520 6690
f 2520 2521 6693
f 6693 2521 2522
f 6696 2522 357
f 6695 6696 2478
f 6694 6695 2479
f 2517 6694 2480
f 2518 6691 6694
f 6688 6691 2518
f 6697 6698 6701
f 6698 6699 6702
f 6701 6704 6703
f 6702 6705 6704
f 351 2417 6697
f 2417 2416 6698
f 2416 2415 6699
f 2415 350 2513
f 6699 2513 2512
f 2512 2511 6705
f 2511 365 2502
f 6705 2502 2503
f 6704 2503 2504
f 6703 2504 366
f 6700 6703 2523
f 2525 6697 6700
f 6707 6710 6709
f 6708 6711 6710
f 6709 6710 6713
f 6710 6711 6714
f 2396 6706 2528
f 2395 6707 6706
f 2394 6708 6707
f 343 2519 6708
f 2519 2518 6711
f 6711 2518 2517
f 6714 2517 358
f 6713 6714 2481
f 6712 6713 2482
f 2526 6712 2483
f 2527 6709 6712
f 6706 6709 2527
f 6715 6716 6719
f 6716 6717 6720
f 6719 6722 6721
f 6720 6723 6722
f 352 2420 6715
f 2420 2419 6716
f 2419 2418 6717
f 2418 351 2525
f 6717 2525 2524
f 2524 2523 6723
f 2523 366 2505
f 6723 2505 2506
f 6722 2506 2507
f 6721 2507 367
f 6718 6721 2529
f 2531 6715 6718
f 6725 6728 6727
f 6726 6729 6728
f 6727 6728 6731
f 6728 6729 6732
f 2399 6724 2534
f 2398 6725 6724
f 2397 6726 6725
f 344 2528 6726
f 2528 2527 6729
f 6729 2527 2526
f 6732 2526 359
f 6731 6732 2484
f 6730 6731 2485
f 2532 6730 2486
f 2533 6727 6730
f 6724 6727 2533
f 6734 6737 6736
f 6735 6738 6737
f 6736 6737 6740
f 6737 6738 6741
f 2423 6733 2537
f 2422 6734 6733
f 2421 6735 6734
f 352 2531 6735
f 2531 2530 6738
f 6738 2530 2529
f 6741 2529 367
f 6740 6741 2508
f 6739 6740 2509
f 2535 6739 2510
f 2536 6736 6739
f 6733 6736 2536
f 6743 6746 6745
f 6744 6747 6746
f 6745 6746 6749
f 6746 6747 6750
f 2402 6742 2540
f 2401 6743 6742
f 2400 6744 6743
f 345 2534 6744
f 2534 2533 6747
f 6747 2533 2532
f 6750 2532 360
f 6749 6750 2487
f 6748 6749 2488
f 2538 6748 2489
f 2539 6745 6748
f 6742 6745 2539
f 6752 6753 6751
f 6755 6751 6753
f 6756 6757 6751
f 339 3389 6752
f 3389 3388 6753
f 2543 6752 6757
f 3393 6754 3387
f 3394 6755 6754
f 6754 6753 3388
f 354 2541 6756
f 2541 2542 6757
f 3395 6756 6755
f 6760 6758 6764
f 6761 6762 6758
f 6763 6764 6758
f 3392 6759 3398
f 3391 6760 6759
f 6759 6764 3397
f 353 2537 6761
f 2537 2536 6762
f 3390 6761 6760
f 368 3396 6763
f 3396 3397 6764
f 2535 6763 6762
f 6765 6766 6769
f 6766 6767 6770
f 6769 6772 6771
f 6770 6773 6772
f 347 2405 6765
f 2405 2404 6766
f 2404 2403 6767
f 2403 346 2540
f 6767 2540 2539
f 2539 2538 6773
f 2538 361 2490
f 6773 2490 2491
f 6772 2491 2492
f 6771 2492 362
f 6768 6771 2544
f 2546 6765 6768
f 6774 6775 6778
f 6775 6776 6779
f 6778 6781 6780
f 6779 6782 6781
f 340 2384 6774
f 2384 2383 6775
f 2383 2382 6776
f 2382 339 2543
f 6776 2543 2542
f 2542 2541 6782
f 2541 354 2469
f 6782 2469 2470
f 6781 2470 2471
f 6780 2471 355
f 6777 6780 2547
f 2549 6774 6777
f 6783 6784 6787
f 6784 6785 6788
f 6787 6790 6789
f 6788 6791 6790
f 348 2408 6783
f 2408 2407 6784
f 2407 2406 6785
f 2406 347 2546
f 6785 2546 2545
f 2545 2544 6791
f 2544 362 2493
f 6791 2493 2494
f 6790 2494 2495
f 6789 2495 363
f 6786 6789 2550
f 2552 6783 6786
f 6793 6796 6795
f 6794 6797 6796
f 6795 6796 6799
f 6796 6797 6800
f 2387 6792 2555
f 2386 6793 6792
f 2385 6794 6793
f 340 2549 6794
f 2549 2548 6797
f 6797 2548 2547
f 6800 2547 355
f 6799 6800 2472
f 6798 6799 2473
f 2553 6798 2474
f 2554 6795 6798
f 6792 6795 2554
f 6801 6802 6805
f 6802 6803 6806
f 6805 6808 6807
f 6806 6809 6808
f 349 2411 6801
f 2411 2410 6802
f 2410 2409 6803
f 2409 348 2552
f 6803 2552 2551
f 2551 2550 6809
f 2550 363 2496
f 6809 2496 2497
f 6808 2497 2498
f 6807 2498 364
f 6804 6807 2516
f 2514 6801 6804
f 6811 6814 6813
f 6812 6815 6814
f 6813 6814 6817
f 6814 6815 6818
f 2390 6810 2520
f 2389 6811 6810
f 2388 6812 6811
f 341 2555 6812
f 2555 2554 6815
f 6815 2554 2553
f 6818 2553 356
f 6817 6818 2475
f 6816 6817 2476
f 2522 6816 2477
f 2521 6813 6816
f 6810 6813 2521
f 6820 6821 6819
f 6823 6819 6821
f 6824 6825 6819
f 354 3395 6820
f 3395 3394 6821
f 2600 6820 6825
f 3399 6822 3393
f 3400 6823 6822
f 6822 6821 3394
f 369 2598 6824
f 2598 2599 6825
f 3401 6824 6823
f 6828 6826 6832
f 6829 6830 6826
f 6831 6832 6826
f 3398 6827 3404
f 3397 6828 6827
f 6827 6832 3403
f 368 2601 6829
f 2601 2602 6830
f 3396 6829 6828
f 383 3402 6831
f 3402 3403 6832
f 2603 6831 6830
f 6833 6834 6837
f 6834 6835 6838
f 6837 6840 6839
f 6838 6841 6840
f 362 2492 6833
f 2492 2491 6834
f 2491 2490 6835
f 2490 361 2607
f 6835 2607 2608
f 2608 2609 6841
f 2609 376 2577
f 6841 2577 2578
f 6840 2578 2579
f 6839 2579 377
f 6836 6839 2604
f 2606 6833 6836
f 6842 6843 6846
f 6843 6844 6847
f 6846 6849 6848
f 6847 6850 6849
f 355 2471 6842
f 2471 2470 6843
f 2470 2469 6844
f 2469 354 2600
f 6844 2600 2599
f 2599 2598 6850
f 2598 369 2556
f 6850 2556 2557
f 6849 2557 2558
f 6848 2558 370
f 6845 6848 2610
f 2612 6842 6845
f 6851 6852 6855
f 6852 6853 6856
f 6855 6858 6857
f 6856 6859 6858
f 363 2495 6851
f 2495 2494 6852
f 2494 2493 6853
f 2493 362 2606
f 6853 2606 2605
f 2605 2604 6859
f 2604 377 2580
f 6859 2580 2581
f 6858 2581 2582
f 6857 2582 378
f 6854 6857 2613
f 2615 6851 6854
f 6861 6864 6863
f 6862 6865 6864
f 6863 6864 6867
f 6864 6865 6868
f 2474 6860 2618
f 2473 6861 6860
f 2472 6862 6861
f 355 2612 6862
f 2612 2611 6865
f 6865 2611 2610
f 6868 2610 370
f 6867 6868 2559
f 6866 6867 2560
f 2616 6866 2561
f 2617 6863 6866
f 6860 6863 2617
f 6869 6870 6873
f 6870 6871 6874
f 6873 6876 6875
f 6874 6877 6876
f 364 2498 6869
f 2498 2497 6870
f 2497 2496 6871
f 2496 363 2615
f 6871 2615 2614
f 2614 2613 6877
f 2613 378 2583
f 6877 2583 2584
f 6876 2584 2585
f 6875 2585 379
f 6872 6875 2619
f 2621 6869 6872
f 6879 6882 6881
f 6880 6883 6882
f 6881 6882 6885
f 6882 6883 6886
f 2477 6878 2624
f 2476 6879 6878
f 2475 6880 6879
f 356 2618 6880
f 2618 2617 6883
f 6883 2617 2616
f 6886 2616 371
f 6885 6886 2562
f 6884 6885 2563
f 2622 6884 2564
f 2623 6881 6884
f 6878 6881 2623
f 6887 6888 6891
f 6888 6889 6892
f 6891 6894 6893
f 6892 6895 6894
f 365 2501 6887
f 2501 2500 6888
f 2500 2499 6889
f 2499 364 2621
f 6889 2621 2620
f 2620 2619 6895
f 2619 379 2586
f 6895 2586 2587
f 6894 2587 2588
f 6893 2588 380
f 6890 6893 2625
f 2627 6887 6890
f 6897 6900 6899
f 6898 6901 6900
f 6899 6900 6903
f 6900 6901 6904
f 2480 6896 2630
f 2479 6897 6896
f 2478 6898 6897
f 357 2624 6898
f 2624 2623 6901
f 6901 2623 2622
f 6904 2622 372
f 6903 6904 2565
f 6902 6903 2566
f 2628 6902 2567
f 2629 6899 6902
f 6896 6899 2629
f 6905 6906 6909
f 6906 6907 6910
f 6909 6912 6911
f 6910 6913 6912
f 366 2504 6905
f 2504 2503 6906
f 2503 2502 6907
f 2502 365 2627
f 6907 2627 2626
f 2626 2625 6913
f 2625 380 2589
f 6913 2589 2590
f 6912 2590 2591
f 6911 2591 381
f 6908 6911 2631
f 2633 6905 6908
f 6915 6918 6917
f 6916 6919 6918
f 6917 6918 6921
f 6918 6919 6922
f 2483 6914 2636
f 2482 6915 6914
f 2481 6916 6915
f 358 2630 6916
f 2630 2629 6919
f 6919 2629 2628
f 6922 2628 373
f 6921 6922 2568
f 6920 6921 2569
f 2634 6920 2570
f 2635 6917 6920
f 6914 6917 2635
f 6923 6924 6927
f 6924 6925 6928
f 6927 6930 6929
f 6928 6931 6930
f 367 2507 6923
f 2507 2506 6924
f 2506 2505 6925
f 2505 366 2633
f 6925 2633 2632
f 2632 2631 6931
f 2631 381 2592
f 6931 2592 2593
f 6930 2593 2594
f 6929 2594 382
f 6926 6929 2637
f 2639 6923 6926
f 6933 6936 6935
f 6934 6937 6936
f 6935 6936 6939
f 6936 6937 6940
f 2486 6932 2642
f 2485 6933 6932
f 2484 6934 6933
f 359 2636 6934
f 2636 2635 6937
f 6937 2635 2634
f 6940 2634 374
f 6939 6940 2571
f 6938 6939 2572
f 2640 6938 2573
f 2641 6935 6938
f 6932 6935 2641
f 6942 6945 6944
f 6943 6946 6945
f 6944 6945 6948
f 6945 6946 6949
f 2510 6941 2601
f 2509 6942 6941
f 2508 6943 6942
f 367 2639 6943
f 2639 2638 6946
f 6946 2638 2637
f 6949 2637 382
f 6948 6949 2595
f 6947 6948 2596
f 2603 6947 2597
f 2602 6944 6947
f 6941 6944 2602
f 6951 6954 6953
f 6952 6955 6954
f 6953 6954 6957
f 6954 6955 6958
f 2489 6950 2607
f 2488 6951 6950
f 2487 6952 6951
f 360 2642 6952
f 2642 2641 6955
f 6955 2641 2640
f 6958 2640 375
f 6957 6958 2574
f 6956 6957 2575
f 2609 6956 2576
f 2608 6953 6956
f 6950 6953 2608
f 6960 6963 6962
f 6961 6964 6963
f 6962 6963 6966
f 6963 6964 6967
f 2567 6959 2687
f 2566 6960 6959
f 2565 6961 6960
f 372 2688 6961
f 2688 2689 6964
f 6964 2689 2690
f 6967 2690 387
f 6966 6967 2652
f 6965 6966 2653
f 2685 6965 2654
f 2686 6962 6965
f 6959 6962 2686
f 6968 6969 6972
f 6969 6970 6973
f 6972 6975 6974
f 6973 6976 6975
f 381 2591 6968
f 2591 2590 6969
f 2590 2589 6970
f 2589 380 2694
f 6970 2694 2695
f 2695 2696 6976
f 2696 395 2676
f 6976 2676 2677
f 6975 2677 2678
f 6974 2678 396
f 6971 6974 2691
f 2693 6968 6971
f 6978 6981 6980
f 6979 6982 6981
f 6980 6981 6984
f 6981 6982 6985
f 2570 6977 2699
f 2569 6978 6977
f 2568 6979 6978
f 373 2687 6979
f 2687 2686 6982
f 6982 2686 2685
f 6985 2685 388
f 6984 6985 2655
f 6983 6984 2656
f 2697 6983 2657
f 2698 6980 6983
f 6977 6980 2698
f 6986 6987 6990
f 6987 6988 6991
f 6990 6993 6992
f 6991 6994 6993
f 382 2594 6986
f 2594 2593 6987
f 2593 2592 6988
f 2592 381 2693
f 6988 2693 2692
f 2692 2691 6994
f 2691 396 2679
f 6994 2679 2680
f 6993 2680 2681
f 6992 2681 397
f 6989 6992 2700
f 2702 6986 6989
f 6996 6999 6998
f 6997 7000 6999
f 6998 6999 7002
f 6999 7000 7003
f 2573 6995 2705
f 2572 6996 6995
f 2571 6997 6996
f 374 2699 6997
f 2699 2698 7000
f 7000 2698 2697
f 7003 2697 389
f 7002 7003 2658
f 7001 7002 2659
f 2703 7001 2660
f 2704 6998 7001
f 6995 6998 2704
f 7005 7008 7007
f 7006 7009 7008
f 7007 7008 7011
f 7008 7009 7012
f 2597 7004 2708
f 2596 7005 7004
f 2595 7006 7005
f 382 2702 7006
f 2702 2701 7009
f 7009 2701 2700
f 7012 2700 397
f 7011 7012 2682
f 7010 7011 2683
f 2706 7010 2684
f 2707 7007 7010
f 7004 7007 2707
f 7014 7017 7016
f 7015 7018 7017
f 7016 7017 7020
f 7017 7018 7021
f 2576 7013 2711
f 2575 7014 7013
f 2574 7015 7014
f 375 2705 7015
f 2705 2704 7018
f 7018 2704 2703
f 7021 2703 390
f 7020 7021 2661
f 7019 7020 2662
f 2709 7019 2663
f 2710 7016 7019
f 7013 7016 2710
f 7023 7024 7022
f 7026 7022 7024
f 7027 7028 7022
f 369 3401 7023
f 3401 3400 7024
f 2714 7023 7028
f 3405 7025 3399
f 3406 7026 7025
f 7025 7024 3400
f 384 2712 7027
f 2712 2713 7028
f 3407 7027 7026
f 7031 7029 7035
f 7032 7033 7029
f 7034 7035 7029
f 3404 7030 3410
f 3403 7031 7030
f 7030 7035 3409
f 383 2708 7032
f 2708 2707 7033
f 3402 7032 7031
f 398 3408 7034
f 3408 3409 7035
f 2706 7034 7033
f 7036 7037 7040
f 7037 7038 7041
f 7040 7043 7042
f 7041 7044 7043
f 377 2579 7036
f 2579 2578 7037
f 2578 2577 7038
f 2577 376 2711
f 7038 2711 2710
f 2710 2709 7044
f 2709 391 2664
f 7044 2664 2665
f 7043 2665 2666
f 7042 2666 392
f 7039 7042 2715
f 2717 7036 7039
f 7045 7046 7049
f 7046 7047 7050
f 7049 7052 7051
f 7050 7053 7052
f 370 2558 7045
f 2558 2557 7046
f 2557 2556 7047
f 2556 369 2714
f 7047 2714 2713
f 2713 2712 7053
f 2712 384 2643
f 7053 2643 2644
f 7052 2644 2645
f 7051 2645 385
f 7048 7051 2718
f 2720 7045 7048
f 7054 7055 7058
f 7055 7056 7059
f 7058 7061 7060
f 7059 7062 7061
f 378 2582 7054
f 2582 2581 7055
f 2581 2580 7056
f 2580 377 2717
f 7056 2717 2716
f 2716 2715 7062
f 2715 392 2667
f 7062 2667 2668
f 7061 2668 2669
f 7060 2669 393
f 7057 7060 2721
f 2723 7054 7057
f 7064 7067 7066
f 7065 7068 7067
f 7066 7067 7070
f 7067 7068 7071
f 2561 7063 2726
f 2560 7064 7063
f 2559 7065 7064
f 370 2720 7065
f 2720 2719 7068
f 7068 2719 2718
f 7071 2718 385
f 7070 7071 2646
f 7069 7070 2647
f 2724 7069 2648
f 2725 7066 7069
f 7063 7066 2725
f 7072 7073 7076
f 7073 7074 7077
f 7076 7079 7078
f 7077 7080 7079
f 379 2585 7072
f 2585 2584 7073
f 2584 2583 7074
f 2583 378 2723
f 7074 2723 2722
f 2722 2721 7080
f 2721 393 2670
f 7080 2670 2671
f 7079 2671 2672
f 7078 2672 394
f 7075 7078 2727
f 2729 7072 7075
f 7082 7085 7084
f 7083 7086 7085
f 7084 7085 7088
f 7085 7086 7089
f 2564 7081 2688
f 2563 7082 7081
f 2562 7083 7082
f 371 2726 7083
f 2726 2725 7086
f 7086 2725 2724
f 7089 2724 386
f 7088 7089 2649
f 7087 7088 2650
f 2690 7087 2651
f 2689 7084 7087
f 7081 7084 2689
f 7090 7091 7094
f 7091 7092 7095
f 7094 7097 7096
f 7095 7098 7097
f 380 2588 7090
f 2588 2587 7091
f 2587 2586 7092
f 2586 379 2729
f 7092 2729 2728
f 2728 2727 7098
f 2727 394 2673
f 7098 2673 2674
f 7097 2674 2675
f 7096 2675 395
f 7093 7096 2696
f 2694 7090 7093
f 7099 7100 7103
f 7100 7101 7104
f 7103 7106 7105
f 7104 7107 7106
f 392 2666 7099
f 2666 2665 7100
f 2665 2664 7101
f 2664 391 2775
f 7101 2775 2776
f 2776 2777 7107
f 2777 406 2751
f 7107 2751 2752
f 7106 2752 2753
f 7105 2753 407
f 7102 7105 2772
f 2774 7099 7102
f 7108 7109 7112
f 7109 7110 7113
f 7112 7115 7114
f 7113 7116 7115
f 385 2645 7108
f 2645 2644 7109
f 2644 2643 7110
f 2643 384 2781
f 7110 2781 2782
f 2782 2783 7116
f 2783 399 2730
f 7116 2730 2731
f 7115 2731 2732
f 7114 2732 400
f 7111 7114 2778
f 2780 7108 7111
f 7117 7118 7121
f 7118 7119 7122
f 7121 7124 7123
f 7122 7125 7124
f 393 2669 7117
f 2669 2668 7118
f 2668 2667 7119
f 2667 392 2774
f 7119 2774 2773
f 2773 2772 7125
f 2772 407 2754
f 7125 2754 2755
f 7124 2755 2756
f 7123 2756 408
f 7120 7123 2784
f 2786 7117 7120
f 7127 7130 7129
f 7128 7131 7130
f 7129 7130 7133
f 7130 7131 7134
f 2648 7126 2789
f 2647 7127 7126
f 2646 7128 7127
f 385 2780 7128
f 2780 2779 7131
f 7131 2779 2778
f 7134 2778 400
f 7133 7134 2733
f 7132 7133 2734
f 2787 7132 2735
f 2788 7129 7132
f 7126 7129 2788
f 7135 7136 7139
f 7136 7137 7140
f 7139 7142 7141
f 7140 7143 7142
f 394 2672 7135
f 2672 2671 7136
f 2671 2670 7137
f 2670 393 2786
f 7137 2786 2785
f 2785 2784 7143
f 2784 408 2757
f 7143 2757 2758
f 7142 2758 2759
f 7141 2759 409
f 7138 7141 2790
f 2792 7135 7138
f 7145 7148 7147
f 7146 7149 7148
f 7147 7148 7151
f 7148 7149 7152
f 2651 7144 2795
f 2650 7145 7144
f 2649 7146 7145
f 386 2789 7146
f 2789 2788 7149
f 7149 2788 2787
f 7152 2787 401
f 7151 7152 2736
f 7150 7151 2737
f 2793 7150 2738
f 2794 7147 7150
f 7144 7147 2794
f 7153 7154 7157
f 7154 7155 7158
f 7157 7160 7159
f 7158 7161 7160
f 395 2675 7153
f 2675 2674 7154
f 2674 2673 7155
f 2673 394 2792
f 7155 2792 2791
f 2791 2790 7161
f 2790 409 2760
f 7161 2760 2761
f 7160 2761 2762
f 7159 2762 410
f 7156 7159 2796
f 2798 7153 7156
f 7163 7166 7165
f 7164 7167 7166
f 7165 7166 7169
f 7166 7167 7170
f 2654 7162 2801
f 2653 7163 7162
f 2652 7164 7163
f 387 2795 7164
f 2795 2794 7167
f 7167 2794 2793
f 7170 2793 402
f 7169 7170 2739
f 7168 7169 2740
f 2799 7168 2741
f 2800 7165 7168
f 7162 7165 2800
f 7171 7172 7175
f 7172 7173 7176
f 7175 7178 7177
f 7176 7179 7178
f 396 2678 7171
f 2678 2677 7172
f 2677 2676 7173
f 2676 395 2798
f 7173 2798 2797
f 2797 2796 7179
f 2796 410 2763
f 7179 2763 2764
f 7178 2764 2765
f 7177 2765 411
f 7174 7177 2802
f 2804 7171 7174
f 7181 7184 7183
f 7182 7185 7184
f 7183 7184 7187
f 7184 7185 7188
f 2657 7180 2807
f 2656 7181 7180
f 2655 7182 7181
f 388 2801 7182
f 2801 2800 7185
f 7185 2800 2799
f 7188 2799 403
f 7187 7188 2742
f 7186 7187 2743
f 2805 7186 2744
f 2806 7183 7186
f 7180 7183 2806
f 7189 7190 7193
f 7190 7191 7194
f 7193 7196 7195
f 7194 7197 7196
f 397 2681 7189
f 2681 2680 7190
f 2680 2679 7191
f 2679 396 2804
f 7191 2804 2803
f 2803 2802 7197
f 2802 411 2766
f 7197 2766 2767
f 7196 2767 2768
f 7195 2768 412
f 7192 7195 2808
f 2810 7189 7192
f 7199 7202 7201
f 7200 7203 7202
f 7201 7202 7205
f 7202 7203 7206
f 2660 7198 2813
f 2659 7199 7198
f 2658 7200 7199
f 389 2807 7200
f 2807 2806 7203
f 7203 2806 2805
f 7206 2805 404
f 7205 7206 2745
f 7204 7205 2746
f 2811 7204 2747
f 2812 7201 7204
f 7198 7201 2812
f 7208 7211 7210
f 7209 7212 7211
f 7210 7211 7214
f 7211 7212 7215
f 2684 7207 2816
f 2683 7208 7207
f 2682 7209 7208
f 397 2810 7209
f 2810 2809 7212
f 7212 2809 2808
f 7215 2808 412
f 7214 7215 2769
f 7213 7214 2770
f 2814 7213 2771
f 2815 7210 7213
f 7207 7210 2815
f 7217 7220 7219
f 7218 7221 7220
f 7219 7220 7223
f 7220 7221 7224
f 2663 7216 2775
f 2662 7217 7216
f 2661 7218 7217
f 390 2813 7218
f 2813 2812 7221
f 7221 2812 2811
f 7224 2811 405
f 7223 7224 2748
f 7222 7223 2749
f 2777 7222 2750
f 2776 7219 7222
f 7216 7219 2776
f 7226 7227 7225
f 7229 7225 7227
f 7230 7231 7225
f 384 3407 7226
f 3407 3406 7227
f 2781 7226 7231
f 3411 7228 3405
f 3412 7229 7228
f 7228 7227 3406
f 399 2783 7230
f 2783 2782 7231
f 3413 7230 7229
f 7234 7232 7238
f 7235 7236 7232
f 7237 7238 7232
f 3410 7233 3416
f 3409 7234 7233
f 7233 7238 3415
f 398 2816 7235
f 2816 2815 7236
f 3408 7235 7234
f 413 3414 7237
f 3414 3415 7238
f 2814 7237 7236
f 7239 7240 7243
f 7240 7241 7244
f 7243 7246 7245
f 7244 7247 7246
f 411 2765 7239
f 2765 2764 7240
f 2764 2763 7241
f 2763 410 2862
f 7241 2862 2863
f 2863 2864 7247
f 2864 425 2850
f 7247 2850 2851
f 7246 2851 2852
f 7245 2852 426
f 7242 7245 2859
f 2861 7239 7242
f 7249 7252 7251
f 7250 7253 7252
f 7251 7252 7255
f 7252 7253 7256
f 2744 7248 2867
f 2743 7249 7248
f 2742 7250 7249
f 403 2868 7250
f 2868 2869 7253
f 7253 2869 2870
f 7256 2870 418
f 7255 7256 2829
f 7254 7255 2830
f 2865 7254 2831
f 2866 7251 7254
f 7248 7251 2866
f 7257 7258 7261
f 7258 7259 7262
f 7261 7264 7263
f 7262 7265 7264
f 412 2768 7257
f 2768 2767 7258
f 2767 2766 7259
f 2766 411 2861
f 7259 2861 2860
f 2860 2859 7265
f 2859 426 2853
f 7265 2853 2854
f 7264 2854 2855
f 7263 2855 427
f 7260 7263 2871
f 2873 7257 7260
f 7267 7270 7269
f 7268 7271 7270
f 7269 7270 7273
f 7270 7271 7274
f 2747 7266 2876
f 2746 7267 7266
f 2745 7268 7267
f 404 2867 7268
f 2867 2866 7271
f 7271 2866 2865
f 7274 2865 419
f 7273 7274 2832
f 7272 7273 2833
f 2874 7272 2834
f 2875 7269 7272
f 7266 7269 2875
f 7276 7279 7278
f 7277 7280 7279
f 7278 7279 7282
f 7279 7280 7283
f 2771 7275 2879
f 2770 7276 7275
f 2769 7277 7276
f 412 2873 7277
f 2873 2872 7280
f 7280 2872 2871
f 7283 2871 427
f 7282 7283 2856
f 7281 7282 2857
f 2877 7281 2858
f 2878 7278 7281
f 7275 7278 2878
f 7285 7288 7287
f 7286 7289 7288
f 7287 7288 7291
f 7288 7289 7292
f 2750 7284 2882
f 2749 7285 7284
f 2748 7286 7285
f 405 2876 7286
f 2876 2875 7289
f 7289 2875 2874
f 7292 2874 420
f 7291 7292 2835
f 7290 7291 2836
f 2880 7290 2837
f 2881 7287 7290
f 7284 7287 2881
f 7294 7295 7293
f 7297 7293 7295
f 7298 7299 7293
f 399 3413 7294
f 3413 3412 7295
f 2885 7294 7299
f 3417 7296 3411
f 3418 7297 7296
f 7296 7295 3412
f 414 2883 7298
f 2883 2884 7299
f 3419 7298 7297
f 7302 7300 7306
f 7303 7304 7300
f 7305 7306 7300
f 3416 7301 3422
f 3415 7302 7301
f 7301 7306 3421
f 413 2879 7303
f 2879 2878 7304
f 3414 7303 7302
f 428 3420 7305
f 3420 3421 7306
f 2877 7305 7304
f 7307 7308 7311
f 7308 7309 7312
f 7311 7314 7313
f 7312 7315 7314
f 407 2753 7307
f 2753 2752 7308
f 2752 2751 7309
f 2751 406 2882
f 7309 2882 2881
f 2881 2880 7315
f 2880 421 2838
f 7315 2838 2839
f 7314 2839 2840
f 7313 2840 422
f 7310 7313 2886
f 2888 7307 7310
f 7316 7317 7320
f 7317 7318 7321
f 7320 7323 7322
f 7321 7324 7323
f 400 2732 7316
f 2732 2731 7317
f 2731 2730 7318
f 2730 399 2885
f 7318 2885 2884
f 2884 2883 7324
f 2883 414 2817
f 7324 2817 2818
f 7323 2818 2819
f 7322 2819 415
f 7319 7322 2889
f 2891 7316 7319
f 7325 7326 7329
f 7326 7327 7330
f 7329 7332 7331
f 7330 7333 7332
f 408 2756 7325
f 2756 2755 7326
f 2755 2754 7327
f 2754 407 2888
f 7327 2888 2887
f 2887 2886 7333
f 2886 422 2841
f 7333 2841 2842
f 7332 2842 2843
f 7331 2843 423
f 7328 7331 2892
f 2894 7325 7328
f 7335 7338 7337
f 7336 7339 7338
f 7337 7338 7341
f 7338 7339 7342
f 2735 7334 2897
f 2734 7335 7334
f 2733 7336 7335
f 400 2891 7336
f 2891 2890 7339
f 7339 2890 2889
f 7342 2889 415
f 7341 7342 2820
f 7340 7341 2821
f 2895 7340 2822
f 2896 7337 7340
f 7334 7337 2896
f 7343 7344 7347
f 7344 7345 7348
f 7347 7350 7349
f 7348 7351 7350
f 409 2759 7343
f 2759 2758 7344
f 2758 2757 7345
f 2757 408 2894
f 7345 2894 2893
f 2893 2892 7351
f 2892 423 2844
f 7351 2844 2845
f 7350 2845 2846
f 7349 2846 424
f 7346 7349 2898
f 2900 7343 7346
f 7353 7356 7355
f 7354 7357 7356
f 7355 7356 7359
f 7356 7357 7360
f 2738 7352 2903
f 2737 7353 7352
f 2736 7354 7353
f 401 2897 7354
f 2897 2896 7357
f 7357 2896 2895
f 7360 2895 416
f 7359 7360 2823
f 7358 7359 2824
f 2901 7358 2825
f 2902 7355 7358
f 7352 7355 2902
f 7361 7362 7365
f 7362 7363 7366
f 7365 7368 7367
f 7366 7369 7368
f 410 2762 7361
f 2762 2761 7362
f 2761 2760 7363
f 2760 409 2900
f 7363 2900 2899
f 2899 2898 7369
f 2898 424 2847
f 7369 2847 2848
f 7368 2848 2849
f 7367 2849 425
f 7364 7367 2864
f 2862 7361 7364
f 7371 7374 7373
f 7372 7375 7374
f 7373 7374 7377
f 7374 7375 7378
f 2741 7370 2868
f 2740 7371 7370
f 2739 7372 7371
f 402 2903 7372
f 2903 2902 7375
f 7375 2902 2901
f 7378 2901 417
f 7377 7378 2826
f 7376 7377 2827
f 2870 7376 2828
f 2869 7373 7376
f 7370 7373 2869
f 7379 7380 7383
f 7380 7381 7384
f 7383 7386 7385
f 7384 7387 7386
f 423 2843 7379
f 2843 2842 7380
f 2842 2841 7381
f 2841 422 2949
f 7381 2949 2950
f 2950 2951 7387
f 2951 437 2928
f 7387 2928 2929
f 7386 2929 2930
f 7385 2930 438
f 7382 7385 2946
f 2948 7379 7382
f 7389 7392 7391
f 7390 7393 7392
f 7391 7392 7395
f 7392 7393 7396
f 2822 7388 2954
f 2821 7389 7388
f 2820 7390 7389
f 415 2955 7390
f 2955 2956 7393
f 7393 2956 2957
f 7396 2957 430
f 7395 7396 2907
f 7394 7395 2908
f 2952 7394 2909
f 2953 7391 7394
f 7388 7391 2953
f 7397 7398 7401
f 7398 7399 7402
f 7401 7404 7403
f 7402 7405 7404
f 424 2846 7397
f 2846 2845 7398
f 2845 2844 7399
f 2844 423 2948
f 7399 2948 2947
f 2947 2946 7405
f 2946 438 2931
f 7405 2931 2932
f 7404 2932 2933
f 7403 2933 439
f 7400 7403 2958
f 2960 7397 7400
f 7407 7410 7409
f 7408 7411 7410
f 7409 7410 7413
f 7410 7411 7414
f 2825 7406 2963
f 2824 7407 7406
f 2823 7408 7407
f 416 2954 7408
f 2954 2953 7411
f 7411 2953 2952
f 7414 2952 431
f 7413 7414 2910
f 7412 7413 2911
f 2961 7412 2912
f 2962 7409 7412
f 7406 7409 2962
f 7415 7416 7419
f 7416 7417 7420
f 7419 7422 7421
f 7420 7423 7422
f 425 2849 7415
f 2849 2848 7416
f 2848 2847 7417
f 2847 424 2960
f 7417 2960 2959
f 2959 2958 7423
f 2958 439 2934
f 7423 2934 2935
f 7422 2935 2936
f 7421 2936 440
f 7418 7421 2964
f 2966 7415 7418
f 7425 7428 7427
f 7426 7429 7428
f 7427 7428 7431
f 7428 7429 7432
f 2828 7424 2969
f 2827 7425 7424
f 2826 7426 7425
f 417 2963 7426
f 2963 2962 7429
f 7429 2962 2961
f 7432 2961 432
f 7431 7432 2913
f 7430 7431 2914
f 2967 7430 2915
f 2968 7427 7430
f 7424 7427 2968
f 7433 7434 7437
f 7434 7435 7438
f 7437 7440 7439
f 7438 7441 7440
f 426 2852 7433
f 2852 2851 7434
f 2851 2850 7435
f 2850 425 2966
f 7435 2966 2965
f 2965 2964 7441
f 2964 440 2937
f 7441 2937 2938
f 7440 2938 2939
f 7439 2939 441
f 7436 7439 2970
f 2972 7433 7436
f 7443 7446 7445
f 7444 7447 7446
f 7445 7446 7449
f 7446 7447 7450
f 2831 7442 2975
f 2830 7443 7442
f 2829 7444 7443
f 418 2969 7444
f 2969 2968 7447
f 7447 2968 2967
f 7450 2967 433
f 7449 7450 2916
f 7448 7449 2917
f 2973 7448 2918
f 2974 7445 7448
f 7442 7445 2974
f 7451 7452 7455
f 7452 7453 7456
f 7455 7458 7457
f 7456 7459 7458
f 427 2855 7451
f 2855 2854 7452
f 2854 2853 7453
f 2853 426 2972
f 7453 2972 2971
f 2971 2970 7459
f 2970 441 2940
f 7459 2940 2941
f 7458 2941 2942
f 7457 2942 442
f 7454 7457 2976
f 2978 7451 7454
f 7461 7464 7463
f 7462 7465 7464
f 7463 7464 7467
f 7464 7465 7468
f 2834 7460 2981
f 2833 7461 7460
f 2832 7462 7461
f 419 2975 7462
f 2975 2974 7465
f 7465 2974 2973
f 7468 2973 434
f 7467 7468 2919
f 7466 7467 2920
f 2979 7466 2921
f 2980 7463 7466
f 7460 7463 2980
f 7470 7473 7472
f 7471 7474 7473
f 7472 7473 7476
f 7473 7474 7477
f 2858 7469 2984
f 2857 7470 7469
f 2856 7471 7470
f 427 2978 7471
f 2978 2977 7474
f 7474 2977 2976
f 7477 2976 442
f 7476 7477 2943
f 7475 7476 2944
f 2982 7475 2945
f 2983 7472 7475
f 7469 7472 2983
f 7479 7482 7481
f 7480 7483 7482
f 7481 7482 7485
f 7482 7483 7486
f 421 2837 7478
f 2836 7479 7478
f 2835 7480 7479
f 420 2981 7480
f 2981 2980 7483
f 7483 2980 2979
f 7486 2979 435
f 7485 7486 2922
f 7484 7485 2923
f 2985 7484 2924
f 2986 7481 7484
f 7478 7481 2986
f 7488 7489 7487
f 7491 7487 7489
f 7492 7493 7487
f 414 3419 7488
f 3419 3418 7489
f 2990 7488 7493
f 3423 7490 3417
f 3424 7491 7490
f 7490 7489 3418
f 429 2988 7492
f 2988 2989 7493
f 3425 7492 7491
f 7496 7494 7500
f 7497 7498 7494
f 7499 7500 7494
f 3422 7495 3428
f 3421 7496 7495
f 7495 7500 3427
f 428 2984 7497
f 2984 2983 7498
f 3420 7497 7496
f 443 3426 7499
f 3426 3427 7500
f 2982 7499 7498
f 7501 7502 7505
f 7502 7503 7506
f 7505 7508 7507
f 7506 7509 7508
f 422 2840 7501
f 2840 2839 7502
f 2839 2838 7503
f 421 2987 7503
f 7503 2987 2986
f 2986 2985 7509
f 2985 436 2925
f 7509 2925 2926
f 7508 2926 2927
f 7507 2927 437
f 7504 7507 2951
f 2949 7501 7504
f 7510 7511 7514
f 7511 7512 7515
f 7514 7517 7516
f 7515 7518 7517
f 415 2819 7510
f 2819 2818 7511
f 2818 2817 7512
f 2817 414 2990
f 7512 2990 2989
f 2989 2988 7518
f 2988 429 2904
f 7518 2904 2905
f 7517 2905 2906
f 7516 2906 430
f 7513 7516 2957
f 2955 7510 7513
f 7519 7520 7523
f 7520 7521 7524
f 7523 7526 7525
f 7524 7527 7526
f 442 2942 7519
f 2942 2941 7520
f 2941 2940 7521
f 2940 441 3036
f 7521 3036 3037
f 3037 3038 7527
f 3038 456 3027
f 7527 3027 3028
f 7526 3028 3029
f 7525 3029 457
f 7522 7525 3033
f 3035 7519 7522
f 7529 7532 7531
f 7530 7533 7532
f 7531 7532 7535
f 7532 7533 7536
f 2921 7528 3041
f 2920 7529 7528
f 2919 7530 7529
f 434 3042 7530
f 3042 3043 7533
f 7533 3043 3044
f 7536 3044 449
f 7535 7536 3006
f 7534 7535 3007
f 3039 7534 3008
f 3040 7531 7534
f 7528 7531 3040
f 7538 7541 7540
f 7539 7542 7541
f 7540 7541 7544
f 7541 7542 7545
f 2945 7537 3047
f 2944 7538 7537
f 2943 7539 7538
f 442 3035 7539
f 3035 3034 7542
f 7542 3034 3033
f 7545 3033 457
f 7544 7545 3030
f 7543 7544 3031
f 3045 7543 3032
f 3046 7540 7543
f 7537 7540 3046
f 7547 7550 7549
f 7548 7551 7550
f 7549 7550 7553
f 7550 7551 7554
f 2924 7546 3050
f 2923 7547 7546
f 2922 7548 7547
f 435 3041 7548
f 3041 3040 7551
f 7551 3040 3039
f 7554 3039 450
f 7553 7554 3009
f 7552 7553 3010
f 3048 7552 3011
f 3049 7549 7552
f 3050 7546 7549
f 7556 7557 7555
f 7559 7555 7557
f 7560 7561 7555
f 429 3425 7556
f 3425 3424 7557
f 3053 7556 7561
f 3429 7558 3423
f 3430 7559 7558
f 7558 7557 3424
f 444 3051 7560
f 3051 3052 7561
f 3431 7560 7559
f 7564 7562 7568
f 7565 7566 7562
f 7567 7568 7562
f 3428 7563 3434
f 3427 7564 7563
f 7563 7568 3433
f 443 3047 7565
f 3047 3046 7566
f 3426 7565 7564
f 458 3432 7567
f 3432 3433 7568
f 3045 7567 7566
f 7569 7570 7573
f 7570 7571 7574
f 7573 7576 7575
f 7574 7577 7576
f 437 2927 7569
f 2927 2926 7570
f 2926 2925 7571
f 436 3050 7571
f 3050 3049 7574
f 3049 3048 7577
f 3048 451 3012
f 7577 3012 3013
f 7576 3013 3014
f 7575 3014 452
f 7572 7575 3054
f 3056 7569 7572
f 7578 7579 7582
f 7579 7580 7583
f 7582 7585 7584
f 7583 7586 7585
f 430 2906 7578
f 2906 2905 7579
f 2905 2904 7580
f 2904 429 3053
f 7580 3053 3052
f 3052 3051 7586
f 3051 444 2991
f 7586 2991 2992
f 7585 2992 2993
f 7584 2993 445
f 7581 7584 3057
f 3059 7578 7581
f 7587 7588 7591
f 7588 7589 7592
f 7591 7594 7593
f 7592 7595 7594
f 438 2930 7587
f 2930 2929 7588
f 2929 2928 7589
f 2928 437 3056
f 7589 3056 3055
f 3055 3054 7595
f 3054 452 3015
f 7595 3015 3016
f 7594 3016 3017
f 7593 3017 453
f 7590 7593 3060
f 3062 7587 7590
f 7597 7600 7599
f 7598 7601 7600
f 7599 7600 7603
f 7600 7601 7604
f 2909 7596 3065
f 2908 7597 7596
f 2907 7598 7597
f 430 3059 7598
f 3059 3058 7601
f 7601 3058 3057
f 7604 3057 445
f 7603 7604 2994
f 7602 7603 2995
f 3063 7602 2996
f 3064 7599 7602
f 7596 7599 3064
f 7605 7606 7609
f 7606 7607 7610
f 7609 7612 7611
f 7610 7613 7612
f 439 2933 7605
f 2933 2932 7606
f 2932 2931 7607
f 2931 438 3062
f 7607 3062 3061
f 3061 3060 7613
f 3060 453 3018
f 7613 3018 3019
f 7612 3019 3020
f 7611 3020 454
f 7608 7611 3066
f 3068 7605 7608
f 7615 7618 7617
f 7616 7619 7618
f 7617 7618 7621
f 7618 7619 7622
f 2912 7614 3071
f 2911 7615 7614
f 2910 7616 7615
f 431 3065 7616
f 3065 3064 7619
f 7619 3064 3063
f 7622 3063 446
f 7621 7622 2997
f 7620 7621 2998
f 3069 7620 2999
f 3070 7617 7620
f 7614 7617 3070
f 7623 7624 7627
f 7624 7625 7628
f 7627 7630 7629
f 7628 7631 7630
f 440 2936 7623
f 2936 2935 7624
f 2935 2934 7625
f 2934 439 3068
f 7625 3068 3067
f 3067 3066 7631
f 3066 454 3021
f 7631 3021 3022
f 7630 3022 3023
f 7629 3023 455
f 7626 7629 3072
f 3074 7623 7626
f 7633 7636 7635
f 7634 7637 7636
f 7635 7636 7639
f 7636 7637 7640
f 2915 7632 3077
f 2914 7633 7632
f 2913 7634 7633
f 432 3071 7634
f 3071 3070 7637
f 7637 3070 3069
f 7640 3069 447
f 7639 7640 3000
f 7638 7639 3001
f 3075 7638 3002
f 3076 7635 7638
f 7632 7635 3076
f 7641 7642 7645
f 7642 7643 7646
f 7645 7648 7647
f 7646 7649 7648
f 441 2939 7641
f 2939 2938 7642
f 2938 2937 7643
f 2937 440 3074
f 7643 3074 3073
f 3073 3072 7649
f 3072 455 3024
f 7649 3024 3025
f 7648 3025 3026
f 7647 3026 456
f 7644 7647 3038
f 3036 7641 7644
f 7651 7654 7653
f 7652 7655 7654
f 7653 7654 7657
f 7654 7655 7658
f 2918 7650 3042
f 2917 7651 7650
f 2916 7652 7651
f 433 3077 7652
f 3077 3076 7655
f 7655 3076 3075
f 7658 3075 448
f 7657 7658 3003
f 7656 7657 3004
f 3044 7656 3005
f 3043 7653 7656
f 7650 7653 3043
f 7660 7663 7662
f 7661 7664 7663
f 7662 7663 7666
f 7663 7664 7667
f 2996 7659 3122
f 2995 7660 7659
f 2994 7661 7660
f 445 3123 7661
f 3123 3124 7664
f 7664 3124 3125
f 7667 3125 460
f 7666 7667 3081
f 7665 7666 3082
f 3120 7665 3083
f 3121 7662 7665
f 7659 7662 3121
f 7668 7669 7672
f 7669 7670 7673
f 7672 7675 7674
f 7673 7676 7675
f 454 3020 7668
f 3020 3019 7669
f 3019 3018 7670
f 3018 453 3129
f 7670 3129 3130
f 3130 3131 7676
f 3131 468 3105
f 7676 3105 3106
f 7675 3106 3107
f 7674 3107 469
f 7671 7674 3126
f 3128 7668 7671
f 7678 7681 7680
f 7679 7682 7681
f 7680 7681 7684
f 7681 7682 7685
f 2999 7677 3134
f 2998 7678 7677
f 2997 7679 7678
f 446 3122 7679
f 3122 3121 7682
f 7682 3121 3120
f 7685 3120 461
f 7684 7685 3084
f 7683 7684 3085
f 3132 7683 3086
f 3133 7680 7683
f 7677 7680 3133
f 7686 7687 7690
f 7687 7688 7691
f 7690 7693 7692
f 7691 7694 7693
f 455 3023 7686
f 3023 3022 7687
f 3022 3021 7688
f 3021 454 3128
f 7688 3128 3127
f 3127 3126 7694
f 3126 469 3108
f 7694 3108 3109
f 7693 3109 3110
f 7692 3110 470
f 7689 7692 3135
f 3137 7686 7689
f 7696 7699 7698
f 7697 7700 7699
f 7698 7699 7702
f 7699 7700 7703
f 3002 7695 3140
f 3001 7696 7695
f 3000 7697 7696
f 447 3134 7697
f 3134 3133 7700
f 7700 3133 3132
f 7703 3132 462
f 7702 7703 3087
f 7701 7702 3088
f 3138 7701 3089
f 3139 7698 7701
f 7695 7698 3139
f 7704 7705 7708
f 7705 7706 7709
f 7708 7711 7710
f 7709 7712 7711
f 456 3026 7704
f 3026 3025 7705
f 3025 3024 7706
f 3024 455 3137
f 7706 3137 3136
f 3136 3135 7712
f 3135 470 3111
f 7712 3111 3112
f 7711 3112 3113
f 7710 3113 471
f 7707 7710 3141
f 3143 7704 7707
f 7714 7717 7716
f 7715 7718 7717
f 7716 7717 7720
f 7717 7718 7721
f 3005 7713 3146
f 3004 7714 7713
f 3003 7715 7714
f 448 3140 7715
f 3140 3139 7718
f 7718 3139 3138
f 7721 3138 463
f 7720 7721 3090
f 7719 7720 3091
f 3144 7719 3092
f 3145 7716 7719
f 7713 7716 3145
f 7722 7723 7726
f 7723 7724 7727
f 7726 7729 7728
f 7727 7730 7729
f 457 3029 7722
f 3029 3028 7723
f 3028 3027 7724
f 3027 456 3143
f 7724 3143 3142
f 3142 3141 7730
f 3141 471 3114
f 7730 3114 3115
f 7729 3115 3116
f 7728 3116 472
f 7725 7728 3147
f 3149 7722 7725
f 7732 7735 7734
f 7733 7736 7735
f 7734 7735 7738
f 7735 7736 7739
f 3008 7731 3152
f 3007 7732 7731
f 3006 7733 7732
f 449 3146 7733
f 3146 3145 7736
f 7736 3145 3144
f 7739 3144 464
f 7738 7739 3093
f 7737 7738 3094
f 3150 7737 3095
f 3151 7734 7737
f 7731 7734 3151
f 7741 7744 7743
f 7742 7745 7744
f 7743 7744 7747
f 7744 7745 7748
f 3032 7740 3155
f 3031 7741 7740
f 3030 7742 7741
f 457 3149 7742
f 3149 3148 7745
f 7745 3148 3147
f 7748 3147 472
f 7747 7748 3117
f 7746 7747 3118
f 3153 7746 3119
f 3154 7743 7746
f 7740 7743 3154
f 7750 7753 7752
f 7751 7754 7753
f 7752 7753 7756
f 7753 7754 7757
f 3011 7749 3158
f 3010 7750 7749
f 3009 7751 7750
f 450 3152 7751
f 3152 3151 7754
f 7754 3151 3150
f 7757 3150 465
f 7756 7757 3096
f 7755 7756 3097
f 3156 7755 3098
f 3157 7752 7755
f 3158 7749 7752
f 7759 7760 7758
f 7762 7758 7760
f 7763 7764 7758
f 444 3431 7759
f 3431 3430 7760
f 3161 7759 7764
f 3435 7761 3429
f 3436 7762 7761
f 7761 7760 3430
f 459 3159 7763
f 3159 3160 7764
f 3437 7763 7762
f 7767 7765 7771
f 7768 7769 7765
f 7770 7771 7765
f 3434 7766 3440
f 3433 7767 7766
f 7766 7771 3439
f 458 3155 7768
f 3155 3154 7769
f 3432 7768 7767
f 473 3438 7770
f 3438 3439 7771
f 3153 7770 7769
f 7772 7773 7776
f 7773 7774 7777
f 7776 7779 7778
f 7777 7780 7779
f 452 3014 7772
f 3014 3013 7773
f 3013 3012 7774
f 3012 451 3158
f 3158 3157 7777
f 3157 3156 7780
f 3156 466 3099
f 7780 3099 3100
f 7779 3100 3101
f 7778 3101 467
f 7775 7778 3162
f 3164 7772 7775
f 7781 7782 7785
f 7782 7783 7786
f 7785 7788 7787
f 7786 7789 7788
f 445 2993 7781
f 2993 2992 7782
f 2992 2991 7783
f 2991 444 3161
f 7783 3161 3160
f 3160 3159 7789
f 3159 459 3078
f 7789 3078 3079
f 7788 3079 3080
f 7787 3080 460
f 7784 7787 3125
f 3123 7781 7784
f 7790 7791 7794
f 7791 7792 7795
f 7794 7797 7796
f 7795 7798 7797
f 453 3017 7790
f 3017 3016 7791
f 3016 3015 7792
f 3015 452 3164
f 7792 3164 3163
f 3163 3162 7798
f 3162 467 3102
f 7798 3102 3103
f 7797 3103 3104
f 7796 3104 468
f 7793 7796 3131
f 3129 7790 7793
f 7800 7803 7802
f 7801 7804 7803
f 7802 7803 7806
f 7803 7804 7807
f 3095 7799 3443
f 3094 7800 7799
f 3093 7801 7800
f 464 3177 7801
f 3177 3178 7804
f 7804 3178 3179
f 7807 3179 477
f 7806 7807 3219
f 7805 7806 3220
f 3441 7805 3221
f 3442 7802 7805
f 7799 7802 3442
f 7809 7812 7811
f 7810 7813 7812
f 7811 7812 7815
f 7812 7813 7816
f 3119 7808 3182
f 3118 7809 7808
f 3117 7810 7809
f 472 3183 7810
f 3183 3184 7813
f 7813 3184 3185
f 7816 3185 481
f 7815 7816 3174
f 7814 7815 3175
f 3180 7814 3176
f 3181 7811 7814
f 7808 7811 3181
f 7818 7821 7820
f 7819 7822 7821
f 7820 7821 7824
f 7821 7822 7825
f 3098 7817 3446
f 3097 7818 7817
f 3096 7819 7818
f 465 3443 7819
f 3443 3442 7822
f 7822 3442 3441
f 7825 3441 3
f 7824 7825 483
f 7823 7824 484
f 3444 7823 485
f 3445 7820 7823
f 7817 7820 3445
f 7827 7828 7826
f 7830 7826 7828
f 7831 7832 7826
f 459 3437 7827
f 3437 3436 7828
f 3188 7827 7832
f 3204 7829 3435
f 3205 7830 7829
f 7829 7828 3436
f 474 3186 7831
f 3186 3187 7832
f 3206 7831 7830
f 7835 7833 7839
f 7836 7837 7833
f 7838 7839 7833
f 3440 7834 3233
f 3439 7835 7834
f 7834 7839 3232
f 473 3182 7836
f 3182 3181 7837
f 3438 7836 7835
f 482 3231 7838
f 3231 3232 7839
f 3180 7838 7837
f 7840 7841 7844
f 7841 7842 7845
f 7844 7847 7846
f 7845 7848 7847
f 467 3101 7840
f 3101 3100 7841
f 3100 3099 7842
f 3099 466 3446
f 7842 3446 3445
f 3445 3444 7848
f 3444 4 486
f 7848 486 487
f 7847 487 488
f 7846 488 5
f 7843 7846 3447
f 3449 7840 7843
f 7849 7850 7853
f 7850 7851 7854
f 7853 7856 7855
f 7854 7857 7856
f 460 3080 7849
f 3080 3079 7850
f 3079 3078 7851
f 3078 459 3188
f 7851 3188 3187
f 3187 3186 7857
f 3186 474 3165
f 7857 3165 3166
f 7856 3166 3167
f 7855 3167 475
f 7852 7855 3189
f 3191 7849 7852
f 7858 7859 7862
f 7859 7860 7863
f 7862 7865 7864
f 7863 7866 7865
f 468 3104 7858
f 3104 3103 7859
f 3103 3102 7860
f 3102 467 3449
f 7860 3449 3448
f 3448 3447 7866
f 3447 5 3222
f 7866 3222 3223
f 7865 3223 3224
f 7864 3224 478
f 7861 7864 3192
f 3194 7858 7861
f 7868 7871 7870
f 7869 7872 7871
f 7870 7871 7874
f 7871 7872 7875
f 3083 7867 3452
f 3082 7868 7867
f 3081 7869 7868
f 460 3191 7869
f 3191 3190 7872
f 7872 3190 3189
f 7875 3189 475
f 7874 7875 3207
f 7873 7874 3208
f 3450 7873 3209
f 3451 7870 7873
f 7867 7870 3451
f 7876 7877 7880
f 7877 7878 7881
f 7880 7883 7882
f 7881 7884 7883
f 469 3107 7876
f 3107 3106 7877
f 3106 3105 7878
f 3105 468 3194
f 7878 3194 3193
f 3193 3192 7884
f 3192 478 3225
f 7884 3225 3226
f 7883 3226 3227
f 7882 3227 6
f 7879 7882 3453
f 3455 7876 7879
f 7886 7889 7888
f 7887 7890 7889
f 7888 7889 7892
f 7889 7890 7893
f 3086 7885 3197
f 3085 7886 7885
f 3084 7887 7886
f 461 3452 7887
f 3452 3451 7890
f 7890 3451 3450
f 7893 3450 1
f 7892 7893 3210
f 7891 7892 3211
f 3195 7891 3212
f 3196 7888 7891
f 7885 7888 3196
f 7894 7895 7898
f 7895 7896 7899
f 7898 7901 7900
f 7899 7902 7901
f 470 3110 7894
f 3110 3109 7895
f 3109 3108 7896
f 3108 469 3455
f 7896 3455 3454
f 3454 3453 7902
f 3453 6 3228
f 7902 3228 3229
f 7901 3229 3230
f 7900 3230 479
f 7897 7900 3198
f 3200 7894 7897
f 7904 7907 7906
f 7905 7908 7907
f 7906 7907 7910
f 7907 7908 7911
f 3089 7903 3458
f 3088 7904 7903
f 3087 7905 7904
f 462 3197 7905
f 3197 3196 7908
f 7908 3196 3195
f 7911 3195 476
f 7910 7911 3213
f 7909 7910 3214
f 3456 7909 3215
f 3457 7906 7909
f 7903 7906 3457
f 7912 7913 7916
f 7913 7914 7917
f 7916 7919 7918
f 7917 7920 7919
f 471 3113 7912
f 3113 3112 7913
f 3112 3111 7914
f 3111 470 3200
f 7914 3200 3199
f 3199 3198 7920
f 3198 479 3168
f 7920 3168 3169
f 7919 3169 3170
f 7918 3170 480
f 7915 7918 3201
f 3203 7912 7915
f 7922 7925 7924
f 7923 7926 7925
f 7924 7925 7928
f 7925 7926 7929
f 3092 7921 3177
f 3091 7922 7921
f 3090 7923 7922
f 463 3458 7923
f 3458 3457 7926
f 7926 3457 3456
f 7929 3456 2
f 7928 7929 3216
f 7927 7928 3217
f 3179 7927 3218
f 3178 7924 7927
f 7921 7924 3178
f 7930 7931 7934
f 7931 7932 7935
f 7934 7937 7936
f 7935 7938 7937
f 472 3116 7930
f 3116 3115 7931
f 3115 3114 7932
f 3114 471 3203
f 7932 3203 3202
f 3202 3201 7938
f 3201 480 3171
f 7938 3171 3172
f 7937 3172 3173
f 7936 3173 481
f 7933 7936 3185
f 3183 7930 7933
